Workbook

Sheet monthly_work_hours
A1: 사번 | B1: 성명 | C1: 소속팀 | D1: 신본부 | E1: 신조직 | F1: 직위 | G1: 년 | H1: 월 | I1: 근무일수 | J1: 총근무시간_분 | K1: 초과근무시간_분 | L1: 주말근무일수 | M1: 총근무시간 | N1: 초과근무시간 | O1: 일평균근무시간 | P1: 예상정규근무시간 | Q1: 근무시간차이
A2: 1199158 | B2: 윤상규 | C2: SL생산기술팀 (R&A) | D2: #N/A | E2: #N/A | F2: 기능주임 | G2: 2025 | H2: 6 | I2: 30 | J2: 8053 | K2: 0 | L2: 9 | M2: 134.2 | N2: 0 | O2: 4.5 | P2: 168 | Q2: -33.8
A3: 1199158 | B3: 윤상규 | C3: SL생산기술팀 (R&A) | D3: #N/A | E3: #N/A | F3: 기능주임 | G3: 2025 | H3: 7 | I3: 31 | J3: 7095 | K3: 0 | L3: 8 | M3: 118.2 | N3: 0 | O3: 3.8 | P3: 184 | Q3: -65.8
A4: 1199158 | B4: 윤상규 | C4: SL생산기술팀 (R&A) | D4: #N/A | E4: #N/A | F4: 기능주임 | G4: 2025 | H4: 8 | I4: 22 | J4: 4949 | K4: 0 | L4: 5 | M4: 82.5 | N4: 0 | O4: 3.8 | P4: 136 | Q4: -53.5
A5: 1202155 | B5: 추상민 | C5: SL운영팀 (R&A) | D5: SL사업본부 | E5: SL구매팀 | F5: 책임 | G5: 2025 | H5: 6 | I5: 1 | J5: 207 | K5: 0 | L5: 0 | M5: 3.4 | N5: 0 | O5: 3.4 | P5: 8 | Q5: -4.6
A6: 1202183 | B6: 안준철 | C6: HR팀 (R&A) | D6: HR/안전담당 | E6: HR/안전담당 | F6: 책임 | G6: 2025 | H6: 6 | I6: 20 | J6: 10677 | K6: 0 | L6: 1 | M6: 178 | N6: 0 | O6: 8.9 | P6: 152 | Q6: 26
A7: 1202183 | B7: 안준철 | C7: HR팀 (R&A) | D7: HR/안전담당 | E7: HR/안전담당 | F7: 책임 | G7: 2025 | H7: 7 | I7: 20 | J7: 10409 | K7: 0 | L7: 0 | M7: 173.5 | N7: 0 | O7: 8.7 | P7: 160 | Q7: 13.5
A8: 1202183 | B8: 안준철 | C8: HR팀 (R&A) | D8: HR/안전담당 | E8: HR/안전담당 | F8: 책임 | G8: 2025 | H8: 8 | I8: 17 | J8: 8607 | K8: 0 | L8: 1 | M8: 143.4 | N8: 0 | O8: 8.4 | P8: 128 | Q8: 15.400000000000006
A9: 1203036 | B9: 이범철 | C9: SL생산기술팀 (R&A) | D9: 기술연구본부 | E9: SL생산기술팀 | F9: 책임 | G9: 2025 | H9: 6 | I9: 18 | J9: 9663 | K9: 0 | L9: 0 | M9: 161 | N9: 0 | O9: 8.9 | P9: 144 | Q9: 17
A10: 1203036 | B10: 이범철 | C10: SL생산기술팀 (R&A) | D10: 기술연구본부 | E10: SL생산기술팀 | F10: 책임 | G10: 2025 | H10: 7 | I10: 19 | J10: 10298 | K10: 0 | L10: 0 | M10: 171.6 | N10: 0 | O10: 9 | P10: 152 | Q10: 19.599999999999994
A11: 1203036 | B11: 이범철 | C11: SL생산기술팀 (R&A) | D11: 기술연구본부 | E11: SL생산기술팀 | F11: 책임 | G11: 2025 | H11: 8 | I11: 14 | J11: 7532 | K11: 0 | L11: 0 | M11: 125.5 | N11: 0 | O11: 9 | P11: 112 | Q11: 13.5
A12: 1203052 | B12: 제용화 | C12: 구매원가팀 (R&A) | D12: 저압사업단 | E12: 구매원가팀 | F12: 책임 | G12: 2025 | H12: 6 | I12: 17 | J12: 10472 | K12: 1160 | L12: 0 | M12: 174.5 | N12: 19.3 | O12: 10.3 | P12: 136 | Q12: 38.5
A13: 1203052 | B13: 제용화 | C13: 구매원가팀 (R&A) | D13: 저압사업단 | E13: 구매원가팀 | F13: 책임 | G13: 2025 | H13: 7 | I13: 19 | J13: 11600 | K13: 1221 | L13: 0 | M13: 193.3 | N13: 20.4 | O13: 10.2 | P13: 152 | Q13: 41.30000000000001
A14: 1203052 | B14: 제용화 | C14: 구매원가팀 (R&A) | D14: 저압사업단 | E14: 구매원가팀 | F14: 책임 | G14: 2025 | H14: 8 | I14: 16 | J14: 10220 | K14: 1240 | L14: 0 | M14: 170.3 | N14: 20.7 | O14: 10.6 | P14: 128 | Q14: 42.30000000000001
A15: 1203053 | B15: 문은진 | C15: SCM팀 (R&A) | D15: SCM담당 | E15: SCM팀 | F15: 책임 | G15: 2025 | H15: 6 | I15: 17 | J15: 10225 | K15: 753 | L15: 0 | M15: 170.4 | N15: 12.6 | O15: 10 | P15: 136 | Q15: 34.400000000000006
A16: 1203053 | B16: 문은진 | C16: SCM팀 (R&A) | D16: SCM담당 | E16: SCM팀 | F16: 책임 | G16: 2025 | H16: 7 | I16: 18 | J16: 9923 | K16: 191 | L16: 0 | M16: 165.4 | N16: 3.2 | O16: 9.2 | P16: 144 | Q16: 21.400000000000006
A17: 1203053 | B17: 문은진 | C17: SCM팀 (R&A) | D17: SCM담당 | E17: SCM팀 | F17: 책임 | G17: 2025 | H17: 8 | I17: 16 | J17: 8418 | K17: 124 | L17: 0 | M17: 140.3 | N17: 2.1 | O17: 8.8 | P17: 128 | Q17: 12.300000000000011
A18: 1204003 | B18: 정용규 | C18: SL생산기술팀 (R&A) | D18: 기술연구본부 | E18: SL생산기술팀 | F18: 책임 | G18: 2025 | H18: 6 | I18: 17 | J18: 8872 | K18: 0 | L18: 0 | M18: 147.9 | N18: 0 | O18: 8.7 | P18: 136 | Q18: 11.900000000000006
A19: 1204003 | B19: 정용규 | C19: SL생산기술팀 (R&A) | D19: 기술연구본부 | E19: SL생산기술팀 | F19: 책임 | G19: 2025 | H19: 7 | I19: 19 | J19: 11481 | K19: 0 | L19: 0 | M19: 191.4 | N19: 0 | O19: 10.1 | P19: 152 | Q19: 39.400000000000006
A20: 1204003 | B20: 정용규 | C20: SL생산기술팀 (R&A) | D20: 기술연구본부 | E20: SL생산기술팀 | F20: 책임 | G20: 2025 | H20: 8 | I20: 16 | J20: 8970 | K20: 0 | L20: 0 | M20: 149.5 | N20: 0 | O20: 9.3 | P20: 128 | Q20: 21.5
A21: 1204063 | B21: 김주호 | C21: SL품질보증팀 (R&A) | D21: SL사업본부 | E21: SL품질보증팀 | F21: 책임 | G21: 2025 | H21: 6 | I21: 2 | J21: 417 | K21: 0 | L21: 0 | M21: 7 | N21: 0 | O21: 3.5 | P21: 16 | Q21: -9
A22: 1204063 | B22: 김주호 | C22: SL품질보증팀 (R&A) | D22: SL사업본부 | E22: SL품질보증팀 | F22: 책임 | G22: 2025 | H22: 7 | I22: 4 | J22: 27 | K22: 0 | L22: 0 | M22: 0.4 | N22: 0 | O22: 0.1 | P22: 32 | Q22: -31.6
A23: 1204063 | B23: 김주호 | C23: SL품질보증팀 (R&A) | D23: SL사업본부 | E23: SL품질보증팀 | F23: 책임 | G23: 2025 | H23: 8 | I23: 4 | J23: 1365 | K23: 0 | L23: 0 | M23: 22.8 | N23: 0 | O23: 5.7 | P23: 32 | Q23: -9.2
A24: 1204106 | B24: 김영준 | C24: 열관리설계팀 (R&A) | D24: 기술연구본부 | E24: 선행개발실 | F24: 책임 | G24: 2025 | H24: 6 | I24: 19 | J24: 13135 | K24: 0 | L24: 5 | M24: 218.9 | N24: 0 | O24: 11.5 | P24: 112 | Q24: 106.9
A25: 1204106 | B25: 김영준 | C25: 열관리설계팀 (R&A) | D25: 기술연구본부 | E25: 선행개발실 | F25: 책임 | G25: 2025 | H25: 7 | I25: 19 | J25: 9604 | K25: 0 | L25: 3 | M25: 160.1 | N25: 0 | O25: 8.4 | P25: 128 | Q25: 32.099999999999994
A26: 1204106 | B26: 김영준 | C26: 열관리설계팀 (R&A) | D26: 기술연구본부 | E26: 선행개발실 | F26: 책임 | G26: 2025 | H26: 8 | I26: 16 | J26: 7980 | K26: 0 | L26: 1 | M26: 133 | N26: 0 | O26: 8.3 | P26: 120 | Q26: 13
A27: 1204115 | B27: 이용재 | C27: FL생산기술팀 (R&A) | D27: 기술연구본부 | E27: FL생산기술팀 | F27: 책임 | G27: 2025 | H27: 6 | I27: 18 | J27: 10328 | K27: 0 | L27: 0 | M27: 172.1 | N27: 0 | O27: 9.6 | P27: 144 | Q27: 28.099999999999994
A28: 1204115 | B28: 이용재 | C28: FL생산기술팀 (R&A) | D28: 기술연구본부 | E28: FL생산기술팀 | F28: 책임 | G28: 2025 | H28: 7 | I28: 18 | J28: 10438 | K28: 0 | L28: 0 | M28: 174 | N28: 0 | O28: 9.7 | P28: 144 | Q28: 30
A29: 1204115 | B29: 이용재 | C29: FL생산기술팀 (R&A) | D29: 기술연구본부 | E29: FL생산기술팀 | F29: 책임 | G29: 2025 | H29: 8 | I29: 16 | J29: 8796 | K29: 0 | L29: 0 | M29: 146.6 | N29: 0 | O29: 9.2 | P29: 128 | Q29: 18.599999999999994
A30: 1205081 | B30: 이호진 | C30: SCM팀 (R&A) | D30: #N/A | E30: #N/A | F30: 기능주임 | G30: 2025 | H30: 7 | I30: 1 | J30: 0 | K30: 0 | L30: 0 | M30: 0 | N30: 0 | O30: 0 | P30: 8 | Q30: -8
A31: 1205094 | B31: 강동현 | C31: FL개발팀 (R&A) | D31: FL사업지원담당 | E31: FL개발팀 | F31: 책임 | G31: 2025 | H31: 6 | I31: 24 | J31: 17014 | K31: 507 | L31: 5 | M31: 283.6 | N31: 8.4 | O31: 11.8 | P31: 152 | Q31: 131.60000000000002
A32: 1205094 | B32: 강동현 | C32: FL개발팀 (R&A) | D32: FL사업지원담당 | E32: FL개발팀 | F32: 책임 | G32: 2025 | H32: 7 | I32: 16 | J32: 9952 | K32: 809 | L32: 0 | M32: 165.9 | N32: 13.5 | O32: 10.4 | P32: 128 | Q32: 37.900000000000006
A33: 1205094 | B33: 강동현 | C33: FL개발팀 (R&A) | D33: FL사업지원담당 | E33: FL개발팀 | F33: 책임 | G33: 2025 | H33: 8 | I33: 16 | J33: 9109 | K33: 300 | L33: 0 | M33: 151.8 | N33: 5 | O33: 9.5 | P33: 128 | Q33: 23.80000000000001
A34: 1205105 | B34: 엄중호 | C34: SL품질보증팀 (R&A) | D34: #N/A | E34: #N/A | F34: 기능주임 | G34: 2025 | H34: 6 | I34: 20 | J34: 6216 | K34: 0 | L34: 0 | M34: 103.6 | N34: 0 | O34: 5.2 | P34: 160 | Q34: -56.4
A35: 1205105 | B35: 엄중호 | C35: SL품질보증팀 (R&A) | D35: #N/A | E35: #N/A | F35: 기능주임 | G35: 2025 | H35: 7 | I35: 20 | J35: 5741 | K35: 0 | L35: 1 | M35: 95.7 | N35: 0 | O35: 4.8 | P35: 152 | Q35: -56.3
A36: 1205105 | B36: 엄중호 | C36: SL품질보증팀 (R&A) | D36: #N/A | E36: #N/A | F36: 기능주임 | G36: 2025 | H36: 8 | I36: 19 | J36: 5870 | K36: 0 | L36: 2 | M36: 97.8 | N36: 0 | O36: 5.1 | P36: 136 | Q36: -38.2
A37: 1205115 | B37: 김욱진 | C37: SL생산기술팀 (R&A) | D37: 기술연구본부 | E37: SL생산기술팀 | F37: 책임 | G37: 2025 | H37: 6 | I37: 17 | J37: 9894 | K37: 0 | L37: 0 | M37: 164.9 | N37: 0 | O37: 9.7 | P37: 136 | Q37: 28.900000000000006
A38: 1205115 | B38: 김욱진 | C38: SL생산기술팀 (R&A) | D38: 기술연구본부 | E38: SL생산기술팀 | F38: 책임 | G38: 2025 | H38: 7 | I38: 17 | J38: 9977 | K38: 0 | L38: 0 | M38: 166.3 | N38: 0 | O38: 9.8 | P38: 136 | Q38: 30.30000000000001
A39: 1205115 | B39: 김욱진 | C39: SL생산기술팀 (R&A) | D39: 기술연구본부 | E39: SL생산기술팀 | F39: 책임 | G39: 2025 | H39: 8 | I39: 13 | J39: 7204 | K39: 0 | L39: 0 | M39: 120.1 | N39: 0 | O39: 9.2 | P39: 104 | Q39: 16.099999999999994
A40: 1206003 | B40: 김동건 | C40: FL개발팀 (R&A) | D40: FL사업지원담당 | E40: FL개발팀 | F40: 책임 | G40: 2025 | H40: 6 | I40: 21 | J40: 12328 | K40: 1716 | L40: 3 | M40: 205.5 | N40: 28.6 | O40: 9.8 | P40: 144 | Q40: 61.5
A41: 1206003 | B41: 김동건 | C41: FL개발팀 (R&A) | D41: FL사업지원담당 | E41: FL개발팀 | F41: 책임 | G41: 2025 | H41: 7 | I41: 19 | J41: 11888 | K41: 1110 | L41: 0 | M41: 198.1 | N41: 18.5 | O41: 10.4 | P41: 152 | Q41: 46.099999999999994
A42: 1206003 | B42: 김동건 | C42: FL개발팀 (R&A) | D42: FL사업지원담당 | E42: FL개발팀 | F42: 책임 | G42: 2025 | H42: 8 | I42: 16 | J42: 9477 | K42: 810 | L42: 0 | M42: 158 | N42: 13.5 | O42: 9.9 | P42: 128 | Q42: 30
A43: 1207010 | B43: 박승규 | C43: SL구매팀 (R&A) | D43: SL사업본부 | E43: SL구매팀 | F43: 책임 | G43: 2025 | H43: 6 | I43: 16 | J43: 9549 | K43: 0 | L43: 0 | M43: 159.2 | N43: 0 | O43: 10 | P43: 128 | Q43: 31.19999999999999
A44: 1207010 | B44: 박승규 | C44: SL구매팀 (R&A) | D44: SL사업본부 | E44: SL구매팀 | F44: 책임 | G44: 2025 | H44: 7 | I44: 18 | J44: 10128 | K44: 0 | L44: 0 | M44: 168.8 | N44: 0 | O44: 9.4 | P44: 144 | Q44: 24.80000000000001
A45: 1207010 | B45: 박승규 | C45: SL구매팀 (R&A) | D45: SL사업본부 | E45: SL구매팀 | F45: 책임 | G45: 2025 | H45: 8 | I45: 15 | J45: 8363 | K45: 0 | L45: 0 | M45: 139.4 | N45: 0 | O45: 9.3 | P45: 120 | Q45: 19.400000000000006
A46: 1207036 | B46: 우승윤 | C46: SL운영팀 (R&A) | D46: 기술연구본부 | E46: 선행개발팀 | F46: 책임 | G46: 2025 | H46: 6 | I46: 17 | J46: 9164 | K46: 0 | L46: 1 | M46: 152.7 | N46: 0 | O46: 9 | P46: 128 | Q46: 24.69999999999999
A47: 1207036 | B47: 우승윤 | C47: SL운영팀 (R&A) | D47: 기술연구본부 | E47: 선행개발팀 | F47: 책임 | G47: 2025 | H47: 7 | I47: 18 | J47: 8556 | K47: 0 | L47: 0 | M47: 142.6 | N47: 0 | O47: 7.9 | P47: 144 | Q47: -1.4
A48: 1207036 | B48: 우승윤 | C48: SL운영팀 (R&A) | D48: 기술연구본부 | E48: 선행개발팀 | F48: 책임 | G48: 2025 | H48: 8 | I48: 13 | J48: 6203 | K48: 0 | L48: 0 | M48: 103.4 | N48: 0 | O48: 8 | P48: 104 | Q48: -0.6
A49: 1207078 | B49: 이경우 | C49: 구매원가팀 (R&A) | D49: 저압사업단 | E49: 구매원가팀 | F49: 책임 | G49: 2025 | H49: 6 | I49: 18 | J49: 11241 | K49: 1032 | L49: 0 | M49: 187.4 | N49: 17.2 | O49: 10.4 | P49: 144 | Q49: 43.400000000000006
A50: 1207078 | B50: 이경우 | C50: 구매원가팀 (R&A) | D50: 저압사업단 | E50: 구매원가팀 | F50: 책임 | G50: 2025 | H50: 7 | I50: 19 | J50: 11263 | K50: 509 | L50: 0 | M50: 187.7 | N50: 8.5 | O50: 9.9 | P50: 152 | Q50: 35.69999999999999
A51: 1207078 | B51: 이경우 | C51: 구매원가팀 (R&A) | D51: 저압사업단 | E51: 구매원가팀 | F51: 책임 | G51: 2025 | H51: 8 | I51: 16 | J51: 9636 | K51: 567 | L51: 0 | M51: 160.6 | N51: 9.4 | O51: 10 | P51: 128 | Q51: 32.599999999999994
A52: 1207092 | B52: 이재식 | C52: SCM팀 (R&A) | D52: SCM담당 | E52: SCM팀 | F52: 책임 | G52: 2025 | H52: 6 | I52: 18 | J52: 11998 | K52: 1125 | L52: 0 | M52: 200 | N52: 18.8 | O52: 11.1 | P52: 144 | Q52: 56
A53: 1207092 | B53: 이재식 | C53: SCM팀 (R&A) | D53: SCM담당 | E53: SCM팀 | F53: 책임 | G53: 2025 | H53: 7 | I53: 18 | J53: 11389 | K53: 620 | L53: 0 | M53: 189.8 | N53: 10.3 | O53: 10.5 | P53: 144 | Q53: 45.80000000000001
A54: 1207092 | B54: 이재식 | C54: SCM팀 (R&A) | D54: SCM담당 | E54: SCM팀 | F54: 책임 | G54: 2025 | H54: 8 | I54: 15 | J54: 9030 | K54: 478 | L54: 0 | M54: 150.5 | N54: 8 | O54: 10 | P54: 120 | Q54: 30.5
A55: 1208016 | B55: 황권식 | C55: 열관리설계팀 (R&A) | D55: 기술연구본부 | E55: FL설계팀 | F55: 책임 | G55: 2025 | H55: 7 | I55: 17 | J55: 8798 | K55: 604 | L55: 1 | M55: 146.6 | N55: 10.1 | O55: 8.6 | P55: 128 | Q55: 18.599999999999994
A56: 1208016 | B56: 황권식 | C56: 열관리설계팀 (R&A) | D56: 기술연구본부 | E56: FL설계팀 | F56: 책임 | G56: 2025 | H56: 8 | I56: 14 | J56: 8437 | K56: 159 | L56: 0 | M56: 140.6 | N56: 2.6 | O56: 10 | P56: 112 | Q56: 28.599999999999994
A57: 1208044 | B57: 박종철 | C57: 품질경영팀 (R&A) | D57: SCM담당 | E57: 품질경영팀 | F57: 책임 | G57: 2025 | H57: 6 | I57: 20 | J57: 10275 | K57: 0 | L57: 0 | M57: 171.2 | N57: 0 | O57: 8.6 | P57: 160 | Q57: 11.199999999999989
A58: 1208044 | B58: 박종철 | C58: 품질경영팀 (R&A) | D58: SCM담당 | E58: 품질경영팀 | F58: 책임 | G58: 2025 | H58: 7 | I58: 19 | J58: 10349 | K58: 0 | L58: 0 | M58: 172.5 | N58: 0 | O58: 9.1 | P58: 152 | Q58: 20.5
A59: 1208044 | B59: 박종철 | C59: 품질경영팀 (R&A) | D59: SCM담당 | E59: 품질경영팀 | F59: 책임 | G59: 2025 | H59: 8 | I59: 15 | J59: 7875 | K59: 0 | L59: 0 | M59: 131.2 | N59: 0 | O59: 8.7 | P59: 120 | Q59: 11.199999999999989
A60: 1208052 | B60: 양영주 | C60: B/H사업팀 (R&A) | D60: B/H사업단 | E60: B/H사업팀 | F60: 책임 | G60: 2025 | H60: 6 | I60: 14 | J60: 8073 | K60: 0 | L60: 0 | M60: 134.6 | N60: 0 | O60: 9.6 | P60: 112 | Q60: 22.599999999999994
A61: 1208052 | B61: 양영주 | C61: B/H사업팀 (R&A) | D61: B/H사업단 | E61: B/H사업팀 | F61: 책임 | G61: 2025 | H61: 7 | I61: 19 | J61: 10296 | K61: 0 | L61: 0 | M61: 171.6 | N61: 0 | O61: 9 | P61: 152 | Q61: 19.599999999999994
A62: 1208052 | B62: 양영주 | C62: B/H사업팀 (R&A) | D62: B/H사업단 | E62: B/H사업팀 | F62: 책임 | G62: 2025 | H62: 8 | I62: 16 | J62: 8811 | K62: 0 | L62: 0 | M62: 146.8 | N62: 0 | O62: 9.2 | P62: 128 | Q62: 18.80000000000001
A63: 1208073 | B63: 장길수 | C63: 관체사업팀 (R&A) | D63: 관체사업단 | E63: 관체사업팀 | F63: 책임 | G63: 2025 | H63: 6 | I63: 18 | J63: 11277 | K63: 125 | L63: 0 | M63: 188 | N63: 2.1 | O63: 10.4 | P63: 144 | Q63: 44
A64: 1208073 | B64: 장길수 | C64: 관체사업팀 (R&A) | D64: 관체사업단 | E64: 관체사업팀 | F64: 책임 | G64: 2025 | H64: 7 | I64: 17 | J64: 10467 | K64: 384 | L64: 0 | M64: 174.4 | N64: 6.4 | O64: 10.3 | P64: 136 | Q64: 38.400000000000006
A65: 1208073 | B65: 장길수 | C65: 관체사업팀 (R&A) | D65: 관체사업단 | E65: 관체사업팀 | F65: 책임 | G65: 2025 | H65: 8 | I65: 15 | J65: 8255 | K65: 237 | L65: 0 | M65: 137.6 | N65: 4 | O65: 9.2 | P65: 120 | Q65: 17.599999999999994
A66: 1208077 | B66: 이동구 | C66: 열관리사업팀 (R&A) | D66: 열관리사업단 | E66: 열관리사업팀 | F66: 책임 | G66: 2025 | H66: 6 | I66: 15 | J66: 8887 | K66: 329 | L66: 0 | M66: 148.1 | N66: 5.5 | O66: 9.9 | P66: 120 | Q66: 28.099999999999994
A67: 1208077 | B67: 이동구 | C67: 열관리사업팀 (R&A) | D67: 열관리사업단 | E67: 열관리사업팀 | F67: 책임 | G67: 2025 | H67: 7 | I67: 19 | J67: 11977 | K67: 0 | L67: 1 | M67: 199.6 | N67: 0 | O67: 10.5 | P67: 144 | Q67: 55.599999999999994
A68: 1208077 | B68: 이동구 | C68: 열관리사업팀 (R&A) | D68: 열관리사업단 | E68: 열관리사업팀 | F68: 책임 | G68: 2025 | H68: 8 | I68: 16 | J68: 8042 | K68: 0 | L68: 0 | M68: 134 | N68: 0 | O68: 8.4 | P68: 128 | Q68: 6
A69: 1209035 | B69: 김석수 | C69: FL개발팀 (R&A) | D69: #N/A | E69: #N/A | F69: 기능대리 | G69: 2025 | H69: 6 | I69: 19 | J69: 11866 | K69: 0 | L69: 1 | M69: 197.8 | N69: 0 | O69: 10.4 | P69: 144 | Q69: 53.80000000000001
A70: 1209035 | B70: 김석수 | C70: FL개발팀 (R&A) | D70: #N/A | E70: #N/A | F70: 기능대리 | G70: 2025 | H70: 7 | I70: 19 | J70: 15021 | K70: 0 | L70: 2 | M70: 250.4 | N70: 0 | O70: 13.2 | P70: 136 | Q70: 114.4
A71: 1209035 | B71: 김석수 | C71: FL개발팀 (R&A) | D71: #N/A | E71: #N/A | F71: 기능대리 | G71: 2025 | H71: 8 | I71: 13 | J71: 3516 | K71: 0 | L71: 0 | M71: 58.6 | N71: 0 | O71: 4.5 | P71: 104 | Q71: -45.4
A72: 1209039 | B72: 정용선 | C72: SL상생협력팀 (R&A) | D72: #N/A | E72: #N/A | F72: 기능과장 | G72: 2025 | H72: 6 | I72: 3 | J72: 46 | K72: 0 | L72: 0 | M72: 0.8 | N72: 0 | O72: 0.3 | P72: 24 | Q72: -23.2
A73: 1209046 | B73: 장성욱 | C73: FL영업팀 (R&A) | D73: FL사업지원담당 | E73: FL영업팀 | F73: 책임 | G73: 2025 | H73: 6 | I73: 18 | J73: 11711 | K73: 1972 | L73: 0 | M73: 195.2 | N73: 32.9 | O73: 10.8 | P73: 144 | Q73: 51.19999999999999
A74: 1209046 | B74: 장성욱 | C74: FL영업팀 (R&A) | D74: FL사업지원담당 | E74: FL영업팀 | F74: 책임 | G74: 2025 | H74: 7 | I74: 18 | J74: 12060 | K74: 1807 | L74: 0 | M74: 201 | N74: 30.1 | O74: 11.2 | P74: 144 | Q74: 57
A75: 1209046 | B75: 장성욱 | C75: FL영업팀 (R&A) | D75: FL사업지원담당 | E75: FL영업팀 | F75: 책임 | G75: 2025 | H75: 8 | I75: 15 | J75: 9459 | K75: 1034 | L75: 1 | M75: 157.6 | N75: 17.2 | O75: 10.5 | P75: 112 | Q75: 45.599999999999994
A76: 1209058 | B76: 도윤희 | C76: 관체사업팀 (R&A) | D76: 관체사업단 | E76: 관체사업팀 | F76: 책임 | G76: 2025 | H76: 6 | I76: 19 | J76: 11286 | K76: 0 | L76: 0 | M76: 188.1 | N76: 0 | O76: 9.9 | P76: 152 | Q76: 36.099999999999994
A77: 1209058 | B77: 도윤희 | C77: 관체사업팀 (R&A) | D77: 관체사업단 | E77: 관체사업팀 | F77: 책임 | G77: 2025 | H77: 7 | I77: 19 | J77: 12056 | K77: 0 | L77: 0 | M77: 200.9 | N77: 0 | O77: 10.6 | P77: 152 | Q77: 48.900000000000006
A78: 1209058 | B78: 도윤희 | C78: 관체사업팀 (R&A) | D78: 관체사업단 | E78: 관체사업팀 | F78: 책임 | G78: 2025 | H78: 8 | I78: 16 | J78: 8638 | K78: 0 | L78: 0 | M78: 144 | N78: 0 | O78: 9 | P78: 128 | Q78: 16
A79: 1209074 | B79: 김주진 | C79: FL사업지원실 (R&A) | D79: FL사업지원담당 | E79: FL사업지원담당 | F79: 책임 | G79: 2025 | H79: 6 | I79: 18 | J79: 10567 | K79: 0 | L79: 0 | M79: 176.1 | N79: 0 | O79: 9.8 | P79: 144 | Q79: 32.099999999999994
A80: 1209074 | B80: 김주진 | C80: FL사업지원실 (R&A) | D80: FL사업지원담당 | E80: FL사업지원담당 | F80: 책임 | G80: 2025 | H80: 7 | I80: 19 | J80: 10668 | K80: 0 | L80: 0 | M80: 177.8 | N80: 0 | O80: 9.4 | P80: 152 | Q80: 25.80000000000001
A81: 1209074 | B81: 김주진 | C81: FL사업지원실 (R&A) | D81: FL사업지원담당 | E81: FL사업지원담당 | F81: 책임 | G81: 2025 | H81: 8 | I81: 16 | J81: 8726 | K81: 0 | L81: 0 | M81: 145.4 | N81: 0 | O81: 9.1 | P81: 128 | Q81: 17.400000000000006
A82: 1209084 | B82: 박정현 | C82: FL영업팀 (R&A) | D82: FL사업지원담당 | E82: FL영업팀 | F82: 책임 | G82: 2025 | H82: 6 | I82: 15 | J82: 10321 | K82: 1247 | L82: 0 | M82: 172 | N82: 20.8 | O82: 11.5 | P82: 120 | Q82: 52
A83: 1209084 | B83: 박정현 | C83: FL영업팀 (R&A) | D83: FL사업지원담당 | E83: FL영업팀 | F83: 책임 | G83: 2025 | H83: 7 | I83: 17 | J83: 11109 | K83: 1597 | L83: 0 | M83: 185.2 | N83: 26.6 | O83: 10.9 | P83: 136 | Q83: 49.19999999999999
A84: 1209084 | B84: 박정현 | C84: FL영업팀 (R&A) | D84: FL사업지원담당 | E84: FL영업팀 | F84: 책임 | G84: 2025 | H84: 8 | I84: 15 | J84: 10154 | K84: 1289 | L84: 0 | M84: 169.2 | N84: 21.5 | O84: 11.3 | P84: 120 | Q84: 49.19999999999999
A85: 1210014 | B85: 이장희 | C85: SL구매팀 (R&A) | D85: SL사업본부 | E85: SL구매팀 | F85: 책임 | G85: 2025 | H85: 6 | I85: 18 | J85: 11503 | K85: 879 | L85: 0 | M85: 191.7 | N85: 14.6 | O85: 10.6 | P85: 144 | Q85: 47.69999999999999
A86: 1210014 | B86: 이장희 | C86: SL구매팀 (R&A) | D86: SL사업본부 | E86: SL구매팀 | F86: 책임 | G86: 2025 | H86: 7 | I86: 18 | J86: 11328 | K86: 603 | L86: 0 | M86: 188.8 | N86: 10 | O86: 10.5 | P86: 144 | Q86: 44.80000000000001
A87: 1210014 | B87: 이장희 | C87: SL구매팀 (R&A) | D87: SL사업본부 | E87: SL구매팀 | F87: 책임 | G87: 2025 | H87: 8 | I87: 16 | J87: 10338 | K87: 1256 | L87: 0 | M87: 172.3 | N87: 20.9 | O87: 10.8 | P87: 128 | Q87: 44.30000000000001
A88: 1210019 | B88: 심재덕 | C88: 상생협력팀 (R&A) | D88: 저압사업단 | E88: 상생협력팀 | F88: 책임 | G88: 2025 | H88: 6 | I88: 18 | J88: 11682 | K88: 1687 | L88: 0 | M88: 194.7 | N88: 28.1 | O88: 10.8 | P88: 144 | Q88: 50.69999999999999
A89: 1210019 | B89: 심재덕 | C89: 상생협력팀 (R&A) | D89: 저압사업단 | E89: 상생협력팀 | F89: 책임 | G89: 2025 | H89: 7 | I89: 19 | J89: 12572 | K89: 1879 | L89: 0 | M89: 209.5 | N89: 31.3 | O89: 11 | P89: 152 | Q89: 57.5
A90: 1210019 | B90: 심재덕 | C90: 상생협력팀 (R&A) | D90: 저압사업단 | E90: 상생협력팀 | F90: 책임 | G90: 2025 | H90: 8 | I90: 16 | J90: 10483 | K90: 1593 | L90: 0 | M90: 174.7 | N90: 26.6 | O90: 10.9 | P90: 128 | Q90: 46.69999999999999
A91: 1210020 | B91: 오정민 | C91: Brake설계팀 (R&A) | D91: 기술연구본부 | E91: 성능개발팀 | F91: 책임 | G91: 2025 | H91: 6 | I91: 19 | J91: 10285 | K91: 0 | L91: 0 | M91: 171.4 | N91: 0 | O91: 9 | P91: 152 | Q91: 19.400000000000006
A92: 1210020 | B92: 오정민 | C92: Brake설계팀 (R&A) | D92: 기술연구본부 | E92: 성능개발팀 | F92: 책임 | G92: 2025 | H92: 7 | I92: 20 | J92: 10840 | K92: 330 | L92: 1 | M92: 180.7 | N92: 5.5 | O92: 9 | P92: 152 | Q92: 28.69999999999999
A93: 1210020 | B93: 오정민 | C93: Brake설계팀 (R&A) | D93: 기술연구본부 | E93: 성능개발팀 | F93: 책임 | G93: 2025 | H93: 8 | I93: 16 | J93: 8872 | K93: 243 | L93: 0 | M93: 147.9 | N93: 4 | O93: 9.2 | P93: 128 | Q93: 19.900000000000006
A94: 1210021 | B94: 이대희 | C94: 관체사업팀 (R&A) | D94: 관체사업단 | E94: 관체사업팀 | F94: 책임 | G94: 2025 | H94: 6 | I94: 18 | J94: 11506 | K94: 0 | L94: 0 | M94: 191.8 | N94: 0 | O94: 10.7 | P94: 144 | Q94: 47.80000000000001
A95: 1210021 | B95: 이대희 | C95: 관체사업팀 (R&A) | D95: 관체사업단 | E95: 관체사업팀 | F95: 책임 | G95: 2025 | H95: 7 | I95: 18 | J95: 11833 | K95: 0 | L95: 0 | M95: 197.2 | N95: 0 | O95: 11 | P95: 144 | Q95: 53.19999999999999
A96: 1210021 | B96: 이대희 | C96: 관체사업팀 (R&A) | D96: 관체사업단 | E96: 관체사업팀 | F96: 책임 | G96: 2025 | H96: 8 | I96: 16 | J96: 10000 | K96: 0 | L96: 0 | M96: 166.7 | N96: 0 | O96: 10.4 | P96: 128 | Q96: 38.69999999999999
A97: 1210025 | B97: 이주화 | C97: SL운영팀 (R&A) | D97: SL사업본부 | E97: SL운영팀 | F97: 책임 | G97: 2025 | H97: 6 | I97: 19 | J97: 11744 | K97: 591 | L97: 0 | M97: 195.7 | N97: 9.8 | O97: 10.3 | P97: 152 | Q97: 43.69999999999999
A98: 1210025 | B98: 이주화 | C98: SL운영팀 (R&A) | D98: SL사업본부 | E98: SL운영팀 | F98: 책임 | G98: 2025 | H98: 7 | I98: 17 | J98: 10705 | K98: 473 | L98: 0 | M98: 178.4 | N98: 7.9 | O98: 10.5 | P98: 136 | Q98: 42.400000000000006
A99: 1210025 | B99: 이주화 | C99: SL운영팀 (R&A) | D99: SL사업본부 | E99: SL운영팀 | F99: 책임 | G99: 2025 | H99: 8 | I99: 15 | J99: 8951 | K99: 426 | L99: 0 | M99: 149.2 | N99: 7.1 | O99: 9.9 | P99: 120 | Q99: 29.19999999999999
A100: 1210026 | B100: 안창용 | C100: SCM팀 (R&A) | D100: SCM담당 | E100: SCM팀 | F100: 책임 | G100: 2025 | H100: 6 | I100: 17 | J100: 8542 | K100: 0 | L100: 0 | M100: 142.4 | N100: 0 | O100: 8.4 | P100: 136 | Q100: 6.400000000000006
...

Sheet FTE 정리
B1: 평균 FTE (6월 ~ 8월) | F1: 현재 인원수 | J1: FTE/인원수
A2: 팀 | B2: 전체 | C2: 책임 | D2: 선임 | E2: 사원 | F2: 전체 | G2: 책임 | H2: 선임 | I2: 사원 | J2: 전체 | K2: 책임 | L2: 선임 | M2: 사원
A3: SL구매팀 | B3: =AVERAGE('FTE 계산'!W3,'FTE 계산'!AI3,'FTE 계산'!AU3) -> 15.654036 | C3: =AVERAGE('FTE 계산'!X3,'FTE 계산'!AJ3,'FTE 계산'!AV3) -> 7.3088301 | D3: =AVERAGE('FTE 계산'!Y3,'FTE 계산'!AK3,'FTE 계산'!AW3) -> 6.0979965 | E3: =AVERAGE('FTE 계산'!Z3,'FTE 계산'!AL3,'FTE 계산'!AX3) -> 2.3836806 | F3: =_xlfn.XLOOKUP($A3,'실제 인원'!$A:$A,'실제 인원'!B:B) -> 12 | G3: =_xlfn.XLOOKUP($A3,'실제 인원'!$A:$A,'실제 인원'!C:C) -> 5 | H3: =_xlfn.XLOOKUP($A3,'실제 인원'!$A:$A,'실제 인원'!D:D) -> 5 | I3: =_xlfn.XLOOKUP($A3,'실제 인원'!$A:$A,'실제 인원'!E:E) -> 2 | J3: =B3/F3 -> 1.304503 | K3: =C3/G3 -> 1.461766 | L3: =D3/H3 -> 1.2195993 | M3: =E3/I3 -> 1.1918403
A4: SL생산기술팀 | B4: =AVERAGE('FTE 계산'!W4,'FTE 계산'!AI4,'FTE 계산'!AU4) -> 8.8760626 | C4: =AVERAGE('FTE 계산'!X4,'FTE 계산'!AJ4,'FTE 계산'!AV4) -> 5.8714239 | D4: =AVERAGE('FTE 계산'!Y4,'FTE 계산'!AK4,'FTE 계산'!AW4) -> 2.0141762 | E4: =AVERAGE('FTE 계산'!Z4,'FTE 계산'!AL4,'FTE 계산'!AX4) -> 0.74734375 | F4: =_xlfn.XLOOKUP($A4,'실제 인원'!$A:$A,'실제 인원'!B:B) -> 10 | G4: =_xlfn.XLOOKUP($A4,'실제 인원'!$A:$A,'실제 인원'!C:C) -> 5 | H4: =_xlfn.XLOOKUP($A4,'실제 인원'!$A:$A,'실제 인원'!D:D) -> 2 | I4: =_xlfn.XLOOKUP($A4,'실제 인원'!$A:$A,'실제 인원'!E:E) -> 3 | J4: =B4/F4 -> 0.88760626 | K4: =C4/G4 -> 1.1742848 | L4: =D4/H4 -> 1.0070881 | M4: =E4/I4 -> 0.24911458
A5: 구매원가팀 | B5: =AVERAGE('FTE 계산'!W5,'FTE 계산'!AI5,'FTE 계산'!AU5) -> 7.6317259 | C5: =AVERAGE('FTE 계산'!X5,'FTE 계산'!AJ5,'FTE 계산'!AV5) -> 2.5589117 | D5: =AVERAGE('FTE 계산'!Y5,'FTE 계산'!AK5,'FTE 계산'!AW5) -> 2.5706889 | E5: =AVERAGE('FTE 계산'!Z5,'FTE 계산'!AL5,'FTE 계산'!AX5) -> 2.5036064 | F5: =_xlfn.XLOOKUP($A5,'실제 인원'!$A:$A,'실제 인원'!B:B) -> 6 | G5: =_xlfn.XLOOKUP($A5,'실제 인원'!$A:$A,'실제 인원'!C:C) -> 2 | H5: =_xlfn.XLOOKUP($A5,'실제 인원'!$A:$A,'실제 인원'!D:D) -> 2 | I5: =_xlfn.XLOOKUP($A5,'실제 인원'!$A:$A,'실제 인원'!E:E) -> 2 | J5: =B5/F5 -> 1.2719543 | K5: =C5/G5 -> 1.2794559 | L5: =D5/H5 -> 1.2853445 | M5: =E5/I5 -> 1.2518032
A6: SCM팀 | B6: =AVERAGE('FTE 계산'!W6,'FTE 계산'!AI6,'FTE 계산'!AU6) -> 14.314588 | C6: =AVERAGE('FTE 계산'!X6,'FTE 계산'!AJ6,'FTE 계산'!AV6) -> 4.8307175 | D6: =AVERAGE('FTE 계산'!Y6,'FTE 계산'!AK6,'FTE 계산'!AW6) -> 4.7317786 | E6: =AVERAGE('FTE 계산'!Z6,'FTE 계산'!AL6,'FTE 계산'!AX6) -> 4.7387856 | F6: =_xlfn.XLOOKUP($A6,'실제 인원'!$A:$A,'실제 인원'!B:B) -> 12 | G6: =_xlfn.XLOOKUP($A6,'실제 인원'!$A:$A,'실제 인원'!C:C) -> 4 | H6: =_xlfn.XLOOKUP($A6,'실제 인원'!$A:$A,'실제 인원'!D:D) -> 4 | I6: =_xlfn.XLOOKUP($A6,'실제 인원'!$A:$A,'실제 인원'!E:E) -> 4 | J6: =B6/F6 -> 1.1928823 | K6: =C6/G6 -> 1.2076794 | L6: =D6/H6 -> 1.1829447 | M6: =E6/I6 -> 1.1846964
A7: SL품질보증팀 | B7: =AVERAGE('FTE 계산'!W7,'FTE 계산'!AI7,'FTE 계산'!AU7) -> 14.288513 | C7: =AVERAGE('FTE 계산'!X7,'FTE 계산'!AJ7,'FTE 계산'!AV7) -> 3.3280902 | D7: =AVERAGE('FTE 계산'!Y7,'FTE 계산'!AK7,'FTE 계산'!AW7) -> 7.6721886 | E7: =AVERAGE('FTE 계산'!Z7,'FTE 계산'!AL7,'FTE 계산'!AX7) -> 3.2577988 | F7: =_xlfn.XLOOKUP($A7,'실제 인원'!$A:$A,'실제 인원'!B:B) -> 14 | G7: =_xlfn.XLOOKUP($A7,'실제 인원'!$A:$A,'실제 인원'!C:C) -> 3 | H7: =_xlfn.XLOOKUP($A7,'실제 인원'!$A:$A,'실제 인원'!D:D) -> 8 | I7: =_xlfn.XLOOKUP($A7,'실제 인원'!$A:$A,'실제 인원'!E:E) -> 2 | J7: =B7/F7 -> 1.0206081 | K7: =C7/G7 -> 1.1093634 | L7: =D7/H7 -> 0.95902357 | M7: =E7/I7 -> 1.6288994
A8: FL생산기술팀 | B8: =AVERAGE('FTE 계산'!W8,'FTE 계산'!AI8,'FTE 계산'!AU8) -> 3.7295446 | C8: =AVERAGE('FTE 계산'!X8,'FTE 계산'!AJ8,'FTE 계산'!AV8) -> 1.1829282 | D8: =AVERAGE('FTE 계산'!Y8,'FTE 계산'!AK8,'FTE 계산'!AW8) -> #DIV/0! | E8: =AVERAGE('FTE 계산'!Z8,'FTE 계산'!AL8,'FTE 계산'!AX8) -> 2.5462753 | F8: =_xlfn.XLOOKUP($A8,'실제 인원'!$A:$A,'실제 인원'!B:B) -> 5 | G8: =_xlfn.XLOOKUP($A8,'실제 인원'!$A:$A,'실제 인원'!C:C) -> 1 | H8: =_xlfn.XLOOKUP($A8,'실제 인원'!$A:$A,'실제 인원'!D:D) -> 2 | I8: =_xlfn.XLOOKUP($A8,'실제 인원'!$A:$A,'실제 인원'!E:E) -> 2 | J8: =B8/F8 -> 0.74590892 | K8: =C8/G8 -> 1.1829282 | L8: =D8/H8 -> #DIV/0! | M8: =E8/I8 -> 1.2731376
A9: FL개발팀 | B9: =AVERAGE('FTE 계산'!W9,'FTE 계산'!AI9,'FTE 계산'!AU9) -> 16.754095 | C9: =AVERAGE('FTE 계산'!X9,'FTE 계산'!AJ9,'FTE 계산'!AV9) -> 3.9853009 | D9: =AVERAGE('FTE 계산'!Y9,'FTE 계산'!AK9,'FTE 계산'!AW9) -> 8.289793 | E9: =AVERAGE('FTE 계산'!Z9,'FTE 계산'!AL9,'FTE 계산'!AX9) -> 4.3588348 | F9: =_xlfn.XLOOKUP($A9,'실제 인원'!$A:$A,'실제 인원'!B:B) -> 14 | G9: =_xlfn.XLOOKUP($A9,'실제 인원'!$A:$A,'실제 인원'!C:C) -> 3 | H9: =_xlfn.XLOOKUP($A9,'실제 인원'!$A:$A,'실제 인원'!D:D) -> 7 | I9: =_xlfn.XLOOKUP($A9,'실제 인원'!$A:$A,'실제 인원'!E:E) -> 3 | J9: =B9/F9 -> 1.1967211 | K9: =C9/G9 -> 1.3284336 | L9: =D9/H9 -> 1.1842561 | M9: =E9/I9 -> 1.4529449
A10: 선행개발팀 | B10: =AVERAGE('FTE 계산'!W10,'FTE 계산'!AI10,'FTE 계산'!AU10) -> 7.911807 | C10: =AVERAGE('FTE 계산'!X10,'FTE 계산'!AJ10,'FTE 계산'!AV10) -> 2.1366356 | D10: =AVERAGE('FTE 계산'!Y10,'FTE 계산'!AK10,'FTE 계산'!AW10) -> 4.7495001 | E10: =AVERAGE('FTE 계산'!Z10,'FTE 계산'!AL10,'FTE 계산'!AX10) -> 1.0725797 | F10: =_xlfn.XLOOKUP($A10,'실제 인원'!$A:$A,'실제 인원'!B:B) -> 8 | G10: =_xlfn.XLOOKUP($A10,'실제 인원'!$A:$A,'실제 인원'!C:C) -> 2 | H10: =_xlfn.XLOOKUP($A10,'실제 인원'!$A:$A,'실제 인원'!D:D) -> 4 | I10: =_xlfn.XLOOKUP($A10,'실제 인원'!$A:$A,'실제 인원'!E:E) -> 2 | J10: =B10/F10 -> 0.98897587 | K10: =C10/G10 -> 1.0683178 | L10: =D10/H10 -> 1.187375 | M10: =E10/I10 -> 0.53628983
A11: FL설계팀 | B11: =AVERAGE('FTE 계산'!W11,'FTE 계산'!AI11,'FTE 계산'!AU11) -> 22.162766 | C11: =AVERAGE('FTE 계산'!X11,'FTE 계산'!AJ11,'FTE 계산'!AV11) -> 3.2168949 | D11: =AVERAGE('FTE 계산'!Y11,'FTE 계산'!AK11,'FTE 계산'!AW11) -> 5.54711 | E11: =AVERAGE('FTE 계산'!Z11,'FTE 계산'!AL11,'FTE 계산'!AX11) -> 12.940137 | F11: =_xlfn.XLOOKUP($A11,'실제 인원'!$A:$A,'실제 인원'!B:B) -> 14 | G11: =_xlfn.XLOOKUP($A11,'실제 인원'!$A:$A,'실제 인원'!C:C) -> 2 | H11: =_xlfn.XLOOKUP($A11,'실제 인원'!$A:$A,'실제 인원'!D:D) -> 4 | I11: =_xlfn.XLOOKUP($A11,'실제 인원'!$A:$A,'실제 인원'!E:E) -> 6 | J11: =B11/F11 -> 1.5830547 | K11: =C11/G11 -> 1.6084474 | L11: =D11/H11 -> 1.3867775 | M11: =E11/I11 -> 2.1566895
A12: 품질경영팀 | B12: =AVERAGE('FTE 계산'!W12,'FTE 계산'!AI12,'FTE 계산'!AU12) -> 7.8791181 | C12: =AVERAGE('FTE 계산'!X12,'FTE 계산'!AJ12,'FTE 계산'!AV12) -> 2.2866304 | D12: =AVERAGE('FTE 계산'!Y12,'FTE 계산'!AK12,'FTE 계산'!AW12) -> 4.4584874 | E12: =AVERAGE('FTE 계산'!Z12,'FTE 계산'!AL12,'FTE 계산'!AX12) -> 1.1352056 | F12: =_xlfn.XLOOKUP($A12,'실제 인원'!$A:$A,'실제 인원'!B:B) -> 7 | G12: =_xlfn.XLOOKUP($A12,'실제 인원'!$A:$A,'실제 인원'!C:C) -> 2 | H12: =_xlfn.XLOOKUP($A12,'실제 인원'!$A:$A,'실제 인원'!D:D) -> 4 | I12: =_xlfn.XLOOKUP($A12,'실제 인원'!$A:$A,'실제 인원'!E:E) -> 1 | J12: =B12/F12 -> 1.1255883 | K12: =C12/G12 -> 1.1433152 | L12: =D12/H12 -> 1.1146218 | M12: =E12/I12 -> 1.1352056
A13: B/H사업팀 | B13: =AVERAGE('FTE 계산'!W13,'FTE 계산'!AI13,'FTE 계산'!AU13) -> 8.3166612 | C13: =AVERAGE('FTE 계산'!X13,'FTE 계산'!AJ13,'FTE 계산'!AV13) -> 2.4152769 | D13: =AVERAGE('FTE 계산'!Y13,'FTE 계산'!AK13,'FTE 계산'!AW13) -> 4.7317487 | E13: =AVERAGE('FTE 계산'!Z13,'FTE 계산'!AL13,'FTE 계산'!AX13) -> 1.1741365 | F13: =_xlfn.XLOOKUP($A13,'실제 인원'!$A:$A,'실제 인원'!B:B) -> 6 | G13: =_xlfn.XLOOKUP($A13,'실제 인원'!$A:$A,'실제 인원'!C:C) -> 2 | H13: =_xlfn.XLOOKUP($A13,'실제 인원'!$A:$A,'실제 인원'!D:D) -> 4 | I13: =_xlfn.XLOOKUP($A13,'실제 인원'!$A:$A,'실제 인원'!E:E) -> 0 | J13: =B13/F13 -> 1.3861102 | K13: =C13/G13 -> 1.2076385 | L13: =D13/H13 -> 1.1829372 | M13: =E13/I13 -> #DIV/0!
A14: 관체사업팀 | B14: =AVERAGE('FTE 계산'!W14,'FTE 계산'!AI14,'FTE 계산'!AU14) -> 15.676961 | C14: =AVERAGE('FTE 계산'!X14,'FTE 계산'!AJ14,'FTE 계산'!AV14) -> 5.1937983 | D14: =AVERAGE('FTE 계산'!Y14,'FTE 계산'!AK14,'FTE 계산'!AW14) -> 9.358411 | E14: =AVERAGE('FTE 계산'!Z14,'FTE 계산'!AL14,'FTE 계산'!AX14) -> 1.1277665 | F14: =_xlfn.XLOOKUP($A14,'실제 인원'!$A:$A,'실제 인원'!B:B) -> 11 | G14: =_xlfn.XLOOKUP($A14,'실제 인원'!$A:$A,'실제 인원'!C:C) -> 4 | H14: =_xlfn.XLOOKUP($A14,'실제 인원'!$A:$A,'실제 인원'!D:D) -> 6 | I14: =_xlfn.XLOOKUP($A14,'실제 인원'!$A:$A,'실제 인원'!E:E) -> 1 | J14: =B14/F14 -> 1.4251782 | K14: =C14/G14 -> 1.2984496 | L14: =D14/H14 -> 1.5597352 | M14: =E14/I14 -> 1.1277665
... A33: SL상생협력팀 | B33: =AVERAGE('FTE 계산'!W33,'FTE 계산'!AI33,'FTE 계산'!AU33) -> 1.1381587 | C33: =AVERAGE('FTE 계산'!X33,'FTE 계산'!AJ33,'FTE 계산'!AV33) -> #DIV/0! | D33: =AVERAGE('FTE 계산'!Y33,'FTE 계산'!AK33,'FTE 계산'!AW33) -> #DIV/0! | E33: =AVERAGE('FTE 계산'!Z33,'FTE 계산'!AL33,'FTE 계산'!AX33) -> 1.1381587 | F33: =_xlfn.XLOOKUP($A33,'실제 인원'!$A:$A,'실제 인원'!B:B) -> 0 | G33: =_xlfn.XLOOKUP($A33,'실제 인원'!$A:$A,'실제 인원'!C:C) -> 0 | H33: =_xlfn.XLOOKUP($A33,'실제 인원'!$A:$A,'실제 인원'!D:D) -> 0 | I33: =_xlfn.XLOOKUP($A33,'실제 인원'!$A:$A,'실제 인원'!E:E) -> 0 | J33: =B33/F33 -> #DIV/0! | K33: =C33/G33 -> #DIV/0! | L33: =D33/H33 -> #DIV/0! | M33: =E33/I33 -> #DIV/0!

Sheet FTE 계산
E1: 근무시간 | H1: 정규근무일수 | L1: 기준근무시간 | O1: 6월 총근무시간 | S1: 6월 평균근무일수 | W1: 6월 FTE | AA1: 7월 총근무시간 | AE1: 7월 평균근무일수 | AI1: 7월 FTE | AM1: 8월 총근무시간 | AQ1: 8월 평균근무일수 | AU1: 8월 FTE
A2: 사번 | B2: 이름 | C2: 팀 | D2: 직급 | E2: 6 | F2: 7 | G2: 8 | H2: 6 | I2: 7 | J2: 8 | L2: 8 | N2: 팀 | O2: 전체 | P2: 책임 | Q2: 선임 | R2: 사원 | S2: 전체 | T2: 책임 | U2: 선임 | V2: 사원 | W2: 전체 | X2: 책임 | Y2: 선임 | Z2: 사원 | AA2: 전체 | AB2: 책임 | AC2: 선임 | AD2: 사원 | AE2: 전체 | AF2: 책임 | AG2: 선임 | AH2: 사원 | AI2: 전체 | AJ2: 책임 | AK2: 선임 | AL2: 사원 | AM2: 전체 | AN2: 책임 | AO2: 선임 | AP2: 사원 | AQ2: 전체 | AR2: 책임 | AS2: 선임 | AT2: 사원 | AU2: 전체 | AV2: 책임 | AW2: 선임 | AX2: 사원
A3: {=_xlfn.UNIQUE(monthly_work_hours!A2:A726)} -> 1199158 | B3: =_xlfn.XLOOKUP(A3,monthly_work_hours!A:A,monthly_work_hours!B:B) -> 윤상규 | C3: =_xlfn.XLOOKUP(A3,monthly_work_hours!A:A,monthly_work_hours!E:E) -> #N/A | D3: =_xlfn.XLOOKUP(A3,monthly_work_hours!A:A,monthly_work_hours!F:F) -> 기능주임 | E3: =SUMIFS(monthly_work_hours!$M:$M,monthly_work_hours!$A:$A,'FTE 계산'!$A3,monthly_work_hours!$H:$H,'FTE 계산'!E$2) -> 134.2 | F3: =SUMIFS(monthly_work_hours!$M:$M,monthly_work_hours!$A:$A,'FTE 계산'!$A3,monthly_work_hours!$H:$H,'FTE 계산'!F$2) -> 118.2 | G3: =SUMIFS(monthly_work_hours!$M:$M,monthly_work_hours!$A:$A,'FTE 계산'!$A3,monthly_work_hours!$H:$H,'FTE 계산'!G$2) -> 82.5 | H3: =(SUMIFS(monthly_work_hours!$I:$I,monthly_work_hours!$A:$A,'FTE 계산'!$A3,monthly_work_hours!$H:$H,'FTE 계산'!H$2)) - (SUMIFS(monthly_work_hours!$L:$L,monthly_work_hours!$A:$A,'FTE 계산'!$A3,monthly_work_hours!$H:$H,'FTE 계산'!H$2)) -> 21 | I3: =(SUMIFS(monthly_work_hours!$I:$I,monthly_work_hours!$A:$A,'FTE 계산'!$A3,monthly_work_hours!$H:$H,'FTE 계산'!I$2)) - (SUMIFS(monthly_work_hours!$L:$L,monthly_work_hours!$A:$A,'FTE 계산'!$A3,monthly_work_hours!$H:$H,'FTE 계산'!I$2)) -> 23 | J3: =(SUMIFS(monthly_work_hours!$I:$I,monthly_work_hours!$A:$A,'FTE 계산'!$A3,monthly_work_hours!$H:$H,'FTE 계산'!J$2)) - (SUMIFS(monthly_work_hours!$L:$L,monthly_work_hours!$A:$A,'FTE 계산'!$A3,monthly_work_hours!$H:$H,'FTE 계산'!J$2)) -> 17 | N3: SL구매팀 | O3: =SUMIFS($E$3:$E$253,$C$3:$C$253,$N3) -> 2136.7 | P3: =SUMIFS($E$3:$E$253,$C$3:$C$253,$N3,$D$3:$D$253,P$2) -> 943.1 | Q3: =SUMIFS($E$3:$E$253,$C$3:$C$253,$N3,$D$3:$D$253,Q$2) -> 853.6 | R3: =SUMIFS($E$3:$E$253,$C$3:$C$253,$N3,$D$3:$D$253,R$2) -> 340 | S3: =AVERAGEIFS($H$3:$H$253,$C$3:$C$253,$N3) -> 16 | T3: =AVERAGEIFS($H$3:$H$253,$C$3:$C$253,$N3,$D$3:$D$253,P$2) -> 14.2 | U3: =AVERAGEIFS($H$3:$H$253,$C$3:$C$253,$N3,$D$3:$D$253,Q$2) -> 17.4 | V3: =AVERAGEIFS($H$3:$H$253,$C$3:$C$253,$N3,$D$3:$D$253,R$2) -> 17 | W3: =IFERROR(O3/(S3*$L$2),"-") -> 16.692969 | X3: =IFERROR(P3/(T3*$L$2),"-") -> 8.3019366 | Y3: =IFERROR(Q3/(U3*$L$2),"-") -> 6.1321839 | Z3: =IFERROR(R3/(V3*$L$2),"-") -> 2.5 | AA3: =SUMIFS($F$3:$F$253,$C$3:$C$253,$N3) -> 1829.4 | AB3: =SUMIFS($F$3:$F$253,$C$3:$C$253,$N3,$D$3:$D$253,P$2) -> 737.4 | AC3: =SUMIFS($F$3:$F$253,$C$3:$C$253,$N3,$D$3:$D$253,Q$2) -> 783.6 | AD3: =SUMIFS($F$3:$F$253,$C$3:$C$253,$N3,$D$3:$D$253,R$2) -> 308.4 | AE3: =AVERAGEIFS($I$3:$I$253,$C$3:$C$253,$N3) -> 15.166667 | AF3: =AVERAGEIFS($I$3:$I$253,$C$3:$C$253,$N3,$D$3:$D$253,P$2) -> 14 | AG3: =AVERAGEIFS($I$3:$I$253,$C$3:$C$253,$N3,$D$3:$D$253,Q$2) -> 16 | AH3: =AVERAGEIFS($I$3:$I$253,$C$3:$C$253,$N3,$D$3:$D$253,R$2) -> 16 | AI3: =IFERROR(AA3/(AE3*$L$2),"-") -> 15.077473 | AJ3: =IFERROR(AB3/(AF3*$L$2),"-") -> 6.5839286 | AK3: =IFERROR(AC3/(AG3*$L$2),"-") -> 6.121875 | AL3: =IFERROR(AD3/(AH3*$L$2),"-") -> 2.409375 | AM3: =SUMIFS($G$3:$G$253,$C$3:$C$253,$N3) -> 1640.7 | AN3: =SUMIFS($G$3:$G$253,$C$3:$C$253,$N3,$D$3:$D$253,P$2) -> 675.9 | AO3: =SUMIFS($G$3:$G$253,$C$3:$C$253,$N3,$D$3:$D$253,Q$2) -> 695.8 | AP3: =SUMIFS($G$3:$G$253,$C$3:$C$253,$N3,$D$3:$D$253,R$2) -> 269 | AQ3: =AVERAGEIFS($J$3:$J$253,$C$3:$C$253,$N3) -> 13.5 | AR3: =AVERAGEIFS($J$3:$J$253,$C$3:$C$253,$N3,$D$3:$D$253,P$2) -> 12 | AS3: =AVERAGEIFS($J$3:$J$253,$C$3:$C$253,$N3,$D$3:$D$253,Q$2) -> 14.4 | AT3: =AVERAGEIFS($J$3:$J$253,$C$3:$C$253,$N3,$D$3:$D$253,R$2) -> 15 | AU3: =IFERROR(AM3/(AQ3*$L$2),"-") -> 15.191667 | AV3: =IFERROR(AN3/(AR3*$L$2),"-") -> 7.040625 | AW3: =IFERROR(AO3/(AS3*$L$2),"-") -> 6.0399306 | AX3: =IFERROR(AP3/(AT3*$L$2),"-") -> 2.2416667
A4: 1202155 | B4: =_xlfn.XLOOKUP(A4,monthly_work_hours!A:A,monthly_work_hours!B:B) -> 추상민 | C4: =_xlfn.XLOOKUP(A4,monthly_work_hours!A:A,monthly_work_hours!E:E) -> SL구매팀 | D4: =_xlfn.XLOOKUP(A4,monthly_work_hours!A:A,monthly_work_hours!F:F) -> 책임 | E4: =SUMIFS(monthly_work_hours!$M:$M,monthly_work_hours!$A:$A,'FTE 계산'!$A4,monthly_work_hours!$H:$H,'FTE 계산'!E$2) -> 3.4 | F4: =SUMIFS(monthly_work_hours!$M:$M,monthly_work_hours!$A:$A,'FTE 계산'!$A4,monthly_work_hours!$H:$H,'FTE 계산'!F$2) -> 0 | G4: =SUMIFS(monthly_work_hours!$M:$M,monthly_work_hours!$A:$A,'FTE 계산'!$A4,monthly_work_hours!$H:$H,'FTE 계산'!G$2) -> 0 | H4: =(SUMIFS(monthly_work_hours!$I:$I,monthly_work_hours!$A:$A,'FTE 계산'!$A4,monthly_work_hours!$H:$H,'FTE 계산'!H$2)) - (SUMIFS(monthly_work_hours!$L:$L,monthly_work_hours!$A:$A,'FTE 계산'!$A4,monthly_work_hours!$H:$H,'FTE 계산'!H$2)) -> 1 | I4: =(SUMIFS(monthly_work_hours!$I:$I,monthly_work_hours!$A:$A,'FTE 계산'!$A4,monthly_work_hours!$H:$H,'FTE 계산'!I$2)) - (SUMIFS(monthly_work_hours!$L:$L,monthly_work_hours!$A:$A,'FTE 계산'!$A4,monthly_work_hours!$H:$H,'FTE 계산'!I$2)) -> 0 | J4: =(SUMIFS(monthly_work_hours!$I:$I,monthly_work_hours!$A:$A,'FTE 계산'!$A4,monthly_work_hours!$H:$H,'FTE 계산'!J$2)) - (SUMIFS(monthly_work_hours!$L:$L,monthly_work_hours!$A:$A,'FTE 계산'!$A4,monthly_work_hours!$H:$H,'FTE 계산'!J$2)) -> 0 | N4: SL생산기술팀 | O4: =SUMIFS($E$3:$E$253,$C$3:$C$253,$N4) -> 1114.2 | P4: =SUMIFS($E$3:$E$253,$C$3:$C$253,$N4,$D$3:$D$253,P$2) -> 804 | Q4: =SUMIFS($E$3:$E$253,$C$3:$C$253,$N4,$D$3:$D$253,Q$2) -> 256 | R4: =SUMIFS($E$3:$E$253,$C$3:$C$253,$N4,$D$3:$D$253,R$2) -> 54.2 | S4: =AVERAGEIFS($H$3:$H$253,$C$3:$C$253,$N4) -> 16 | T4: =AVERAGEIFS($H$3:$H$253,$C$3:$C$253,$N4,$D$3:$D$253,P$2) -> 17.2 | U4: =AVERAGEIFS($H$3:$H$253,$C$3:$C$253,$N4,$D$3:$D$253,Q$2) -> 16 | V4: =AVERAGEIFS($H$3:$H$253,$C$3:$C$253,$N4,$D$3:$D$253,R$2) -> 10 | W4: =IFERROR(O4/(S4*$L$2),"-") -> 8.7046875 | X4: =IFERROR(P4/(T4*$L$2),"-") -> 5.8430233 | Y4: =IFERROR(Q4/(U4*$L$2),"-") -> 2 | Z4: =IFERROR(R4/(V4*$L$2),"-") -> 0.6775 | AA4: =SUMIFS($F$3:$F$253,$C$3:$C$253,$N4) -> 1227.6 | AB4: =SUMIFS($F$3:$F$253,$C$3:$C$253,$N4,$D$3:$D$253,P$2) -> 888.5 | AC4: =SUMIFS($F$3:$F$253,$C$3:$C$253,$N4,$D$3:$D$253,Q$2) -> 286.8 | AD4: =SUMIFS($F$3:$F$253,$C$3:$C$253,$N4,$D$3:$D$253,R$2) -> 52.3 | AE4: =AVERAGEIFS($I$3:$I$253,$C$3:$C$253,$N4) -> 17 | AF4: =AVERAGEIFS($I$3:$I$253,$C$3:$C$253,$N4,$D$3:$D$253,P$2) -> 18.4 | AG4: =AVERAGEIFS($I$3:$I$253,$C$3:$C$253,$N4,$D$3:$D$253,Q$2) -> 18 | AH4: =AVERAGEIFS($I$3:$I$253,$C$3:$C$253,$N4,$D$3:$D$253,R$2) -> 8 | AI4: =IFERROR(AA4/(AE4*$L$2),"-") -> 9.0264706 | AJ4: =IFERROR(AB4/(AF4*$L$2),"-") -> 6.0360054 | AK4: =IFERROR(AC4/(AG4*$L$2),"-") -> 1.9916667 | AL4: =IFERROR(AD4/(AH4*$L$2),"-") -> 0.8171875 | AM4: =SUMIFS($G$3:$G$253,$C$3:$C$253,$N4) -> 898.6 | AN4: =SUMIFS($G$3:$G$253,$C$3:$C$253,$N4,$D$3:$D$253,P$2) -> 660.7 | AO4: =SUMIFS($G$3:$G$253,$C$3:$C$253,$N4,$D$3:$D$253,Q$2) -> 237.9 | AP4: =SUMIFS($G$3:$G$253,$C$3:$C$253,$N4,$D$3:$D$253,R$2) -> 0 | AQ4: =AVERAGEIFS($J$3:$J$253,$C$3:$C$253,$N4) -> 12.625 | AR4: =AVERAGEIFS($J$3:$J$253,$C$3:$C$253,$N4,$D$3:$D$253,P$2) -> 14.4 | AS4: =AVERAGEIFS($J$3:$J$253,$C$3:$C$253,$N4,$D$3:$D$253,Q$2) -> 14.5 | AT4: =AVERAGEIFS($J$3:$J$253,$C$3:$C$253,$N4,$D$3:$D$253,R$2) -> 0 | AU4: =IFERROR(AM4/(AQ4*$L$2),"-") -> 8.8970297 | AV4: =IFERROR(AN4/(AR4*$L$2),"-") -> 5.7352431 | AW4: =IFERROR(AO4/(AS4*$L$2),"-") -> 2.0508621 | AX4: =IFERROR(AP4/(AT4*$L$2),"-") -> -
A5: 1202183 | B5: =_xlfn.XLOOKUP(A5,monthly_work_hours!A:A,monthly_work_hours!B:B) -> 안준철 | C5: =_xlfn.XLOOKUP(A5,monthly_work_hours!A:A,monthly_work_hours!E:E) -> HR/안전담당 | D5: =_xlfn.XLOOKUP(A5,monthly_work_hours!A:A,monthly_work_hours!F:F) -> 책임 | E5: =SUMIFS(monthly_work_hours!$M:$M,monthly_work_hours!$A:$A,'FTE 계산'!$A5,monthly_work_hours!$H:$H,'FTE 계산'!E$2) -> 178 | F5: =SUMIFS(monthly_work_hours!$M:$M,monthly_work_hours!$A:$A,'FTE 계산'!$A5,monthly_work_hours!$H:$H,'FTE 계산'!F$2) -> 173.5 | G5: =SUMIFS(monthly_work_hours!$M:$M,monthly_work_hours!$A:$A,'FTE 계산'!$A5,monthly_work_hours!$H:$H,'FTE 계산'!G$2) -> 143.4 | H5: =(SUMIFS(monthly_work_hours!$I:$I,monthly_work_hours!$A:$A,'FTE 계산'!$A5,monthly_work_hours!$H:$H,'FTE 계산'!H$2)) - (SUMIFS(monthly_work_hours!$L:$L,monthly_work_hours!$A:$A,'FTE 계산'!$A5,monthly_work_hours!$H:$H,'FTE 계산'!H$2)) -> 19 | I5: =(SUMIFS(monthly_work_hours!$I:$I,monthly_work_hours!$A:$A,'FTE 계산'!$A5,monthly_work_hours!$H:$H,'FTE 계산'!I$2)) - (SUMIFS(monthly_work_hours!$L:$L,monthly_work_hours!$A:$A,'FTE 계산'!$A5,monthly_work_hours!$H:$H,'FTE 계산'!I$2)) -> 20 | J5: =(SUMIFS(monthly_work_hours!$I:$I,monthly_work_hours!$A:$A,'FTE 계산'!$A5,monthly_work_hours!$H:$H,'FTE 계산'!J$2)) - (SUMIFS(monthly_work_hours!$L:$L,monthly_work_hours!$A:$A,'FTE 계산'!$A5,monthly_work_hours!$H:$H,'FTE 계산'!J$2)) -> 16 | N5: 구매원가팀 | O5: =SUMIFS($E$3:$E$253,$C$3:$C$253,$N5) -> 1078.5 | P5: =SUMIFS($E$3:$E$253,$C$3:$C$253,$N5,$D$3:$D$253,P$2) -> 361.9 | Q5: =SUMIFS($E$3:$E$253,$C$3:$C$253,$N5,$D$3:$D$253,Q$2) -> 358.7 | R5: =SUMIFS($E$3:$E$253,$C$3:$C$253,$N5,$D$3:$D$253,R$2) -> 357.9 | S5: =AVERAGEIFS($H$3:$H$253,$C$3:$C$253,$N5) -> 17.5 | T5: =AVERAGEIFS($H$3:$H$253,$C$3:$C$253,$N5,$D$3:$D$253,P$2) -> 17.5 | U5: =AVERAGEIFS($H$3:$H$253,$C$3:$C$253,$N5,$D$3:$D$253,Q$2) -> 17.5 | V5: =AVERAGEIFS($H$3:$H$253,$C$3:$C$253,$N5,$D$3:$D$253,R$2) -> 17.5 | W5: =IFERROR(O5/(S5*$L$2),"-") -> 7.7035714 | X5: =IFERROR(P5/(T5*$L$2),"-") -> 2.585 | Y5: =IFERROR(Q5/(U5*$L$2),"-") -> 2.5621429 | Z5: =IFERROR(R5/(V5*$L$2),"-") -> 2.5564286 | AA5: =SUMIFS($F$3:$F$253,$C$3:$C$253,$N5) -> 1090.1 | AB5: =SUMIFS($F$3:$F$253,$C$3:$C$253,$N5,$D$3:$D$253,P$2) -> 381 | AC5: =SUMIFS($F$3:$F$253,$C$3:$C$253,$N5,$D$3:$D$253,Q$2) -> 352.3 | AD5: =SUMIFS($F$3:$F$253,$C$3:$C$253,$N5,$D$3:$D$253,R$2) -> 356.8 | AE5: =AVERAGEIFS($I$3:$I$253,$C$3:$C$253,$N5) -> 18 | AF5: =AVERAGEIFS($I$3:$I$253,$C$3:$C$253,$N5,$D$3:$D$253,P$2) -> 19 | AG5: =AVERAGEIFS($I$3:$I$253,$C$3:$C$253,$N5,$D$3:$D$253,Q$2) -> 17 | AH5: =AVERAGEIFS($I$3:$I$253,$C$3:$C$253,$N5,$D$3:$D$253,R$2) -> 18 | AI5: =IFERROR(AA5/(AE5*$L$2),"-") -> 7.5701389 | AJ5: =IFERROR(AB5/(AF5*$L$2),"-") -> 2.5065789 | AK5: =IFERROR(AC5/(AG5*$L$2),"-") -> 2.5904412 | AL5: =IFERROR(AD5/(AH5*$L$2),"-") -> 2.4777778 | AM5: =SUMIFS($G$3:$G$253,$C$3:$C$253,$N5) -> 934.9 | AN5: =SUMIFS($G$3:$G$253,$C$3:$C$253,$N5,$D$3:$D$253,P$2) -> 330.9 | AO5: =SUMIFS($G$3:$G$253,$C$3:$C$253,$N5,$D$3:$D$253,Q$2) -> 296.9 | AP5: =SUMIFS($G$3:$G$253,$C$3:$C$253,$N5,$D$3:$D$253,R$2) -> 307.1 | AQ5: =AVERAGEIFS($J$3:$J$253,$C$3:$C$253,$N5) -> 15.333333 | AR5: =AVERAGEIFS($J$3:$J$253,$C$3:$C$253,$N5,$D$3:$D$253,P$2) -> 16 | AS5: =AVERAGEIFS($J$3:$J$253,$C$3:$C$253,$N5,$D$3:$D$253,Q$2) -> 14.5 | AT5: =AVERAGEIFS($J$3:$J$253,$C$3:$C$253,$N5,$D$3:$D$253,R$2) -> 15.5 | AU5: =IFERROR(AM5/(AQ5*$L$2),"-") -> 7.6214674 | AV5: =IFERROR(AN5/(AR5*$L$2),"-") -> 2.5851562 | AW5: =IFERROR(AO5/(AS5*$L$2),"-") -> 2.5594828 | AX5: =IFERROR(AP5/(AT5*$L$2),"-") -> 2.4766129
A6: 1203036 | B6: =_xlfn.XLOOKUP(A6,monthly_work_hours!A:A,monthly_work_hours!B:B) -> 이범철 | C6: =_xlfn.XLOOKUP(A6,monthly_work_hours!A:A,monthly_work_hours!E:E) -> SL생산기술팀 | D6: =_xlfn.XLOOKUP(A6,monthly_work_hours!A:A,monthly_work_hours!F:F) -> 책임 | E6: =SUMIFS(monthly_work_hours!$M:$M,monthly_work_hours!$A:$A,'FTE 계산'!$A6,monthly_work_hours!$H:$H,'FTE 계산'!E$2) -> 161 | F6: =SUMIFS(monthly_work_hours!$M:$M,monthly_work_hours!$A:$A,'FTE 계산'!$A6,monthly_work_hours!$H:$H,'FTE 계산'!F$2) -> 171.6 | G6: =SUMIFS(monthly_work_hours!$M:$M,monthly_work_hours!$A:$A,'FTE 계산'!$A6,monthly_work_hours!$H:$H,'FTE 계산'!G$2) -> 125.5 | H6: =(SUMIFS(monthly_work_hours!$I:$I,monthly_work_hours!$A:$A,'FTE 계산'!$A6,monthly_work_hours!$H:$H,'FTE 계산'!H$2)) - (SUMIFS(monthly_work_hours!$L:$L,monthly_work_hours!$A:$A,'FTE 계산'!$A6,monthly_work_hours!$H:$H,'FTE 계산'!H$2)) -> 18 | I6: =(SUMIFS(monthly_work_hours!$I:$I,monthly_work_hours!$A:$A,'FTE 계산'!$A6,monthly_work_hours!$H:$H,'FTE 계산'!I$2)) - (SUMIFS(monthly_work_hours!$L:$L,monthly_work_hours!$A:$A,'FTE 계산'!$A6,monthly_work_hours!$H:$H,'FTE 계산'!I$2)) -> 19 | J6: =(SUMIFS(monthly_work_hours!$I:$I,monthly_work_hours!$A:$A,'FTE 계산'!$A6,monthly_work_hours!$H:$H,'FTE 계산'!J$2)) - (SUMIFS(monthly_work_hours!$L:$L,monthly_work_hours!$A:$A,'FTE 계산'!$A6,monthly_work_hours!$H:$H,'FTE 계산'!J$2)) -> 14 | N6: SCM팀 | O6: =SUMIFS($E$3:$E$253,$C$3:$C$253,$N6) -> 2073.9 | P6: =SUMIFS($E$3:$E$253,$C$3:$C$253,$N6,$D$3:$D$253,P$2) -> 699.8 | Q6: =SUMIFS($E$3:$E$253,$C$3:$C$253,$N6,$D$3:$D$253,Q$2) -> 687.8 | R6: =SUMIFS($E$3:$E$253,$C$3:$C$253,$N6,$D$3:$D$253,R$2) -> 686.3 | S6: =AVERAGEIFS($H$3:$H$253,$C$3:$C$253,$N6) -> 17.416667 | T6: =AVERAGEIFS($H$3:$H$253,$C$3:$C$253,$N6,$D$3:$D$253,P$2) -> 17.5 | U6: =AVERAGEIFS($H$3:$H$253,$C$3:$C$253,$N6,$D$3:$D$253,Q$2) -> 16.75 | V6: =AVERAGEIFS($H$3:$H$253,$C$3:$C$253,$N6,$D$3:$D$253,R$2) -> 18 | W6: =IFERROR(O6/(S6*$L$2),"-") -> 14.88445 | X6: =IFERROR(P6/(T6*$L$2),"-") -> 4.9985714 | Y6: =IFERROR(Q6/(U6*$L$2),"-") -> 5.1328358 | Z6: =IFERROR(R6/(V6*$L$2),"-") -> 4.7659722 | AA6: =SUMIFS($F$3:$F$253,$C$3:$C$253,$N6) -> 2027.8 | AB6: =SUMIFS($F$3:$F$253,$C$3:$C$253,$N6,$D$3:$D$253,P$2) -> 715 | AC6: =SUMIFS($F$3:$F$253,$C$3:$C$253,$N6,$D$3:$D$253,Q$2) -> 548.7 | AD6: =SUMIFS($F$3:$F$253,$C$3:$C$253,$N6,$D$3:$D$253,R$2) -> 764.1 | AE6: =AVERAGEIFS($I$3:$I$253,$C$3:$C$253,$N6) -> 17.833333 | AF6: =AVERAGEIFS($I$3:$I$253,$C$3:$C$253,$N6,$D$3:$D$253,P$2) -> 18.5 | AG6: =AVERAGEIFS($I$3:$I$253,$C$3:$C$253,$N6,$D$3:$D$253,Q$2) -> 15.5 | AH6: =AVERAGEIFS($I$3:$I$253,$C$3:$C$253,$N6,$D$3:$D$253,R$2) -> 19.5 | AI6: =IFERROR(AA6/(AE6*$L$2),"-") -> 14.213551 | AJ6: =IFERROR(AB6/(AF6*$L$2),"-") -> 4.8310811 | AK6: =IFERROR(AC6/(AG6*$L$2),"-") -> 4.425 | AL6: =IFERROR(AD6/(AH6*$L$2),"-") -> 4.8980769 | AM6: =SUMIFS($G$3:$G$253,$C$3:$C$253,$N6) -> 1633.8 | AN6: =SUMIFS($G$3:$G$253,$C$3:$C$253,$N6,$D$3:$D$253,P$2) -> 596.8 | AO6: =SUMIFS($G$3:$G$253,$C$3:$C$253,$N6,$D$3:$D$253,Q$2) -> 445.2 | AP6: =SUMIFS($G$3:$G$253,$C$3:$C$253,$N6,$D$3:$D$253,R$2) -> 591.8 | AQ6: =AVERAGEIFS($J$3:$J$253,$C$3:$C$253,$N6) -> 14.75 | AR6: =AVERAGEIFS($J$3:$J$253,$C$3:$C$253,$N6,$D$3:$D$253,P$2) -> 16 | AS6: =AVERAGEIFS($J$3:$J$253,$C$3:$C$253,$N6,$D$3:$D$253,Q$2) -> 12 | AT6: =AVERAGEIFS($J$3:$J$253,$C$3:$C$253,$N6,$D$3:$D$253,R$2) -> 16.25 | AU6: =IFERROR(AM6/(AQ6*$L$2),"-") -> 13.845763 | AV6: =IFERROR(AN6/(AR6*$L$2),"-") -> 4.6625 | AW6: =IFERROR(AO6/(AS6*$L$2),"-") -> 4.6375 | AX6: =IFERROR(AP6/(AT6*$L$2),"-") -> 4.5523077
A7: 1203052 | B7: =_xlfn.XLOOKUP(A7,monthly_work_hours!A:A,monthly_work_hours!B:B) -> 제용화 | C7: =_xlfn.XLOOKUP(A7,monthly_work_hours!A:A,monthly_work_hours!E:E) -> 구매원가팀 | D7: =_xlfn.XLOOKUP(A7,monthly_work_hours!A:A,monthly_work_hours!F:F) -> 책임 | E7: =SUMIFS(monthly_work_hours!$M:$M,monthly_work_hours!$A:$A,'FTE 계산'!$A7,monthly_work_hours!$H:$H,'FTE 계산'!E$2) -> 174.5 | F7: =SUMIFS(monthly_work_hours!$M:$M,monthly_work_hours!$A:$A,'FTE 계산'!$A7,monthly_work_hours!$H:$H,'FTE 계산'!F$2) -> 193.3 | G7: =SUMIFS(monthly_work_hours!$M:$M,monthly_work_hours!$A:$A,'FTE 계산'!$A7,monthly_work_hours!$H:$H,'FTE 계산'!G$2) -> 170.3 | H7: =(SUMIFS(monthly_work_hours!$I:$I,monthly_work_hours!$A:$A,'FTE 계산'!$A7,monthly_work_hours!$H:$H,'FTE 계산'!H$2)) - (SUMIFS(monthly_work_hours!$L:$L,monthly_work_hours!$A:$A,'FTE 계산'!$A7,monthly_work_hours!$H:$H,'FTE 계산'!H$2)) -> 17 | I7: =(SUMIFS(monthly_work_hours!$I:$I,monthly_work_hours!$A:$A,'FTE 계산'!$A7,monthly_work_hours!$H:$H,'FTE 계산'!I$2)) - (SUMIFS(monthly_work_hours!$L:$L,monthly_work_hours!$A:$A,'FTE 계산'!$A7,monthly_work_hours!$H:$H,'FTE 계산'!I$2)) -> 19 | J7: =(SUMIFS(monthly_work_hours!$I:$I,monthly_work_hours!$A:$A,'FTE 계산'!$A7,monthly_work_hours!$H:$H,'FTE 계산'!J$2)) - (SUMIFS(monthly_work_hours!$L:$L,monthly_work_hours!$A:$A,'FTE 계산'!$A7,monthly_work_hours!$H:$H,'FTE 계산'!J$2)) -> 16 | N7: SL품질보증팀 | O7: =SUMIFS($E$3:$E$253,$C$3:$C$253,$N7) -> 1496.1 | P7: =SUMIFS($E$3:$E$253,$C$3:$C$253,$N7,$D$3:$D$253,P$2) -> 322 | Q7: =SUMIFS($E$3:$E$253,$C$3:$C$253,$N7,$D$3:$D$253,Q$2) -> 833.1 | R7: =SUMIFS($E$3:$E$253,$C$3:$C$253,$N7,$D$3:$D$253,R$2) -> 341 | S7: =AVERAGEIFS($H$3:$H$253,$C$3:$C$253,$N7) -> 12.714286 | T7: =AVERAGEIFS($H$3:$H$253,$C$3:$C$253,$N7,$D$3:$D$253,P$2) -> 11.666667 | U7: =AVERAGEIFS($H$3:$H$253,$C$3:$C$253,$N7,$D$3:$D$253,Q$2) -> 12.875 | V7: =AVERAGEIFS($H$3:$H$253,$C$3:$C$253,$N7,$D$3:$D$253,R$2) -> 13.333333 | W7: =IFERROR(O7/(S7*$L$2),"-") -> 14.708848 | X7: =IFERROR(P7/(T7*$L$2),"-") -> 3.45 | Y7: =IFERROR(Q7/(U7*$L$2),"-") -> 8.0883495 | Z7: =IFERROR(R7/(V7*$L$2),"-") -> 3.196875 | AA7: =SUMIFS($F$3:$F$253,$C$3:$C$253,$N7) -> 1562.8 | AB7: =SUMIFS($F$3:$F$253,$C$3:$C$253,$N7,$D$3:$D$253,P$2) -> 321.4 | AC7: =SUMIFS($F$3:$F$253,$C$3:$C$253,$N7,$D$3:$D$253,Q$2) -> 802.3 | AD7: =SUMIFS($F$3:$F$253,$C$3:$C$253,$N7,$D$3:$D$253,R$2) -> 439.1 | AE7: =AVERAGEIFS($I$3:$I$253,$C$3:$C$253,$N7) -> 13.5 | AF7: =AVERAGEIFS($I$3:$I$253,$C$3:$C$253,$N7,$D$3:$D$253,P$2) -> 12.333333 | AG7: =AVERAGEIFS($I$3:$I$253,$C$3:$C$253,$N7,$D$3:$D$253,Q$2) -> 13 | AH7: =AVERAGEIFS($I$3:$I$253,$C$3:$C$253,$N7,$D$3:$D$253,R$2) -> 16 | AI7: =IFERROR(AA7/(AE7*$L$2),"-") -> 14.47037 | AJ7: =IFERROR(AB7/(AF7*$L$2),"-") -> 3.2574324 | AK7: =IFERROR(AC7/(AG7*$L$2),"-") -> 7.7144231 | AL7: =IFERROR(AD7/(AH7*$L$2),"-") -> 3.4304688 | AM7: =SUMIFS($G$3:$G$253,$C$3:$C$253,$N7) -> 1243.5 | AN7: =SUMIFS($G$3:$G$253,$C$3:$C$253,$N7,$D$3:$D$253,P$2) -> 297.1 | AO7: =SUMIFS($G$3:$G$253,$C$3:$C$253,$N7,$D$3:$D$253,Q$2) -> 627.6 | AP7: =SUMIFS($G$3:$G$253,$C$3:$C$253,$N7,$D$3:$D$253,R$2) -> 318.8 | AQ7: =AVERAGEIFS($J$3:$J$253,$C$3:$C$253,$N7) -> 11.357143 | AR7: =AVERAGEIFS($J$3:$J$253,$C$3:$C$253,$N7,$D$3:$D$253,P$2) -> 11.333333 | AS7: =AVERAGEIFS($J$3:$J$253,$C$3:$C$253,$N7,$D$3:$D$253,Q$2) -> 10.875 | AT7: =AVERAGEIFS($J$3:$J$253,$C$3:$C$253,$N7,$D$3:$D$253,R$2) -> 12.666667 | AU7: =IFERROR(AM7/(AQ7*$L$2),"-") -> 13.686321 | AV7: =IFERROR(AN7/(AR7*$L$2),"-") -> 3.2768382 | AW7: =IFERROR(AO7/(AS7*$L$2),"-") -> 7.2137931 | AX7: =IFERROR(AP7/(AT7*$L$2),"-") -> 3.1460526
A8: 1203053 | B8: =_xlfn.XLOOKUP(A8,monthly_work_hours!A:A,monthly_work_hours!B:B) -> 문은진 | C8: =_xlfn.XLOOKUP(A8,monthly_work_hours!A:A,monthly_work_hours!E:E) -> SCM팀 | D8: =_xlfn.XLOOKUP(A8,monthly_work_hours!A:A,monthly_work_hours!F:F) -> 책임 | E8: =SUMIFS(monthly_work_hours!$M:$M,monthly_work_hours!$A:$A,'FTE 계산'!$A8,monthly_work_hours!$H:$H,'FTE 계산'!E$2) -> 170.4 | F8: =SUMIFS(monthly_work_hours!$M:$M,monthly_work_hours!$A:$A,'FTE 계산'!$A8,monthly_work_hours!$H:$H,'FTE 계산'!F$2) -> 165.4 | G8: =SUMIFS(monthly_work_hours!$M:$M,monthly_work_hours!$A:$A,'FTE 계산'!$A8,monthly_work_hours!$H:$H,'FTE 계산'!G$2) -> 140.3 | H8: =(SUMIFS(monthly_work_hours!$I:$I,monthly_work_hours!$A:$A,'FTE 계산'!$A8,monthly_work_hours!$H:$H,'FTE 계산'!H$2)) - (SUMIFS(monthly_work_hours!$L:$L,monthly_work_hours!$A:$A,'FTE 계산'!$A8,monthly_work_hours!$H:$H,'FTE 계산'!H$2)) -> 17 | I8: =(SUMIFS(monthly_work_hours!$I:$I,monthly_work_hours!$A:$A,'FTE 계산'!$A8,monthly_work_hours!$H:$H,'FTE 계산'!I$2)) - (SUMIFS(monthly_work_hours!$L:$L,monthly_work_hours!$A:$A,'FTE 계산'!$A8,monthly_work_hours!$H:$H,'FTE 계산'!I$2)) -> 18 | J8: =(SUMIFS(monthly_work_hours!$I:$I,monthly_work_hours!$A:$A,'FTE 계산'!$A8,monthly_work_hours!$H:$H,'FTE 계산'!J$2)) - (SUMIFS(monthly_work_hours!$L:$L,monthly_work_hours!$A:$A,'FTE 계산'!$A8,monthly_work_hours!$H:$H,'FTE 계산'!J$2)) -> 16 | N8: FL생산기술팀 | O8: =SUMIFS($E$3:$E$253,$C$3:$C$253,$N8) -> 535.9 | P8: =SUMIFS($E$3:$E$253,$C$3:$C$253,$N8,$D$3:$D$253,P$2) -> 172.1 | Q8: =SUMIFS($E$3:$E$253,$C$3:$C$253,$N8,$D$3:$D$253,Q$2) -> 0 | R8: =SUMIFS($E$3:$E$253,$C$3:$C$253,$N8,$D$3:$D$253,R$2) -> 363.8 | S8: =AVERAGEIFS($H$3:$H$253,$C$3:$C$253,$N8) -> 18 | T8: =AVERAGEIFS($H$3:$H$253,$C$3:$C$253,$N8,$D$3:$D$253,P$2) -> 18 | U8: =AVERAGEIFS($H$3:$H$253,$C$3:$C$253,$N8,$D$3:$D$253,Q$2) -> #DIV/0! | V8: =AVERAGEIFS($H$3:$H$253,$C$3:$C$253,$N8,$D$3:$D$253,R$2) -> 18 | W8: =IFERROR(O8/(S8*$L$2),"-") -> 3.7215278 | X8: =IFERROR(P8/(T8*$L$2),"-") -> 1.1951389 | Y8: =IFERROR(Q8/(U8*$L$2),"-") -> - | Z8: =IFERROR(R8/(V8*$L$2),"-") -> 2.5263889 | AA8: =SUMIFS($F$3:$F$253,$C$3:$C$253,$N8) -> 565.9 | AB8: =SUMIFS($F$3:$F$253,$C$3:$C$253,$N8,$D$3:$D$253,P$2) -> 174 | AC8: =SUMIFS($F$3:$F$253,$C$3:$C$253,$N8,$D$3:$D$253,Q$2) -> 0 | AD8: =SUMIFS($F$3:$F$253,$C$3:$C$253,$N8,$D$3:$D$253,R$2) -> 391.9 | AE8: =AVERAGEIFS($I$3:$I$253,$C$3:$C$253,$N8) -> 18 | AF8: =AVERAGEIFS($I$3:$I$253,$C$3:$C$253,$N8,$D$3:$D$253,P$2) -> 18 | AG8: =AVERAGEIFS($I$3:$I$253,$C$3:$C$253,$N8,$D$3:$D$253,Q$2) -> #DIV/0! | AH8: =AVERAGEIFS($I$3:$I$253,$C$3:$C$253,$N8,$D$3:$D$253,R$2) -> 18 | AI8: =IFERROR(AA8/(AE8*$L$2),"-") -> 3.9298611 | AJ8: =IFERROR(AB8/(AF8*$L$2),"-") -> 1.2083333 | AK8: =IFERROR(AC8/(AG8*$L$2),"-") -> - | AL8: =IFERROR(AD8/(AH8*$L$2),"-") -> 2.7215278 | AM8: =SUMIFS($G$3:$G$253,$C$3:$C$253,$N8) -> 462.2 | AN8: =SUMIFS($G$3:$G$253,$C$3:$C$253,$N8,$D$3:$D$253,P$2) -> 146.6 | AO8: =SUMIFS($G$3:$G$253,$C$3:$C$253,$N8,$D$3:$D$253,Q$2) -> 0 | AP8: =SUMIFS($G$3:$G$253,$C$3:$C$253,$N8,$D$3:$D$253,R$2) -> 315.6 | AQ8: =AVERAGEIFS($J$3:$J$253,$C$3:$C$253,$N8) -> 16.333333 | AR8: =AVERAGEIFS($J$3:$J$253,$C$3:$C$253,$N8,$D$3:$D$253,P$2) -> 16 | AS8: =AVERAGEIFS($J$3:$J$253,$C$3:$C$253,$N8,$D$3:$D$253,Q$2) -> #DIV/0! | AT8: =AVERAGEIFS($J$3:$J$253,$C$3:$C$253,$N8,$D$3:$D$253,R$2) -> 16.5 | AU8: =IFERROR(AM8/(AQ8*$L$2),"-") -> 3.5372449 | AV8: =IFERROR(AN8/(AR8*$L$2),"-") -> 1.1453125 | AW8: =IFERROR(AO8/(AS8*$L$2),"-") -> - | AX8: =IFERROR(AP8/(AT8*$L$2),"-") -> 2.3909091
A9: 1204003 | B9: =_xlfn.XLOOKUP(A9,monthly_work_hours!A:A,monthly_work_hours!B:B) -> 정용규 | C9: =_xlfn.XLOOKUP(A9,monthly_work_hours!A:A,monthly_work_hours!E:E) -> SL생산기술팀 | D9: =_xlfn.XLOOKUP(A9,monthly_work_hours!A:A,monthly_work_hours!F:F) -> 책임 | E9: =SUMIFS(monthly_work_hours!$M:$M,monthly_work_hours!$A:$A,'FTE 계산'!$A9,monthly_work_hours!$H:$H,'FTE 계산'!E$2) -> 147.9 | F9: =SUMIFS(monthly_work_hours!$M:$M,monthly_work_hours!$A:$A,'FTE 계산'!$A9,monthly_work_hours!$H:$H,'FTE 계산'!F$2) -> 191.4 | G9: =SUMIFS(monthly_work_hours!$M:$M,monthly_work_hours!$A:$A,'FTE 계산'!$A9,monthly_work_hours!$H:$H,'FTE 계산'!G$2) -> 149.5 | H9: =(SUMIFS(monthly_work_hours!$I:$I,monthly_work_hours!$A:$A,'FTE 계산'!$A9,monthly_work_hours!$H:$H,'FTE 계산'!H$2)) - (SUMIFS(monthly_work_hours!$L:$L,monthly_work_hours!$A:$A,'FTE 계산'!$A9,monthly_work_hours!$H:$H,'FTE 계산'!H$2)) -> 17 | I9: =(SUMIFS(monthly_work_hours!$I:$I,monthly_work_hours!$A:$A,'FTE 계산'!$A9,monthly_work_hours!$H:$H,'FTE 계산'!I$2)) - (SUMIFS(monthly_work_hours!$L:$L,monthly_work_hours!$A:$A,'FTE 계산'!$A9,monthly_work_hours!$H:$H,'FTE 계산'!I$2)) -> 19 | J9: =(SUMIFS(monthly_work_hours!$I:$I,monthly_work_hours!$A:$A,'FTE 계산'!$A9,monthly_work_hours!$H:$H,'FTE 계산'!J$2)) - (SUMIFS(monthly_work_hours!$L:$L,monthly_work_hours!$A:$A,'FTE 계산'!$A9,monthly_work_hours!$H:$H,'FTE 계산'!J$2)) -> 16 | N9: FL개발팀 | O9: =SUMIFS($E$3:$E$253,$C$3:$C$253,$N9) -> 2148.3 | P9: =SUMIFS($E$3:$E$253,$C$3:$C$253,$N9,$D$3:$D$253,P$2) -> 664.6 | Q9: =SUMIFS($E$3:$E$253,$C$3:$C$253,$N9,$D$3:$D$253,Q$2) -> 1097.9 | R9: =SUMIFS($E$3:$E$253,$C$3:$C$253,$N9,$D$3:$D$253,R$2) -> 385.8 | S9: =AVERAGEIFS($H$3:$H$253,$C$3:$C$253,$N9) -> 15.071429 | T9: =AVERAGEIFS($H$3:$H$253,$C$3:$C$253,$N9,$D$3:$D$253,P$2) -> 18 | U9: =AVERAGEIFS($H$3:$H$253,$C$3:$C$253,$N9,$D$3:$D$253,Q$2) -> 16.428571 | V9: =AVERAGEIFS($H$3:$H$253,$C$3:$C$253,$N9,$D$3:$D$253,R$2) -> 10.5 | W9: =IFERROR(O9/(S9*$L$2),"-") -> 17.817654 | X9: =IFERROR(P9/(T9*$L$2),"-") -> 4.6152778 | Y9: =IFERROR(Q9/(U9*$L$2),"-") -> 8.353587 | Z9: =IFERROR(R9/(V9*$L$2),"-") -> 4.5928571 | AA9: =SUMIFS($F$3:$F$253,$C$3:$C$253,$N9) -> 2209.5 | AB9: =SUMIFS($F$3:$F$253,$C$3:$C$253,$N9,$D$3:$D$253,P$2) -> 540 | AC9: =SUMIFS($F$3:$F$253,$C$3:$C$253,$N9,$D$3:$D$253,Q$2) -> 1144.8 | AD9: =SUMIFS($F$3:$F$253,$C$3:$C$253,$N9,$D$3:$D$253,R$2) -> 524.7 | AE9: =AVERAGEIFS($I$3:$I$253,$C$3:$C$253,$N9) -> 16.285714 | AF9: =AVERAGEIFS($I$3:$I$253,$C$3:$C$253,$N9,$D$3:$D$253,P$2) -> 18 | AG9: =AVERAGEIFS($I$3:$I$253,$C$3:$C$253,$N9,$D$3:$D$253,Q$2) -> 16.428571 | AH9: =AVERAGEIFS($I$3:$I$253,$C$3:$C$253,$N9,$D$3:$D$253,R$2) -> 14.75 | AI9: =IFERROR(AA9/(AE9*$L$2),"-") -> 16.958882 | AJ9: =IFERROR(AB9/(AF9*$L$2),"-") -> 3.75 | AK9: =IFERROR(AC9/(AG9*$L$2),"-") -> 8.7104348 | AL9: =IFERROR(AD9/(AH9*$L$2),"-") -> 4.4466102 | AM9: =SUMIFS($G$3:$G$253,$C$3:$C$253,$N9) -> 1769.8 | AN9: =SUMIFS($G$3:$G$253,$C$3:$C$253,$N9,$D$3:$D$253,P$2) -> 459.6 | AO9: =SUMIFS($G$3:$G$253,$C$3:$C$253,$N9,$D$3:$D$253,Q$2) -> 874.2 | AP9: =SUMIFS($G$3:$G$253,$C$3:$C$253,$N9,$D$3:$D$253,R$2) -> 436 | AQ9: =AVERAGEIFS($J$3:$J$253,$C$3:$C$253,$N9) -> 14.285714 | AR9: =AVERAGEIFS($J$3:$J$253,$C$3:$C$253,$N9,$D$3:$D$253,P$2) -> 16 | AS9: =AVERAGEIFS($J$3:$J$253,$C$3:$C$253,$N9,$D$3:$D$253,Q$2) -> 14 | AT9: =AVERAGEIFS($J$3:$J$253,$C$3:$C$253,$N9,$D$3:$D$253,R$2) -> 13.5 | AU9: =IFERROR(AM9/(AQ9*$L$2),"-") -> 15.48575 | AV9: =IFERROR(AN9/(AR9*$L$2),"-") -> 3.590625 | AW9: =IFERROR(AO9/(AS9*$L$2),"-") -> 7.8053571 | AX9: =IFERROR(AP9/(AT9*$L$2),"-") -> 4.037037
A10: 1204063 | B10: =_xlfn.XLOOKUP(A10,monthly_work_hours!A:A,monthly_work_hours!B:B) -> 김주호 | C10: =_xlfn.XLOOKUP(A10,monthly_work_hours!A:A,monthly_work_hours!E:E) -> SL품질보증팀 | D10: =_xlfn.XLOOKUP(A10,monthly_work_hours!A:A,monthly_work_hours!F:F) -> 책임 | E10: =SUMIFS(monthly_work_hours!$M:$M,monthly_work_hours!$A:$A,'FTE 계산'!$A10,monthly_work_hours!$H:$H,'FTE 계산'!E$2) -> 7 | F10: =SUMIFS(monthly_work_hours!$M:$M,monthly_work_hours!$A:$A,'FTE 계산'!$A10,monthly_work_hours!$H:$H,'FTE 계산'!F$2) -> 0.4 | G10: =SUMIFS(monthly_work_hours!$M:$M,monthly_work_hours!$A:$A,'FTE 계산'!$A10,monthly_work_hours!$H:$H,'FTE 계산'!G$2) -> 22.8 | H10: =(SUMIFS(monthly_work_hours!$I:$I,monthly_work_hours!$A:$A,'FTE 계산'!$A10,monthly_work_hours!$H:$H,'FTE 계산'!H$2)) - (SUMIFS(monthly_work_hours!$L:$L,monthly_work_hours!$A:$A,'FTE 계산'!$A10,monthly_work_hours!$H:$H,'FTE 계산'!H$2)) -> 2 | I10: =(SUMIFS(monthly_work_hours!$I:$I,monthly_work_hours!$A:$A,'FTE 계산'!$A10,monthly_work_hours!$H:$H,'FTE 계산'!I$2)) - (SUMIFS(monthly_work_hours!$L:$L,monthly_work_hours!$A:$A,'FTE 계산'!$A10,monthly_work_hours!$H:$H,'FTE 계산'!I$2)) -> 4 | J10: =(SUMIFS(monthly_work_hours!$I:$I,monthly_work_hours!$A:$A,'FTE 계산'!$A10,monthly_work_hours!$H:$H,'FTE 계산'!J$2)) - (SUMIFS(monthly_work_hours!$L:$L,monthly_work_hours!$A:$A,'FTE 계산'!$A10,monthly_work_hours!$H:$H,'FTE 계산'!J$2)) -> 4 | N10: 선행개발팀 | O10: =SUMIFS($E$3:$E$253,$C$3:$C$253,$N10) -> 1073.8 | P10: =SUMIFS($E$3:$E$253,$C$3:$C$253,$N10,$D$3:$D$253,P$2) -> 293.1 | Q10: =SUMIFS($E$3:$E$253,$C$3:$C$253,$N10,$D$3:$D$253,Q$2) -> 635.4 | R10: =SUMIFS($E$3:$E$253,$C$3:$C$253,$N10,$D$3:$D$253,R$2) -> 145.3 | S10: =AVERAGEIFS($H$3:$H$253,$C$3:$C$253,$N10) -> 16.571429 | T10: =AVERAGEIFS($H$3:$H$253,$C$3:$C$253,$N10,$D$3:$D$253,P$2) -> 16.5 | U10: =AVERAGEIFS($H$3:$H$253,$C$3:$C$253,$N10,$D$3:$D$253,Q$2) -> 16.5 | V10: =AVERAGEIFS($H$3:$H$253,$C$3:$C$253,$N10,$D$3:$D$253,R$2) -> 17 | W10: =IFERROR(O10/(S10*$L$2),"-") -> 8.0997845 | X10: =IFERROR(P10/(T10*$L$2),"-") -> 2.2204545 | Y10: =IFERROR(Q10/(U10*$L$2),"-") -> 4.8136364 | Z10: =IFERROR(R10/(V10*$L$2),"-") -> 1.0683824 | AA10: =SUMIFS($F$3:$F$253,$C$3:$C$253,$N10) -> 936.7 | AB10: =SUMIFS($F$3:$F$253,$C$3:$C$253,$N10,$D$3:$D$253,P$2) -> 291.2 | AC10: =SUMIFS($F$3:$F$253,$C$3:$C$253,$N10,$D$3:$D$253,Q$2) -> 499.6 | AD10: =SUMIFS($F$3:$F$253,$C$3:$C$253,$N10,$D$3:$D$253,R$2) -> 145.9 | AE10: =AVERAGEIFS($I$3:$I$253,$C$3:$C$253,$N10) -> 14.285714 | AF10: =AVERAGEIFS($I$3:$I$253,$C$3:$C$253,$N10,$D$3:$D$253,P$2) -> 17 | AG10: =AVERAGEIFS($I$3:$I$253,$C$3:$C$253,$N10,$D$3:$D$253,Q$2) -> 12.25 | AH10: =AVERAGEIFS($I$3:$I$253,$C$3:$C$253,$N10,$D$3:$D$253,R$2) -> 17 | AI10: =IFERROR(AA10/(AE10*$L$2),"-") -> 8.196125 | AJ10: =IFERROR(AB10/(AF10*$L$2),"-") -> 2.1411765 | AK10: =IFERROR(AC10/(AG10*$L$2),"-") -> 5.0979592 | AL10: =IFERROR(AD10/(AH10*$L$2),"-") -> 1.0727941 | AM10: =SUMIFS($G$3:$G$253,$C$3:$C$253,$N10) -> 739.7 | AN10: =SUMIFS($G$3:$G$253,$C$3:$C$253,$N10,$D$3:$D$253,P$2) -> 237.6 | AO10: =SUMIFS($G$3:$G$253,$C$3:$C$253,$N10,$D$3:$D$253,Q$2) -> 364.3 | AP10: =SUMIFS($G$3:$G$253,$C$3:$C$253,$N10,$D$3:$D$253,R$2) -> 137.8 | AQ10: =AVERAGEIFS($J$3:$J$253,$C$3:$C$253,$N10) -> 12.428571 | AR10: =AVERAGEIFS($J$3:$J$253,$C$3:$C$253,$N10,$D$3:$D$253,P$2) -> 14.5 | AS10: =AVERAGEIFS($J$3:$J$253,$C$3:$C$253,$N10,$D$3:$D$253,Q$2) -> 10.5 | AT10: =AVERAGEIFS($J$3:$J$253,$C$3:$C$253,$N10,$D$3:$D$253,R$2) -> 16 | AU10: =IFERROR(AM10/(AQ10*$L$2),"-") -> 7.4395115 | AV10: =IFERROR(AN10/(AR10*$L$2),"-") -> 2.0482759 | AW10: =IFERROR(AO10/(AS10*$L$2),"-") -> 4.3369048 | AX10: =IFERROR(AP10/(AT10*$L$2),"-") -> 1.0765625
A11: 1204106 | B11: =_xlfn.XLOOKUP(A11,monthly_work_hours!A:A,monthly_work_hours!B:B) -> 김영준 | C11: =_xlfn.XLOOKUP(A11,monthly_work_hours!A:A,monthly_work_hours!E:E) -> 선행개발실 | D11: =_xlfn.XLOOKUP(A11,monthly_work_hours!A:A,monthly_work_hours!F:F) -> 책임 | E11: =SUMIFS(monthly_work_hours!$M:$M,monthly_work_hours!$A:$A,'FTE 계산'!$A11,monthly_work_hours!$H:$H,'FTE 계산'!E$2) -> 218.9 | F11: =SUMIFS(monthly_work_hours!$M:$M,monthly_work_hours!$A:$A,'FTE 계산'!$A11,monthly_work_hours!$H:$H,'FTE 계산'!F$2) -> 160.1 | G11: =SUMIFS(monthly_work_hours!$M:$M,monthly_work_hours!$A:$A,'FTE 계산'!$A11,monthly_work_hours!$H:$H,'FTE 계산'!G$2) -> 133 | H11: =(SUMIFS(monthly_work_hours!$I:$I,monthly_work_hours!$A:$A,'FTE 계산'!$A11,monthly_work_hours!$H:$H,'FTE 계산'!H$2)) - (SUMIFS(monthly_work_hours!$L:$L,monthly_work_hours!$A:$A,'FTE 계산'!$A11,monthly_work_hours!$H:$H,'FTE 계산'!H$2)) -> 14 | I11: =(SUMIFS(monthly_work_hours!$I:$I,monthly_work_hours!$A:$A,'FTE 계산'!$A11,monthly_work_hours!$H:$H,'FTE 계산'!I$2)) - (SUMIFS(monthly_work_hours!$L:$L,monthly_work_hours!$A:$A,'FTE 계산'!$A11,monthly_work_hours!$H:$H,'FTE 계산'!I$2)) -> 16 | J11: =(SUMIFS(monthly_work_hours!$I:$I,monthly_work_hours!$A:$A,'FTE 계산'!$A11,monthly_work_hours!$H:$H,'FTE 계산'!J$2)) - (SUMIFS(monthly_work_hours!$L:$L,monthly_work_hours!$A:$A,'FTE 계산'!$A11,monthly_work_hours!$H:$H,'FTE 계산'!J$2)) -> 15 | N11: FL설계팀 | O11: =SUMIFS($E$3:$E$253,$C$3:$C$253,$N11) -> 2529.2 | P11: =SUMIFS($E$3:$E$253,$C$3:$C$253,$N11,$D$3:$D$253,P$2) -> 288.4 | Q11: =SUMIFS($E$3:$E$253,$C$3:$C$253,$N11,$D$3:$D$253,Q$2) -> 849.7 | R11: =SUMIFS($E$3:$E$253,$C$3:$C$253,$N11,$D$3:$D$253,R$2) -> 1391.1 | S11: =AVERAGEIFS($H$3:$H$253,$C$3:$C$253,$N11) -> 13.363636 | T11: =AVERAGEIFS($H$3:$H$253,$C$3:$C$253,$N11,$D$3:$D$253,P$2) -> 8.5 | U11: =AVERAGEIFS($H$3:$H$253,$C$3:$C$253,$N11,$D$3:$D$253,Q$2) -> 18.5 | V11: =AVERAGEIFS($H$3:$H$253,$C$3:$C$253,$N11,$D$3:$D$253,R$2) -> 13.285714 | W11: =IFERROR(O11/(S11*$L$2),"-") -> 23.657483 | X11: =IFERROR(P11/(T11*$L$2),"-") -> 4.2411765 | Y11: =IFERROR(Q11/(U11*$L$2),"-") -> 5.7412162 | Z11: =IFERROR(R11/(V11*$L$2),"-") -> 13.088306 | AA11: =SUMIFS($F$3:$F$253,$C$3:$C$253,$N11) -> 2628.3 | AB11: =SUMIFS($F$3:$F$253,$C$3:$C$253,$N11,$D$3:$D$253,P$2) -> 366.5 | AC11: =SUMIFS($F$3:$F$253,$C$3:$C$253,$N11,$D$3:$D$253,Q$2) -> 866.2 | AD11: =SUMIFS($F$3:$F$253,$C$3:$C$253,$N11,$D$3:$D$253,R$2) -> 1395.6 | AE11: =AVERAGEIFS($I$3:$I$253,$C$3:$C$253,$N11) -> 15.090909 | AF11: =AVERAGEIFS($I$3:$I$253,$C$3:$C$253,$N11,$D$3:$D$253,P$2) -> 17 | AG11: =AVERAGEIFS($I$3:$I$253,$C$3:$C$253,$N11,$D$3:$D$253,Q$2) -> 20 | AH11: =AVERAGEIFS($I$3:$I$253,$C$3:$C$253,$N11,$D$3:$D$253,R$2) -> 13.142857 | AI11: =IFERROR(AA11/(AE11*$L$2),"-") -> 21.770557 | AJ11: =IFERROR(AB11/(AF11*$L$2),"-") -> 2.6948529 | AK11: =IFERROR(AC11/(AG11*$L$2),"-") -> 5.41375 | AL11: =IFERROR(AD11/(AH11*$L$2),"-") -> 13.27337 | AM11: =SUMIFS($G$3:$G$253,$C$3:$C$253,$N11) -> 2220.9 | AN11: =SUMIFS($G$3:$G$253,$C$3:$C$253,$N11,$D$3:$D$253,P$2) -> 314.9 | AO11: =SUMIFS($G$3:$G$253,$C$3:$C$253,$N11,$D$3:$D$253,Q$2) -> 724.2 | AP11: =SUMIFS($G$3:$G$253,$C$3:$C$253,$N11,$D$3:$D$253,R$2) -> 1181.8 | AQ11: =AVERAGEIFS($J$3:$J$253,$C$3:$C$253,$N11) -> 13.181818 | AR11: =AVERAGEIFS($J$3:$J$253,$C$3:$C$253,$N11,$D$3:$D$253,P$2) -> 14.5 | AS11: =AVERAGEIFS($J$3:$J$253,$C$3:$C$253,$N11,$D$3:$D$253,Q$2) -> 16.5 | AT11: =AVERAGEIFS($J$3:$J$253,$C$3:$C$253,$N11,$D$3:$D$253,R$2) -> 11.857143 | AU11: =IFERROR(AM11/(AQ11*$L$2),"-") -> 21.060259 | AV11: =IFERROR(AN11/(AR11*$L$2),"-") -> 2.7146552 | AW11: =IFERROR(AO11/(AS11*$L$2),"-") -> 5.4863636 | AX11: =IFERROR(AP11/(AT11*$L$2),"-") -> 12.458735
A12: 1204115 | B12: =_xlfn.XLOOKUP(A12,monthly_work_hours!A:A,monthly_work_hours!B:B) -> 이용재 | C12: =_xlfn.XLOOKUP(A12,monthly_work_hours!A:A,monthly_work_hours!E:E) -> FL생산기술팀 | D12: =_xlfn.XLOOKUP(A12,monthly_work_hours!A:A,monthly_work_hours!F:F) -> 책임 | E12: =SUMIFS(monthly_work_hours!$M:$M,monthly_work_hours!$A:$A,'FTE 계산'!$A12,monthly_work_hours!$H:$H,'FTE 계산'!E$2) -> 172.1 | F12: =SUMIFS(monthly_work_hours!$M:$M,monthly_work_hours!$A:$A,'FTE 계산'!$A12,monthly_work_hours!$H:$H,'FTE 계산'!F$2) -> 174 | G12: =SUMIFS(monthly_work_hours!$M:$M,monthly_work_hours!$A:$A,'FTE 계산'!$A12,monthly_work_hours!$H:$H,'FTE 계산'!G$2) -> 146.6 | H12: =(SUMIFS(monthly_work_hours!$I:$I,monthly_work_hours!$A:$A,'FTE 계산'!$A12,monthly_work_hours!$H:$H,'FTE 계산'!H$2)) - (SUMIFS(monthly_work_hours!$L:$L,monthly_work_hours!$A:$A,'FTE 계산'!$A12,monthly_work_hours!$H:$H,'FTE 계산'!H$2)) -> 18 | I12: =(SUMIFS(monthly_work_hours!$I:$I,monthly_work_hours!$A:$A,'FTE 계산'!$A12,monthly_work_hours!$H:$H,'FTE 계산'!I$2)) - (SUMIFS(monthly_work_hours!$L:$L,monthly_work_hours!$A:$A,'FTE 계산'!$A12,monthly_work_hours!$H:$H,'FTE 계산'!I$2)) -> 18 | J12: =(SUMIFS(monthly_work_hours!$I:$I,monthly_work_hours!$A:$A,'FTE 계산'!$A12,monthly_work_hours!$H:$H,'FTE 계산'!J$2)) - (SUMIFS(monthly_work_hours!$L:$L,monthly_work_hours!$A:$A,'FTE 계산'!$A12,monthly_work_hours!$H:$H,'FTE 계산'!J$2)) -> 16 | N12: 품질경영팀 | O12: =SUMIFS($E$3:$E$253,$C$3:$C$253,$N12) -> 1175.7 | P12: =SUMIFS($E$3:$E$253,$C$3:$C$253,$N12,$D$3:$D$253,P$2) -> 332.1 | Q12: =SUMIFS($E$3:$E$253,$C$3:$C$253,$N12,$D$3:$D$253,Q$2) -> 675.1 | R12: =SUMIFS($E$3:$E$253,$C$3:$C$253,$N12,$D$3:$D$253,R$2) -> 168.5 | S12: =AVERAGEIFS($H$3:$H$253,$C$3:$C$253,$N12) -> 18.428571 | T12: =AVERAGEIFS($H$3:$H$253,$C$3:$C$253,$N12,$D$3:$D$253,P$2) -> 18.5 | U12: =AVERAGEIFS($H$3:$H$253,$C$3:$C$253,$N12,$D$3:$D$253,Q$2) -> 18.5 | V12: =AVERAGEIFS($H$3:$H$253,$C$3:$C$253,$N12,$D$3:$D$253,R$2) -> 18 | W12: =IFERROR(O12/(S12*$L$2),"-") -> 7.9747093 | X12: =IFERROR(P12/(T12*$L$2),"-") -> 2.2439189 | Y12: =IFERROR(Q12/(U12*$L$2),"-") -> 4.5614865 | Z12: =IFERROR(R12/(V12*$L$2),"-") -> 1.1701389 | AA12: =SUMIFS($F$3:$F$253,$C$3:$C$253,$N12) -> 1141.8 | AB12: =SUMIFS($F$3:$F$253,$C$3:$C$253,$N12,$D$3:$D$253,P$2) -> 337.1 | AC12: =SUMIFS($F$3:$F$253,$C$3:$C$253,$N12,$D$3:$D$253,Q$2) -> 649 | AD12: =SUMIFS($F$3:$F$253,$C$3:$C$253,$N12,$D$3:$D$253,R$2) -> 155.7 | AE12: =AVERAGEIFS($I$3:$I$253,$C$3:$C$253,$N12) -> 17.857143 | AF12: =AVERAGEIFS($I$3:$I$253,$C$3:$C$253,$N12,$D$3:$D$253,P$2) -> 18 | AG12: =AVERAGEIFS($I$3:$I$253,$C$3:$C$253,$N12,$D$3:$D$253,Q$2) -> 18 | AH12: =AVERAGEIFS($I$3:$I$253,$C$3:$C$253,$N12,$D$3:$D$253,R$2) -> 17 | AI12: =IFERROR(AA12/(AE12*$L$2),"-") -> 7.9926 | AJ12: =IFERROR(AB12/(AF12*$L$2),"-") -> 2.3409722 | AK12: =IFERROR(AC12/(AG12*$L$2),"-") -> 4.5069444 | AL12: =IFERROR(AD12/(AH12*$L$2),"-") -> 1.1448529 | AM12: =SUMIFS($G$3:$G$253,$C$3:$C$253,$N12) -> 973 | AN12: =SUMIFS($G$3:$G$253,$C$3:$C$253,$N12,$D$3:$D$253,P$2) -> 282.1 | AO12: =SUMIFS($G$3:$G$253,$C$3:$C$253,$N12,$D$3:$D$253,Q$2) -> 551.3 | AP12: =SUMIFS($G$3:$G$253,$C$3:$C$253,$N12,$D$3:$D$253,R$2) -> 139.6 | AQ12: =AVERAGEIFS($J$3:$J$253,$C$3:$C$253,$N12) -> 15.857143 | AR12: =AVERAGEIFS($J$3:$J$253,$C$3:$C$253,$N12,$D$3:$D$253,P$2) -> 15.5 | AS12: =AVERAGEIFS($J$3:$J$253,$C$3:$C$253,$N12,$D$3:$D$253,Q$2) -> 16 | AT12: =AVERAGEIFS($J$3:$J$253,$C$3:$C$253,$N12,$D$3:$D$253,R$2) -> 16 | AU12: =IFERROR(AM12/(AQ12*$L$2),"-") -> 7.670045 | AV12: =IFERROR(AN12/(AR12*$L$2),"-") -> 2.275 | AW12: =IFERROR(AO12/(AS12*$L$2),"-") -> 4.3070312 | AX12: =IFERROR(AP12/(AT12*$L$2),"-") -> 1.090625
A13: 1205081 | B13: =_xlfn.XLOOKUP(A13,monthly_work_hours!A:A,monthly_work_hours!B:B) -> 이호진 | C13: =_xlfn.XLOOKUP(A13,monthly_work_hours!A:A,monthly_work_hours!E:E) -> #N/A | D13: =_xlfn.XLOOKUP(A13,monthly_work_hours!A:A,monthly_work_hours!F:F) -> 기능주임 | E13: =SUMIFS(monthly_work_hours!$M:$M,monthly_work_hours!$A:$A,'FTE 계산'!$A13,monthly_work_hours!$H:$H,'FTE 계산'!E$2) -> 0 | F13: =SUMIFS(monthly_work_hours!$M:$M,monthly_work_hours!$A:$A,'FTE 계산'!$A13,monthly_work_hours!$H:$H,'FTE 계산'!F$2) -> 0 | G13: =SUMIFS(monthly_work_hours!$M:$M,monthly_work_hours!$A:$A,'FTE 계산'!$A13,monthly_work_hours!$H:$H,'FTE 계산'!G$2) -> 0 | H13: =(SUMIFS(monthly_work_hours!$I:$I,monthly_work_hours!$A:$A,'FTE 계산'!$A13,monthly_work_hours!$H:$H,'FTE 계산'!H$2)) - (SUMIFS(monthly_work_hours!$L:$L,monthly_work_hours!$A:$A,'FTE 계산'!$A13,monthly_work_hours!$H:$H,'FTE 계산'!H$2)) -> 0 | I13: =(SUMIFS(monthly_work_hours!$I:$I,monthly_work_hours!$A:$A,'FTE 계산'!$A13,monthly_work_hours!$H:$H,'FTE 계산'!I$2)) - (SUMIFS(monthly_work_hours!$L:$L,monthly_work_hours!$A:$A,'FTE 계산'!$A13,monthly_work_hours!$H:$H,'FTE 계산'!I$2)) -> 1 | J13: =(SUMIFS(monthly_work_hours!$I:$I,monthly_work_hours!$A:$A,'FTE 계산'!$A13,monthly_work_hours!$H:$H,'FTE 계산'!J$2)) - (SUMIFS(monthly_work_hours!$L:$L,monthly_work_hours!$A:$A,'FTE 계산'!$A13,monthly_work_hours!$H:$H,'FTE 계산'!J$2)) -> 0 | N13: B/H사업팀 | O13: =SUMIFS($E$3:$E$253,$C$3:$C$253,$N13) -> 1191.8 | P13: =SUMIFS($E$3:$E$253,$C$3:$C$253,$N13,$D$3:$D$253,P$2) -> 329.2 | Q13: =SUMIFS($E$3:$E$253,$C$3:$C$253,$N13,$D$3:$D$253,Q$2) -> 678.7 | R13: =SUMIFS($E$3:$E$253,$C$3:$C$253,$N13,$D$3:$D$253,R$2) -> 183.9 | S13: =AVERAGEIFS($H$3:$H$253,$C$3:$C$253,$N13) -> 17.857143 | T13: =AVERAGEIFS($H$3:$H$253,$C$3:$C$253,$N13,$D$3:$D$253,P$2) -> 16.5 | U13: =AVERAGEIFS($H$3:$H$253,$C$3:$C$253,$N13,$D$3:$D$253,Q$2) -> 18.25 | V13: =AVERAGEIFS($H$3:$H$253,$C$3:$C$253,$N13,$D$3:$D$253,R$2) -> 19 | W13: =IFERROR(O13/(S13*$L$2),"-") -> 8.3426 | X13: =IFERROR(P13/(T13*$L$2),"-") -> 2.4939394 | Y13: =IFERROR(Q13/(U13*$L$2),"-") -> 4.6486301 | Z13: =IFERROR(R13/(V13*$L$2),"-") -> 1.2098684 | AA13: =SUMIFS($F$3:$F$253,$C$3:$C$253,$N13) -> 1211.4 | AB13: =SUMIFS($F$3:$F$253,$C$3:$C$253,$N13,$D$3:$D$253,P$2) -> 362 | AC13: =SUMIFS($F$3:$F$253,$C$3:$C$253,$N13,$D$3:$D$253,Q$2) -> 672.1 | AD13: =SUMIFS($F$3:$F$253,$C$3:$C$253,$N13,$D$3:$D$253,R$2) -> 177.3 | AE13: =AVERAGEIFS($I$3:$I$253,$C$3:$C$253,$N13) -> 18.142857 | AF13: =AVERAGEIFS($I$3:$I$253,$C$3:$C$253,$N13,$D$3:$D$253,P$2) -> 19 | AG13: =AVERAGEIFS($I$3:$I$253,$C$3:$C$253,$N13,$D$3:$D$253,Q$2) -> 17.5 | AH13: =AVERAGEIFS($I$3:$I$253,$C$3:$C$253,$N13,$D$3:$D$253,R$2) -> 19 | AI13: =IFERROR(AA13/(AE13*$L$2),"-") -> 8.3462598 | AJ13: =IFERROR(AB13/(AF13*$L$2),"-") -> 2.3815789 | AK13: =IFERROR(AC13/(AG13*$L$2),"-") -> 4.8007143 | AL13: =IFERROR(AD13/(AH13*$L$2),"-") -> 1.1664474 | AM13: =SUMIFS($G$3:$G$253,$C$3:$C$253,$N13) -> 1029.1 | AN13: =SUMIFS($G$3:$G$253,$C$3:$C$253,$N13,$D$3:$D$253,P$2) -> 303.4 | AO13: =SUMIFS($G$3:$G$253,$C$3:$C$253,$N13,$D$3:$D$253,Q$2) -> 579 | AP13: =SUMIFS($G$3:$G$253,$C$3:$C$253,$N13,$D$3:$D$253,R$2) -> 146.7 | AQ13: =AVERAGEIFS($J$3:$J$253,$C$3:$C$253,$N13) -> 15.571429 | AR13: =AVERAGEIFS($J$3:$J$253,$C$3:$C$253,$N13,$D$3:$D$253,P$2) -> 16 | AS13: =AVERAGEIFS($J$3:$J$253,$C$3:$C$253,$N13,$D$3:$D$253,Q$2) -> 15.25 | AT13: =AVERAGEIFS($J$3:$J$253,$C$3:$C$253,$N13,$D$3:$D$253,R$2) -> 16 | AU13: =IFERROR(AM13/(AQ13*$L$2),"-") -> 8.2611239 | AV13: =IFERROR(AN13/(AR13*$L$2),"-") -> 2.3703125 | AW13: =IFERROR(AO13/(AS13*$L$2),"-") -> 4.7459016 | AX13: =IFERROR(AP13/(AT13*$L$2),"-") -> 1.1460937
A14: 1205094 | B14: =_xlfn.XLOOKUP(A14,monthly_work_hours!A:A,monthly_work_hours!B:B) -> 강동현 | C14: =_xlfn.XLOOKUP(A14,monthly_work_hours!A:A,monthly_work_hours!E:E) -> FL개발팀 | D14: =_xlfn.XLOOKUP(A14,monthly_work_hours!A:A,monthly_work_hours!F:F) -> 책임 | E14: =SUMIFS(monthly_work_hours!$M:$M,monthly_work_hours!$A:$A,'FTE 계산'!$A14,monthly_work_hours!$H:$H,'FTE 계산'!E$2) -> 283.6 | F14: =SUMIFS(monthly_work_hours!$M:$M,monthly_work_hours!$A:$A,'FTE 계산'!$A14,monthly_work_hours!$H:$H,'FTE 계산'!F$2) -> 165.9 | G14: =SUMIFS(monthly_work_hours!$M:$M,monthly_work_hours!$A:$A,'FTE 계산'!$A14,monthly_work_hours!$H:$H,'FTE 계산'!G$2) -> 151.8 | H14: =(SUMIFS(monthly_work_hours!$I:$I,monthly_work_hours!$A:$A,'FTE 계산'!$A14,monthly_work_hours!$H:$H,'FTE 계산'!H$2)) - (SUMIFS(monthly_work_hours!$L:$L,monthly_work_hours!$A:$A,'FTE 계산'!$A14,monthly_work_hours!$H:$H,'FTE 계산'!H$2)) -> 19 | I14: =(SUMIFS(monthly_work_hours!$I:$I,monthly_work_hours!$A:$A,'FTE 계산'!$A14,monthly_work_hours!$H:$H,'FTE 계산'!I$2)) - (SUMIFS(monthly_work_hours!$L:$L,monthly_work_hours!$A:$A,'FTE 계산'!$A14,monthly_work_hours!$H:$H,'FTE 계산'!I$2)) -> 16 | J14: =(SUMIFS(monthly_work_hours!$I:$I,monthly_work_hours!$A:$A,'FTE 계산'!$A14,monthly_work_hours!$H:$H,'FTE 계산'!J$2)) - (SUMIFS(monthly_work_hours!$L:$L,monthly_work_hours!$A:$A,'FTE 계산'!$A14,monthly_work_hours!$H:$H,'FTE 계산'!J$2)) -> 16 | N14: 관체사업팀 | O14: =SUMIFS($E$3:$E$253,$C$3:$C$253,$N14) -> 2093.3 | P14: =SUMIFS($E$3:$E$253,$C$3:$C$253,$N14,$D$3:$D$253,P$2) -> 779.5 | Q14: =SUMIFS($E$3:$E$253,$C$3:$C$253,$N14,$D$3:$D$253,Q$2) -> 1152.5 | R14: =SUMIFS($E$3:$E$253,$C$3:$C$253,$N14,$D$3:$D$253,R$2) -> 161.3 | S14: =AVERAGEIFS($H$3:$H$253,$C$3:$C$253,$N14) -> 17.909091 | T14: =AVERAGEIFS($H$3:$H$253,$C$3:$C$253,$N14,$D$3:$D$253,P$2) -> 18.5 | U14: =AVERAGEIFS($H$3:$H$253,$C$3:$C$253,$N14,$D$3:$D$253,Q$2) -> 17.333333 | V14: =AVERAGEIFS($H$3:$H$253,$C$3:$C$253,$N14,$D$3:$D$253,R$2) -> 19 | W14: =IFERROR(O14/(S14*$L$2),"-") -> 14.610596 | X14: =IFERROR(P14/(T14*$L$2),"-") -> 5.2668919 | Y14: =IFERROR(Q14/(U14*$L$2),"-") -> 8.3112981 | Z14: =IFERROR(R14/(V14*$L$2),"-") -> 1.0611842 | AA14: =SUMIFS($F$3:$F$253,$C$3:$C$253,$N14) -> 2411.9 | AB14: =SUMIFS($F$3:$F$253,$C$3:$C$253,$N14,$D$3:$D$253,P$2) -> 773.6 | AC14: =SUMIFS($F$3:$F$253,$C$3:$C$253,$N14,$D$3:$D$253,Q$2) -> 1478.1 | AD14: =SUMIFS($F$3:$F$253,$C$3:$C$253,$N14,$D$3:$D$253,R$2) -> 160.2 | AE14: =AVERAGEIFS($I$3:$I$253,$C$3:$C$253,$N14) -> 18 | AF14: =AVERAGEIFS($I$3:$I$253,$C$3:$C$253,$N14,$D$3:$D$253,P$2) -> 18.25 | AG14: =AVERAGEIFS($I$3:$I$253,$C$3:$C$253,$N14,$D$3:$D$253,Q$2) -> 17.833333 | AH14: =AVERAGEIFS($I$3:$I$253,$C$3:$C$253,$N14,$D$3:$D$253,R$2) -> 18 | AI14: =IFERROR(AA14/(AE14*$L$2),"-") -> 16.749306 | AJ14: =IFERROR(AB14/(AF14*$L$2),"-") -> 5.2986301 | AK14: =IFERROR(AC14/(AG14*$L$2),"-") -> 10.360514 | AL14: =IFERROR(AD14/(AH14*$L$2),"-") -> 1.1125 | AM14: =SUMIFS($G$3:$G$253,$C$3:$C$253,$N14) -> 1948.9 | AN14: =SUMIFS($G$3:$G$253,$C$3:$C$253,$N14,$D$3:$D$253,P$2) -> 632 | AO14: =SUMIFS($G$3:$G$253,$C$3:$C$253,$N14,$D$3:$D$253,Q$2) -> 1191.1 | AP14: =SUMIFS($G$3:$G$253,$C$3:$C$253,$N14,$D$3:$D$253,R$2) -> 125.8 | AQ14: =AVERAGEIFS($J$3:$J$253,$C$3:$C$253,$N14) -> 15.545455 | AR14: =AVERAGEIFS($J$3:$J$253,$C$3:$C$253,$N14,$D$3:$D$253,P$2) -> 15.75 | AS14: =AVERAGEIFS($J$3:$J$253,$C$3:$C$253,$N14,$D$3:$D$253,Q$2) -> 15.833333 | AT14: =AVERAGEIFS($J$3:$J$253,$C$3:$C$253,$N14,$D$3:$D$253,R$2) -> 13 | AU14: =IFERROR(AM14/(AQ14*$L$2),"-") -> 15.67098 | AV14: =IFERROR(AN14/(AR14*$L$2),"-") -> 5.015873 | AW14: =IFERROR(AO14/(AS14*$L$2),"-") -> 9.4034211 | AX14: =IFERROR(AP14/(AT14*$L$2),"-") -> 1.2096154
A15: 1205105 | B15: =_xlfn.XLOOKUP(A15,monthly_work_hours!A:A,monthly_work_hours!B:B) -> 엄중호 | C15: =_xlfn.XLOOKUP(A15,monthly_work_hours!A:A,monthly_work_hours!E:E) -> #N/A | D15: =_xlfn.XLOOKUP(A15,monthly_work_hours!A:A,monthly_work_hours!F:F) -> 기능주임 | E15: =SUMIFS(monthly_work_hours!$M:$M,monthly_work_hours!$A:$A,'FTE 계산'!$A15,monthly_work_hours!$H:$H,'FTE 계산'!E$2) -> 103.6 | F15: =SUMIFS(monthly_work_hours!$M:$M,monthly_work_hours!$A:$A,'FTE 계산'!$A15,monthly_work_hours!$H:$H,'FTE 계산'!F$2) -> 95.7 | G15: =SUMIFS(monthly_work_hours!$M:$M,monthly_work_hours!$A:$A,'FTE 계산'!$A15,monthly_work_hours!$H:$H,'FTE 계산'!G$2) -> 97.8 | H15: =(SUMIFS(monthly_work_hours!$I:$I,monthly_work_hours!$A:$A,'FTE 계산'!$A15,monthly_work_hours!$H:$H,'FTE 계산'!H$2)) - (SUMIFS(monthly_work_hours!$L:$L,monthly_work_hours!$A:$A,'FTE 계산'!$A15,monthly_work_hours!$H:$H,'FTE 계산'!H$2)) -> 20 | I15: =(SUMIFS(monthly_work_hours!$I:$I,monthly_work_hours!$A:$A,'FTE 계산'!$A15,monthly_work_hours!$H:$H,'FTE 계산'!I$2)) - (SUMIFS(monthly_work_hours!$L:$L,monthly_work_hours!$A:$A,'FTE 계산'!$A15,monthly_work_hours!$H:$H,'FTE 계산'!I$2)) -> 19 | J15: =(SUMIFS(monthly_work_hours!$I:$I,monthly_work_hours!$A:$A,'FTE 계산'!$A15,monthly_work_hours!$H:$H,'FTE 계산'!J$2)) - (SUMIFS(monthly_work_hours!$L:$L,monthly_work_hours!$A:$A,'FTE 계산'!$A15,monthly_work_hours!$H:$H,'FTE 계산'!J$2)) -> 17 | N15: 열관리사업팀 | O15: =SUMIFS($E$3:$E$253,$C$3:$C$253,$N15) -> 1015.5 | P15: =SUMIFS($E$3:$E$253,$C$3:$C$253,$N15,$D$3:$D$253,P$2) -> 337.1 | Q15: =SUMIFS($E$3:$E$253,$C$3:$C$253,$N15,$D$3:$D$253,Q$2) -> 678.4 | R15: =SUMIFS($E$3:$E$253,$C$3:$C$253,$N15,$D$3:$D$253,R$2) -> 0 | S15: =AVERAGEIFS($H$3:$H$253,$C$3:$C$253,$N15) -> 17 | T15: =AVERAGEIFS($H$3:$H$253,$C$3:$C$253,$N15,$D$3:$D$253,P$2) -> 16 | U15: =AVERAGEIFS($H$3:$H$253,$C$3:$C$253,$N15,$D$3:$D$253,Q$2) -> 17.5 | V15: =AVERAGEIFS($H$3:$H$253,$C$3:$C$253,$N15,$D$3:$D$253,R$2) -> #DIV/0! | W15: =IFERROR(O15/(S15*$L$2),"-") -> 7.4669118 | X15: =IFERROR(P15/(T15*$L$2),"-") -> 2.6335938 | Y15: =IFERROR(Q15/(U15*$L$2),"-") -> 4.8457143 | Z15: =IFERROR(R15/(V15*$L$2),"-") -> - | AA15: =SUMIFS($F$3:$F$253,$C$3:$C$253,$N15) -> 1099.1 | AB15: =SUMIFS($F$3:$F$253,$C$3:$C$253,$N15,$D$3:$D$253,P$2) -> 363.8 | AC15: =SUMIFS($F$3:$F$253,$C$3:$C$253,$N15,$D$3:$D$253,Q$2) -> 735.3 | AD15: =SUMIFS($F$3:$F$253,$C$3:$C$253,$N15,$D$3:$D$253,R$2) -> 0 | AE15: =AVERAGEIFS($I$3:$I$253,$C$3:$C$253,$N15) -> 18.666667 | AF15: =AVERAGEIFS($I$3:$I$253,$C$3:$C$253,$N15,$D$3:$D$253,P$2) -> 19 | AG15: =AVERAGEIFS($I$3:$I$253,$C$3:$C$253,$N15,$D$3:$D$253,Q$2) -> 18.5 | AH15: =AVERAGEIFS($I$3:$I$253,$C$3:$C$253,$N15,$D$3:$D$253,R$2) -> #DIV/0! | AI15: =IFERROR(AA15/(AE15*$L$2),"-") -> 7.3600446 | AJ15: =IFERROR(AB15/(AF15*$L$2),"-") -> 2.3934211 | AK15: =IFERROR(AC15/(AG15*$L$2),"-") -> 4.9682432 | AL15: =IFERROR(AD15/(AH15*$L$2),"-") -> - | AM15: =SUMIFS($G$3:$G$253,$C$3:$C$253,$N15) -> 882.8 | AN15: =SUMIFS($G$3:$G$253,$C$3:$C$253,$N15,$D$3:$D$253,P$2) -> 284.3 | AO15: =SUMIFS($G$3:$G$253,$C$3:$C$253,$N15,$D$3:$D$253,Q$2) -> 598.5 | AP15: =SUMIFS($G$3:$G$253,$C$3:$C$253,$N15,$D$3:$D$253,R$2) -> 0 | AQ15: =AVERAGEIFS($J$3:$J$253,$C$3:$C$253,$N15) -> 15.666667 | AR15: =AVERAGEIFS($J$3:$J$253,$C$3:$C$253,$N15,$D$3:$D$253,P$2) -> 16 | AS15: =AVERAGEIFS($J$3:$J$253,$C$3:$C$253,$N15,$D$3:$D$253,Q$2) -> 15.5 | AT15: =AVERAGEIFS($J$3:$J$253,$C$3:$C$253,$N15,$D$3:$D$253,R$2) -> #DIV/0! | AU15: =IFERROR(AM15/(AQ15*$L$2),"-") -> 7.043617 | AV15: =IFERROR(AN15/(AR15*$L$2),"-") -> 2.2210938 | AW15: =IFERROR(AO15/(AS15*$L$2),"-") -> 4.8266129 | AX15: =IFERROR(AP15/(AT15*$L$2),"-") -> -
... A33: 1210014 | B33: =_xlfn.XLOOKUP(A33,monthly_work_hours!A:A,monthly_work_hours!B:B) -> 이장희 | C33: =_xlfn.XLOOKUP(A33,monthly_work_hours!A:A,monthly_work_hours!E:E) -> SL구매팀 | D33: =_xlfn.XLOOKUP(A33,monthly_work_hours!A:A,monthly_work_hours!F:F) -> 책임 | E33: =SUMIFS(monthly_work_hours!$M:$M,monthly_work_hours!$A:$A,'FTE 계산'!$A33,monthly_work_hours!$H:$H,'FTE 계산'!E$2) -> 191.7 | F33: =SUMIFS(monthly_work_hours!$M:$M,monthly_work_hours!$A:$A,'FTE 계산'!$A33,monthly_work_hours!$H:$H,'FTE 계산'!F$2) -> 188.8 | G33: =SUMIFS(monthly_work_hours!$M:$M,monthly_work_hours!$A:$A,'FTE 계산'!$A33,monthly_work_hours!$H:$H,'FTE 계산'!G$2) -> 172.3 | H33: =(SUMIFS(monthly_work_hours!$I:$I,monthly_work_hours!$A:$A,'FTE 계산'!$A33,monthly_work_hours!$H:$H,'FTE 계산'!H$2)) - (SUMIFS(monthly_work_hours!$L:$L,monthly_work_hours!$A:$A,'FTE 계산'!$A33,monthly_work_hours!$H:$H,'FTE 계산'!H$2)) -> 18 | I33: =(SUMIFS(monthly_work_hours!$I:$I,monthly_work_hours!$A:$A,'FTE 계산'!$A33,monthly_work_hours!$H:$H,'FTE 계산'!I$2)) - (SUMIFS(monthly_work_hours!$L:$L,monthly_work_hours!$A:$A,'FTE 계산'!$A33,monthly_work_hours!$H:$H,'FTE 계산'!I$2)) -> 18 | J33: =(SUMIFS(monthly_work_hours!$I:$I,monthly_work_hours!$A:$A,'FTE 계산'!$A33,monthly_work_hours!$H:$H,'FTE 계산'!J$2)) - (SUMIFS(monthly_work_hours!$L:$L,monthly_work_hours!$A:$A,'FTE 계산'!$A33,monthly_work_hours!$H:$H,'FTE 계산'!J$2)) -> 16 | N33: SL상생협력팀 | O33: =SUMIFS($E$3:$E$253,$C$3:$C$253,$N33) -> 155.5 | P33: =SUMIFS($E$3:$E$253,$C$3:$C$253,$N33,$D$3:$D$253,P$2) -> 0 | Q33: =SUMIFS($E$3:$E$253,$C$3:$C$253,$N33,$D$3:$D$253,Q$2) -> 0 | R33: =SUMIFS($E$3:$E$253,$C$3:$C$253,$N33,$D$3:$D$253,R$2) -> 155.5 | S33: =AVERAGEIFS($H$3:$H$253,$C$3:$C$253,$N33) -> 17 | T33: =AVERAGEIFS($H$3:$H$253,$C$3:$C$253,$N33,$D$3:$D$253,P$2) -> #DIV/0! | U33: =AVERAGEIFS($H$3:$H$253,$C$3:$C$253,$N33,$D$3:$D$253,Q$2) -> #DIV/0! | V33: =AVERAGEIFS($H$3:$H$253,$C$3:$C$253,$N33,$D$3:$D$253,R$2) -> 17 | W33: =IFERROR(O33/(S33*$L$2),"-") -> 1.1433824 | X33: =IFERROR(P33/(T33*$L$2),"-") -> - | Y33: =IFERROR(Q33/(U33*$L$2),"-") -> - | Z33: =IFERROR(R33/(V33*$L$2),"-") -> 1.1433824 | AA33: =SUMIFS($F$3:$F$253,$C$3:$C$253,$N33) -> 178.6 | AB33: =SUMIFS($F$3:$F$253,$C$3:$C$253,$N33,$D$3:$D$253,P$2) -> 0 | AC33: =SUMIFS($F$3:$F$253,$C$3:$C$253,$N33,$D$3:$D$253,Q$2) -> 0 | AD33: =SUMIFS($F$3:$F$253,$C$3:$C$253,$N33,$D$3:$D$253,R$2) -> 178.6 | AE33: =AVERAGEIFS($I$3:$I$253,$C$3:$C$253,$N33) -> 19 | AF33: =AVERAGEIFS($I$3:$I$253,$C$3:$C$253,$N33,$D$3:$D$253,P$2) -> #DIV/0! | AG33: =AVERAGEIFS($I$3:$I$253,$C$3:$C$253,$N33,$D$3:$D$253,Q$2) -> #DIV/0! | AH33: =AVERAGEIFS($I$3:$I$253,$C$3:$C$253,$N33,$D$3:$D$253,R$2) -> 19 | AI33: =IFERROR(AA33/(AE33*$L$2),"-") -> 1.175 | AJ33: =IFERROR(AB33/(AF33*$L$2),"-") -> - | AK33: =IFERROR(AC33/(AG33*$L$2),"-") -> - | AL33: =IFERROR(AD33/(AH33*$L$2),"-") -> 1.175 | AM33: =SUMIFS($G$3:$G$253,$C$3:$C$253,$N33) -> 140.3 | AN33: =SUMIFS($G$3:$G$253,$C$3:$C$253,$N33,$D$3:$D$253,P$2) -> 0 | AO33: =SUMIFS($G$3:$G$253,$C$3:$C$253,$N33,$D$3:$D$253,Q$2) -> 0 | AP33: =SUMIFS($G$3:$G$253,$C$3:$C$253,$N33,$D$3:$D$253,R$2) -> 140.3 | AQ33: =AVERAGEIFS($J$3:$J$253,$C$3:$C$253,$N33) -> 16 | AR33: =AVERAGEIFS($J$3:$J$253,$C$3:$C$253,$N33,$D$3:$D$253,P$2) -> #DIV/0! | AS33: =AVERAGEIFS($J$3:$J$253,$C$3:$C$253,$N33,$D$3:$D$253,Q$2) -> #DIV/0! | AT33: =AVERAGEIFS($J$3:$J$253,$C$3:$C$253,$N33,$D$3:$D$253,R$2) -> 16 | AU33: =IFERROR(AM33/(AQ33*$L$2),"-") -> 1.0960938 | AV33: =IFERROR(AN33/(AR33*$L$2),"-") -> - | AW33: =IFERROR(AO33/(AS33*$L$2),"-") -> - | AX33: =IFERROR(AP33/(AT33*$L$2),"-") -> 1.0960938
A34: 1210019 | B34: =_xlfn.XLOOKUP(A34,monthly_work_hours!A:A,monthly_work_hours!B:B) -> 심재덕 | C34: =_xlfn.XLOOKUP(A34,monthly_work_hours!A:A,monthly_work_hours!E:E) -> 상생협력팀 | D34: =_xlfn.XLOOKUP(A34,monthly_work_hours!A:A,monthly_work_hours!F:F) -> 책임 | E34: =SUMIFS(monthly_work_hours!$M:$M,monthly_work_hours!$A:$A,'FTE 계산'!$A34,monthly_work_hours!$H:$H,'FTE 계산'!E$2) -> 194.7 | F34: =SUMIFS(monthly_work_hours!$M:$M,monthly_work_hours!$A:$A,'FTE 계산'!$A34,monthly_work_hours!$H:$H,'FTE 계산'!F$2) -> 209.5 | G34: =SUMIFS(monthly_work_hours!$M:$M,monthly_work_hours!$A:$A,'FTE 계산'!$A34,monthly_work_hours!$H:$H,'FTE 계산'!G$2) -> 174.7 | H34: =(SUMIFS(monthly_work_hours!$I:$I,monthly_work_hours!$A:$A,'FTE 계산'!$A34,monthly_work_hours!$H:$H,'FTE 계산'!H$2)) - (SUMIFS(monthly_work_hours!$L:$L,monthly_work_hours!$A:$A,'FTE 계산'!$A34,monthly_work_hours!$H:$H,'FTE 계산'!H$2)) -> 18 | I34: =(SUMIFS(monthly_work_hours!$I:$I,monthly_work_hours!$A:$A,'FTE 계산'!$A34,monthly_work_hours!$H:$H,'FTE 계산'!I$2)) - (SUMIFS(monthly_work_hours!$L:$L,monthly_work_hours!$A:$A,'FTE 계산'!$A34,monthly_work_hours!$H:$H,'FTE 계산'!I$2)) -> 19 | J34: =(SUMIFS(monthly_work_hours!$I:$I,monthly_work_hours!$A:$A,'FTE 계산'!$A34,monthly_work_hours!$H:$H,'FTE 계산'!J$2)) - (SUMIFS(monthly_work_hours!$L:$L,monthly_work_hours!$A:$A,'FTE 계산'!$A34,monthly_work_hours!$H:$H,'FTE 계산'!J$2)) -> 16
A35: 1210020 | B35: =_xlfn.XLOOKUP(A35,monthly_work_hours!A:A,monthly_work_hours!B:B) -> 오정민 | C35: =_xlfn.XLOOKUP(A35,monthly_work_hours!A:A,monthly_work_hours!E:E) -> 성능개발팀 | D35: =_xlfn.XLOOKUP(A35,monthly_work_hours!A:A,monthly_work_hours!F:F) -> 책임 | E35: =SUMIFS(monthly_work_hours!$M:$M,monthly_work_hours!$A:$A,'FTE 계산'!$A35,monthly_work_hours!$H:$H,'FTE 계산'!E$2) -> 171.4 | F35: =SUMIFS(monthly_work_hours!$M:$M,monthly_work_hours!$A:$A,'FTE 계산'!$A35,monthly_work_hours!$H:$H,'FTE 계산'!F$2) -> 180.7 | G35: =SUMIFS(monthly_work_hours!$M:$M,monthly_work_hours!$A:$A,'FTE 계산'!$A35,monthly_work_hours!$H:$H,'FTE 계산'!G$2) -> 147.9 | H35: =(SUMIFS(monthly_work_hours!$I:$I,monthly_work_hours!$A:$A,'FTE 계산'!$A35,monthly_work_hours!$H:$H,'FTE 계산'!H$2)) - (SUMIFS(monthly_work_hours!$L:$L,monthly_work_hours!$A:$A,'FTE 계산'!$A35,monthly_work_hours!$H:$H,'FTE 계산'!H$2)) -> 19 | I35: =(SUMIFS(monthly_work_hours!$I:$I,monthly_work_hours!$A:$A,'FTE 계산'!$A35,monthly_work_hours!$H:$H,'FTE 계산'!I$2)) - (SUMIFS(monthly_work_hours!$L:$L,monthly_work_hours!$A:$A,'FTE 계산'!$A35,monthly_work_hours!$H:$H,'FTE 계산'!I$2)) -> 19 | J35: =(SUMIFS(monthly_work_hours!$I:$I,monthly_work_hours!$A:$A,'FTE 계산'!$A35,monthly_work_hours!$H:$H,'FTE 계산'!J$2)) - (SUMIFS(monthly_work_hours!$L:$L,monthly_work_hours!$A:$A,'FTE 계산'!$A35,monthly_work_hours!$H:$H,'FTE 계산'!J$2)) -> 16
A36: 1210021 | B36: =_xlfn.XLOOKUP(A36,monthly_work_hours!A:A,monthly_work_hours!B:B) -> 이대희 | C36: =_xlfn.XLOOKUP(A36,monthly_work_hours!A:A,monthly_work_hours!E:E) -> 관체사업팀 | D36: =_xlfn.XLOOKUP(A36,monthly_work_hours!A:A,monthly_work_hours!F:F) -> 책임 | E36: =SUMIFS(monthly_work_hours!$M:$M,monthly_work_hours!$A:$A,'FTE 계산'!$A36,monthly_work_hours!$H:$H,'FTE 계산'!E$2) -> 191.8 | F36: =SUMIFS(monthly_work_hours!$M:$M,monthly_work_hours!$A:$A,'FTE 계산'!$A36,monthly_work_hours!$H:$H,'FTE 계산'!F$2) -> 197.2 | G36: =SUMIFS(monthly_work_hours!$M:$M,monthly_work_hours!$A:$A,'FTE 계산'!$A36,monthly_work_hours!$H:$H,'FTE 계산'!G$2) -> 166.7 | H36: =(SUMIFS(monthly_work_hours!$I:$I,monthly_work_hours!$A:$A,'FTE 계산'!$A36,monthly_work_hours!$H:$H,'FTE 계산'!H$2)) - (SUMIFS(monthly_work_hours!$L:$L,monthly_work_hours!$A:$A,'FTE 계산'!$A36,monthly_work_hours!$H:$H,'FTE 계산'!H$2)) -> 18 | I36: =(SUMIFS(monthly_work_hours!$I:$I,monthly_work_hours!$A:$A,'FTE 계산'!$A36,monthly_work_hours!$H:$H,'FTE 계산'!I$2)) - (SUMIFS(monthly_work_hours!$L:$L,monthly_work_hours!$A:$A,'FTE 계산'!$A36,monthly_work_hours!$H:$H,'FTE 계산'!I$2)) -> 18 | J36: =(SUMIFS(monthly_work_hours!$I:$I,monthly_work_hours!$A:$A,'FTE 계산'!$A36,monthly_work_hours!$H:$H,'FTE 계산'!J$2)) - (SUMIFS(monthly_work_hours!$L:$L,monthly_work_hours!$A:$A,'FTE 계산'!$A36,monthly_work_hours!$H:$H,'FTE 계산'!J$2)) -> 16
A37: 1210025 | B37: =_xlfn.XLOOKUP(A37,monthly_work_hours!A:A,monthly_work_hours!B:B) -> 이주화 | C37: =_xlfn.XLOOKUP(A37,monthly_work_hours!A:A,monthly_work_hours!E:E) -> SL운영팀 | D37: =_xlfn.XLOOKUP(A37,monthly_work_hours!A:A,monthly_work_hours!F:F) -> 책임 | E37: =SUMIFS(monthly_work_hours!$M:$M,monthly_work_hours!$A:$A,'FTE 계산'!$A37,monthly_work_hours!$H:$H,'FTE 계산'!E$2) -> 195.7 | F37: =SUMIFS(monthly_work_hours!$M:$M,monthly_work_hours!$A:$A,'FTE 계산'!$A37,monthly_work_hours!$H:$H,'FTE 계산'!F$2) -> 178.4 | G37: =SUMIFS(monthly_work_hours!$M:$M,monthly_work_hours!$A:$A,'FTE 계산'!$A37,monthly_work_hours!$H:$H,'FTE 계산'!G$2) -> 149.2 | H37: =(SUMIFS(monthly_work_hours!$I:$I,monthly_work_hours!$A:$A,'FTE 계산'!$A37,monthly_work_hours!$H:$H,'FTE 계산'!H$2)) - (SUMIFS(monthly_work_hours!$L:$L,monthly_work_hours!$A:$A,'FTE 계산'!$A37,monthly_work_hours!$H:$H,'FTE 계산'!H$2)) -> 19 | I37: =(SUMIFS(monthly_work_hours!$I:$I,monthly_work_hours!$A:$A,'FTE 계산'!$A37,monthly_work_hours!$H:$H,'FTE 계산'!I$2)) - (SUMIFS(monthly_work_hours!$L:$L,monthly_work_hours!$A:$A,'FTE 계산'!$A37,monthly_work_hours!$H:$H,'FTE 계산'!I$2)) -> 17 | J37: =(SUMIFS(monthly_work_hours!$I:$I,monthly_work_hours!$A:$A,'FTE 계산'!$A37,monthly_work_hours!$H:$H,'FTE 계산'!J$2)) - (SUMIFS(monthly_work_hours!$L:$L,monthly_work_hours!$A:$A,'FTE 계산'!$A37,monthly_work_hours!$H:$H,'FTE 계산'!J$2)) -> 15
A38: 1210026 | B38: =_xlfn.XLOOKUP(A38,monthly_work_hours!A:A,monthly_work_hours!B:B) -> 안창용 | C38: =_xlfn.XLOOKUP(A38,monthly_work_hours!A:A,monthly_work_hours!E:E) -> SCM팀 | D38: =_xlfn.XLOOKUP(A38,monthly_work_hours!A:A,monthly_work_hours!F:F) -> 책임 | E38: =SUMIFS(monthly_work_hours!$M:$M,monthly_work_hours!$A:$A,'FTE 계산'!$A38,monthly_work_hours!$H:$H,'FTE 계산'!E$2) -> 142.4 | F38: =SUMIFS(monthly_work_hours!$M:$M,monthly_work_hours!$A:$A,'FTE 계산'!$A38,monthly_work_hours!$H:$H,'FTE 계산'!F$2) -> 156.3 | G38: =SUMIFS(monthly_work_hours!$M:$M,monthly_work_hours!$A:$A,'FTE 계산'!$A38,monthly_work_hours!$H:$H,'FTE 계산'!G$2) -> 144.6 | H38: =(SUMIFS(monthly_work_hours!$I:$I,monthly_work_hours!$A:$A,'FTE 계산'!$A38,monthly_work_hours!$H:$H,'FTE 계산'!H$2)) - (SUMIFS(monthly_work_hours!$L:$L,monthly_work_hours!$A:$A,'FTE 계산'!$A38,monthly_work_hours!$H:$H,'FTE 계산'!H$2)) -> 17 | I38: =(SUMIFS(monthly_work_hours!$I:$I,monthly_work_hours!$A:$A,'FTE 계산'!$A38,monthly_work_hours!$H:$H,'FTE 계산'!I$2)) - (SUMIFS(monthly_work_hours!$L:$L,monthly_work_hours!$A:$A,'FTE 계산'!$A38,monthly_work_hours!$H:$H,'FTE 계산'!I$2)) -> 19 | J38: =(SUMIFS(monthly_work_hours!$I:$I,monthly_work_hours!$A:$A,'FTE 계산'!$A38,monthly_work_hours!$H:$H,'FTE 계산'!J$2)) - (SUMIFS(monthly_work_hours!$L:$L,monthly_work_hours!$A:$A,'FTE 계산'!$A38,monthly_work_hours!$H:$H,'FTE 계산'!J$2)) -> 17
A39: 1210111 | B39: =_xlfn.XLOOKUP(A39,monthly_work_hours!A:A,monthly_work_hours!B:B) -> 이재현 | C39: =_xlfn.XLOOKUP(A39,monthly_work_hours!A:A,monthly_work_hours!E:E) -> SL품질보증팀 | D39: =_xlfn.XLOOKUP(A39,monthly_work_hours!A:A,monthly_work_hours!F:F) -> 책임 | E39: =SUMIFS(monthly_work_hours!$M:$M,monthly_work_hours!$A:$A,'FTE 계산'!$A39,monthly_work_hours!$H:$H,'FTE 계산'!E$2) -> 159.2 | F39: =SUMIFS(monthly_work_hours!$M:$M,monthly_work_hours!$A:$A,'FTE 계산'!$A39,monthly_work_hours!$H:$H,'FTE 계산'!F$2) -> 175 | G39: =SUMIFS(monthly_work_hours!$M:$M,monthly_work_hours!$A:$A,'FTE 계산'!$A39,monthly_work_hours!$H:$H,'FTE 계산'!G$2) -> 144.8 | H39: =(SUMIFS(monthly_work_hours!$I:$I,monthly_work_hours!$A:$A,'FTE 계산'!$A39,monthly_work_hours!$H:$H,'FTE 계산'!H$2)) - (SUMIFS(monthly_work_hours!$L:$L,monthly_work_hours!$A:$A,'FTE 계산'!$A39,monthly_work_hours!$H:$H,'FTE 계산'!H$2)) -> 17 | I39: =(SUMIFS(monthly_work_hours!$I:$I,monthly_work_hours!$A:$A,'FTE 계산'!$A39,monthly_work_hours!$H:$H,'FTE 계산'!I$2)) - (SUMIFS(monthly_work_hours!$L:$L,monthly_work_hours!$A:$A,'FTE 계산'!$A39,monthly_work_hours!$H:$H,'FTE 계산'!I$2)) -> 18 | J39: =(SUMIFS(monthly_work_hours!$I:$I,monthly_work_hours!$A:$A,'FTE 계산'!$A39,monthly_work_hours!$H:$H,'FTE 계산'!J$2)) - (SUMIFS(monthly_work_hours!$L:$L,monthly_work_hours!$A:$A,'FTE 계산'!$A39,monthly_work_hours!$H:$H,'FTE 계산'!J$2)) -> 16
A40: 1210115 | B40: =_xlfn.XLOOKUP(A40,monthly_work_hours!A:A,monthly_work_hours!B:B) -> 박기수 | C40: =_xlfn.XLOOKUP(A40,monthly_work_hours!A:A,monthly_work_hours!E:E) -> FL개발팀 | D40: =_xlfn.XLOOKUP(A40,monthly_work_hours!A:A,monthly_work_hours!F:F) -> 선임 | E40: =SUMIFS(monthly_work_hours!$M:$M,monthly_work_hours!$A:$A,'FTE 계산'!$A40,monthly_work_hours!$H:$H,'FTE 계산'!E$2) -> 198.3 | F40: =SUMIFS(monthly_work_hours!$M:$M,monthly_work_hours!$A:$A,'FTE 계산'!$A40,monthly_work_hours!$H:$H,'FTE 계산'!F$2) -> 212.5 | G40: =SUMIFS(monthly_work_hours!$M:$M,monthly_work_hours!$A:$A,'FTE 계산'!$A40,monthly_work_hours!$H:$H,'FTE 계산'!G$2) -> 143 | H40: =(SUMIFS(monthly_work_hours!$I:$I,monthly_work_hours!$A:$A,'FTE 계산'!$A40,monthly_work_hours!$H:$H,'FTE 계산'!H$2)) - (SUMIFS(monthly_work_hours!$L:$L,monthly_work_hours!$A:$A,'FTE 계산'!$A40,monthly_work_hours!$H:$H,'FTE 계산'!H$2)) -> 16 | I40: =(SUMIFS(monthly_work_hours!$I:$I,monthly_work_hours!$A:$A,'FTE 계산'!$A40,monthly_work_hours!$H:$H,'FTE 계산'!I$2)) - (SUMIFS(monthly_work_hours!$L:$L,monthly_work_hours!$A:$A,'FTE 계산'!$A40,monthly_work_hours!$H:$H,'FTE 계산'!I$2)) -> 17 | J40: =(SUMIFS(monthly_work_hours!$I:$I,monthly_work_hours!$A:$A,'FTE 계산'!$A40,monthly_work_hours!$H:$H,'FTE 계산'!J$2)) - (SUMIFS(monthly_work_hours!$L:$L,monthly_work_hours!$A:$A,'FTE 계산'!$A40,monthly_work_hours!$H:$H,'FTE 계산'!J$2)) -> 15
A41: 1210154 | B41: =_xlfn.XLOOKUP(A41,monthly_work_hours!A:A,monthly_work_hours!B:B) -> 신상훈 | C41: =_xlfn.XLOOKUP(A41,monthly_work_hours!A:A,monthly_work_hours!E:E) -> 상생협력팀 | D41: =_xlfn.XLOOKUP(A41,monthly_work_hours!A:A,monthly_work_hours!F:F) -> 책임 | E41: =SUMIFS(monthly_work_hours!$M:$M,monthly_work_hours!$A:$A,'FTE 계산'!$A41,monthly_work_hours!$H:$H,'FTE 계산'!E$2) -> 208.4 | F41: =SUMIFS(monthly_work_hours!$M:$M,monthly_work_hours!$A:$A,'FTE 계산'!$A41,monthly_work_hours!$H:$H,'FTE 계산'!F$2) -> 234.3 | G41: =SUMIFS(monthly_work_hours!$M:$M,monthly_work_hours!$A:$A,'FTE 계산'!$A41,monthly_work_hours!$H:$H,'FTE 계산'!G$2) -> 181.7 | H41: =(SUMIFS(monthly_work_hours!$I:$I,monthly_work_hours!$A:$A,'FTE 계산'!$A41,monthly_work_hours!$H:$H,'FTE 계산'!H$2)) - (SUMIFS(monthly_work_hours!$L:$L,monthly_work_hours!$A:$A,'FTE 계산'!$A41,monthly_work_hours!$H:$H,'FTE 계산'!H$2)) -> 19 | I41: =(SUMIFS(monthly_work_hours!$I:$I,monthly_work_hours!$A:$A,'FTE 계산'!$A41,monthly_work_hours!$H:$H,'FTE 계산'!I$2)) - (SUMIFS(monthly_work_hours!$L:$L,monthly_work_hours!$A:$A,'FTE 계산'!$A41,monthly_work_hours!$H:$H,'FTE 계산'!I$2)) -> 20 | J41: =(SUMIFS(monthly_work_hours!$I:$I,monthly_work_hours!$A:$A,'FTE 계산'!$A41,monthly_work_hours!$H:$H,'FTE 계산'!J$2)) - (SUMIFS(monthly_work_hours!$L:$L,monthly_work_hours!$A:$A,'FTE 계산'!$A41,monthly_work_hours!$H:$H,'FTE 계산'!J$2)) -> 16
A42: 1210237 | B42: =_xlfn.XLOOKUP(A42,monthly_work_hours!A:A,monthly_work_hours!B:B) -> 유호남 | C42: =_xlfn.XLOOKUP(A42,monthly_work_hours!A:A,monthly_work_hours!E:E) -> FL영업팀 | D42: =_xlfn.XLOOKUP(A42,monthly_work_hours!A:A,monthly_work_hours!F:F) -> 책임 | E42: =SUMIFS(monthly_work_hours!$M:$M,monthly_work_hours!$A:$A,'FTE 계산'!$A42,monthly_work_hours!$H:$H,'FTE 계산'!E$2) -> 242.4 | F42: =SUMIFS(monthly_work_hours!$M:$M,monthly_work_hours!$A:$A,'FTE 계산'!$A42,monthly_work_hours!$H:$H,'FTE 계산'!F$2) -> 209.8 | G42: =SUMIFS(monthly_work_hours!$M:$M,monthly_work_hours!$A:$A,'FTE 계산'!$A42,monthly_work_hours!$H:$H,'FTE 계산'!G$2) -> 170.8 | H42: =(SUMIFS(monthly_work_hours!$I:$I,monthly_work_hours!$A:$A,'FTE 계산'!$A42,monthly_work_hours!$H:$H,'FTE 계산'!H$2)) - (SUMIFS(monthly_work_hours!$L:$L,monthly_work_hours!$A:$A,'FTE 계산'!$A42,monthly_work_hours!$H:$H,'FTE 계산'!H$2)) -> 19 | I42: =(SUMIFS(monthly_work_hours!$I:$I,monthly_work_hours!$A:$A,'FTE 계산'!$A42,monthly_work_hours!$H:$H,'FTE 계산'!I$2)) - (SUMIFS(monthly_work_hours!$L:$L,monthly_work_hours!$A:$A,'FTE 계산'!$A42,monthly_work_hours!$H:$H,'FTE 계산'!I$2)) -> 18 | J42: =(SUMIFS(monthly_work_hours!$I:$I,monthly_work_hours!$A:$A,'FTE 계산'!$A42,monthly_work_hours!$H:$H,'FTE 계산'!J$2)) - (SUMIFS(monthly_work_hours!$L:$L,monthly_work_hours!$A:$A,'FTE 계산'!$A42,monthly_work_hours!$H:$H,'FTE 계산'!J$2)) -> 14
A43: 1211015 | B43: =_xlfn.XLOOKUP(A43,monthly_work_hours!A:A,monthly_work_hours!B:B) -> 박상진 | C43: =_xlfn.XLOOKUP(A43,monthly_work_hours!A:A,monthly_work_hours!E:E) -> SL구매팀 | D43: =_xlfn.XLOOKUP(A43,monthly_work_hours!A:A,monthly_work_hours!F:F) -> 선임 | E43: =SUMIFS(monthly_work_hours!$M:$M,monthly_work_hours!$A:$A,'FTE 계산'!$A43,monthly_work_hours!$H:$H,'FTE 계산'!E$2) -> 149.6 | F43: =SUMIFS(monthly_work_hours!$M:$M,monthly_work_hours!$A:$A,'FTE 계산'!$A43,monthly_work_hours!$H:$H,'FTE 계산'!F$2) -> 107 | G43: =SUMIFS(monthly_work_hours!$M:$M,monthly_work_hours!$A:$A,'FTE 계산'!$A43,monthly_work_hours!$H:$H,'FTE 계산'!G$2) -> 86.3 | H43: =(SUMIFS(monthly_work_hours!$I:$I,monthly_work_hours!$A:$A,'FTE 계산'!$A43,monthly_work_hours!$H:$H,'FTE 계산'!H$2)) - (SUMIFS(monthly_work_hours!$L:$L,monthly_work_hours!$A:$A,'FTE 계산'!$A43,monthly_work_hours!$H:$H,'FTE 계산'!H$2)) -> 15 | I43: =(SUMIFS(monthly_work_hours!$I:$I,monthly_work_hours!$A:$A,'FTE 계산'!$A43,monthly_work_hours!$H:$H,'FTE 계산'!I$2)) - (SUMIFS(monthly_work_hours!$L:$L,monthly_work_hours!$A:$A,'FTE 계산'!$A43,monthly_work_hours!$H:$H,'FTE 계산'!I$2)) -> 11 | J43: =(SUMIFS(monthly_work_hours!$I:$I,monthly_work_hours!$A:$A,'FTE 계산'!$A43,monthly_work_hours!$H:$H,'FTE 계산'!J$2)) - (SUMIFS(monthly_work_hours!$L:$L,monthly_work_hours!$A:$A,'FTE 계산'!$A43,monthly_work_hours!$H:$H,'FTE 계산'!J$2)) -> 11
A44: 1211016 | B44: =_xlfn.XLOOKUP(A44,monthly_work_hours!A:A,monthly_work_hours!B:B) -> 조진웅 | C44: =_xlfn.XLOOKUP(A44,monthly_work_hours!A:A,monthly_work_hours!E:E) -> SL품질보증팀 | D44: =_xlfn.XLOOKUP(A44,monthly_work_hours!A:A,monthly_work_hours!F:F) -> 선임 | E44: =SUMIFS(monthly_work_hours!$M:$M,monthly_work_hours!$A:$A,'FTE 계산'!$A44,monthly_work_hours!$H:$H,'FTE 계산'!E$2) -> 111.1 | F44: =SUMIFS(monthly_work_hours!$M:$M,monthly_work_hours!$A:$A,'FTE 계산'!$A44,monthly_work_hours!$H:$H,'FTE 계산'!F$2) -> 115.8 | G44: =SUMIFS(monthly_work_hours!$M:$M,monthly_work_hours!$A:$A,'FTE 계산'!$A44,monthly_work_hours!$H:$H,'FTE 계산'!G$2) -> 111.4 | H44: =(SUMIFS(monthly_work_hours!$I:$I,monthly_work_hours!$A:$A,'FTE 계산'!$A44,monthly_work_hours!$H:$H,'FTE 계산'!H$2)) - (SUMIFS(monthly_work_hours!$L:$L,monthly_work_hours!$A:$A,'FTE 계산'!$A44,monthly_work_hours!$H:$H,'FTE 계산'!H$2)) -> 14 | I44: =(SUMIFS(monthly_work_hours!$I:$I,monthly_work_hours!$A:$A,'FTE 계산'!$A44,monthly_work_hours!$H:$H,'FTE 계산'!I$2)) - (SUMIFS(monthly_work_hours!$L:$L,monthly_work_hours!$A:$A,'FTE 계산'!$A44,monthly_work_hours!$H:$H,'FTE 계산'!I$2)) -> 16 | J44: =(SUMIFS(monthly_work_hours!$I:$I,monthly_work_hours!$A:$A,'FTE 계산'!$A44,monthly_work_hours!$H:$H,'FTE 계산'!J$2)) - (SUMIFS(monthly_work_hours!$L:$L,monthly_work_hours!$A:$A,'FTE 계산'!$A44,monthly_work_hours!$H:$H,'FTE 계산'!J$2)) -> 15
A45: 1211018 | B45: =_xlfn.XLOOKUP(A45,monthly_work_hours!A:A,monthly_work_hours!B:B) -> 양천광 | C45: =_xlfn.XLOOKUP(A45,monthly_work_hours!A:A,monthly_work_hours!E:E) -> 품질경영팀 | D45: =_xlfn.XLOOKUP(A45,monthly_work_hours!A:A,monthly_work_hours!F:F) -> 선임 | E45: =SUMIFS(monthly_work_hours!$M:$M,monthly_work_hours!$A:$A,'FTE 계산'!$A45,monthly_work_hours!$H:$H,'FTE 계산'!E$2) -> 153.6 | F45: =SUMIFS(monthly_work_hours!$M:$M,monthly_work_hours!$A:$A,'FTE 계산'!$A45,monthly_work_hours!$H:$H,'FTE 계산'!F$2) -> 143.2 | G45: =SUMIFS(monthly_work_hours!$M:$M,monthly_work_hours!$A:$A,'FTE 계산'!$A45,monthly_work_hours!$H:$H,'FTE 계산'!G$2) -> 125.3 | H45: =(SUMIFS(monthly_work_hours!$I:$I,monthly_work_hours!$A:$A,'FTE 계산'!$A45,monthly_work_hours!$H:$H,'FTE 계산'!H$2)) - (SUMIFS(monthly_work_hours!$L:$L,monthly_work_hours!$A:$A,'FTE 계산'!$A45,monthly_work_hours!$H:$H,'FTE 계산'!H$2)) -> 17 | I45: =(SUMIFS(monthly_work_hours!$I:$I,monthly_work_hours!$A:$A,'FTE 계산'!$A45,monthly_work_hours!$H:$H,'FTE 계산'!I$2)) - (SUMIFS(monthly_work_hours!$L:$L,monthly_work_hours!$A:$A,'FTE 계산'!$A45,monthly_work_hours!$H:$H,'FTE 계산'!I$2)) -> 18 | J45: =(SUMIFS(monthly_work_hours!$I:$I,monthly_work_hours!$A:$A,'FTE 계산'!$A45,monthly_work_hours!$H:$H,'FTE 계산'!J$2)) - (SUMIFS(monthly_work_hours!$L:$L,monthly_work_hours!$A:$A,'FTE 계산'!$A45,monthly_work_hours!$H:$H,'FTE 계산'!J$2)) -> 16
... A253: 1225079 | B253: =_xlfn.XLOOKUP(A253,monthly_work_hours!A:A,monthly_work_hours!B:B) -> 이현민 | C253: =_xlfn.XLOOKUP(A253,monthly_work_hours!A:A,monthly_work_hours!E:E) -> FL설계팀 | D253: =_xlfn.XLOOKUP(A253,monthly_work_hours!A:A,monthly_work_hours!F:F) -> 사원 | E253: =SUMIFS(monthly_work_hours!$M:$M,monthly_work_hours!$A:$A,'FTE 계산'!$A253,monthly_work_hours!$H:$H,'FTE 계산'!E$2) -> 0 | F253: =SUMIFS(monthly_work_hours!$M:$M,monthly_work_hours!$A:$A,'FTE 계산'!$A253,monthly_work_hours!$H:$H,'FTE 계산'!F$2) -> 0 | G253: =SUMIFS(monthly_work_hours!$M:$M,monthly_work_hours!$A:$A,'FTE 계산'!$A253,monthly_work_hours!$H:$H,'FTE 계산'!G$2) -> 26.1 | H253: =(SUMIFS(monthly_work_hours!$I:$I,monthly_work_hours!$A:$A,'FTE 계산'!$A253,monthly_work_hours!$H:$H,'FTE 계산'!H$2)) - (SUMIFS(monthly_work_hours!$L:$L,monthly_work_hours!$A:$A,'FTE 계산'!$A253,monthly_work_hours!$H:$H,'FTE 계산'!H$2)) -> 0 | I253: =(SUMIFS(monthly_work_hours!$I:$I,monthly_work_hours!$A:$A,'FTE 계산'!$A253,monthly_work_hours!$H:$H,'FTE 계산'!I$2)) - (SUMIFS(monthly_work_hours!$L:$L,monthly_work_hours!$A:$A,'FTE 계산'!$A253,monthly_work_hours!$H:$H,'FTE 계산'!I$2)) -> 0 | J253: =(SUMIFS(monthly_work_hours!$I:$I,monthly_work_hours!$A:$A,'FTE 계산'!$A253,monthly_work_hours!$H:$H,'FTE 계산'!J$2)) - (SUMIFS(monthly_work_hours!$L:$L,monthly_work_hours!$A:$A,'FTE 계산'!$A253,monthly_work_hours!$H:$H,'FTE 계산'!J$2)) -> 3

Sheet 실제 인원
A1: R&A | B1: 통합
B2: 전체 | C2: 책임 | D2: 선임 | E2: 사원
A3: SL구매팀 | B3: =COUNTIFS(인원현황!$F:$F,'실제 인원'!$A3,인원현황!$B:$B,'실제 인원'!$A$1) -> 12 | C3: =COUNTIFS(인원현황!$F:$F,'실제 인원'!$A3,인원현황!$B:$B,'실제 인원'!$A$1,인원현황!$I:$I,'실제 인원'!C$2) -> 5 | D3: =COUNTIFS(인원현황!$F:$F,'실제 인원'!$A3,인원현황!$B:$B,'실제 인원'!$A$1,인원현황!$I:$I,'실제 인원'!D$2) -> 5 | E3: =COUNTIFS(인원현황!$F:$F,'실제 인원'!$A3,인원현황!$B:$B,'실제 인원'!$A$1,인원현황!$I:$I,'실제 인원'!E$2) -> 2
A4: SL생산기술팀 | B4: =COUNTIFS(인원현황!F:F,'실제 인원'!$A4,인원현황!B:B,'실제 인원'!$A$1) -> 10 | C4: =COUNTIFS(인원현황!$F:$F,'실제 인원'!$A4,인원현황!$B:$B,'실제 인원'!$A$1,인원현황!$I:$I,'실제 인원'!C$2) -> 5 | D4: =COUNTIFS(인원현황!$F:$F,'실제 인원'!$A4,인원현황!$B:$B,'실제 인원'!$A$1,인원현황!$I:$I,'실제 인원'!D$2) -> 2 | E4: =COUNTIFS(인원현황!$F:$F,'실제 인원'!$A4,인원현황!$B:$B,'실제 인원'!$A$1,인원현황!$I:$I,'실제 인원'!E$2) -> 3
A5: 구매원가팀 | B5: =COUNTIFS(인원현황!F:F,'실제 인원'!$A5,인원현황!B:B,'실제 인원'!$A$1) -> 6 | C5: =COUNTIFS(인원현황!$F:$F,'실제 인원'!$A5,인원현황!$B:$B,'실제 인원'!$A$1,인원현황!$I:$I,'실제 인원'!C$2) -> 2 | D5: =COUNTIFS(인원현황!$F:$F,'실제 인원'!$A5,인원현황!$B:$B,'실제 인원'!$A$1,인원현황!$I:$I,'실제 인원'!D$2) -> 2 | E5: =COUNTIFS(인원현황!$F:$F,'실제 인원'!$A5,인원현황!$B:$B,'실제 인원'!$A$1,인원현황!$I:$I,'실제 인원'!E$2) -> 2
A6: SCM팀 | B6: =COUNTIFS(인원현황!F:F,'실제 인원'!$A6,인원현황!B:B,'실제 인원'!$A$1) -> 12 | C6: =COUNTIFS(인원현황!$F:$F,'실제 인원'!$A6,인원현황!$B:$B,'실제 인원'!$A$1,인원현황!$I:$I,'실제 인원'!C$2) -> 4 | D6: =COUNTIFS(인원현황!$F:$F,'실제 인원'!$A6,인원현황!$B:$B,'실제 인원'!$A$1,인원현황!$I:$I,'실제 인원'!D$2) -> 4 | E6: =COUNTIFS(인원현황!$F:$F,'실제 인원'!$A6,인원현황!$B:$B,'실제 인원'!$A$1,인원현황!$I:$I,'실제 인원'!E$2) -> 4
A7: SL품질보증팀 | B7: =COUNTIFS(인원현황!F:F,'실제 인원'!$A7,인원현황!B:B,'실제 인원'!$A$1) -> 14 | C7: =COUNTIFS(인원현황!$F:$F,'실제 인원'!$A7,인원현황!$B:$B,'실제 인원'!$A$1,인원현황!$I:$I,'실제 인원'!C$2) -> 3 | D7: =COUNTIFS(인원현황!$F:$F,'실제 인원'!$A7,인원현황!$B:$B,'실제 인원'!$A$1,인원현황!$I:$I,'실제 인원'!D$2) -> 8 | E7: =COUNTIFS(인원현황!$F:$F,'실제 인원'!$A7,인원현황!$B:$B,'실제 인원'!$A$1,인원현황!$I:$I,'실제 인원'!E$2) -> 2
A8: 선행개발실 | B8: =COUNTIFS(인원현황!F:F,'실제 인원'!$A8,인원현황!B:B,'실제 인원'!$A$1) -> 1 | C8: =COUNTIFS(인원현황!$F:$F,'실제 인원'!$A8,인원현황!$B:$B,'실제 인원'!$A$1,인원현황!$I:$I,'실제 인원'!C$2) -> 1 | D8: =COUNTIFS(인원현황!$F:$F,'실제 인원'!$A8,인원현황!$B:$B,'실제 인원'!$A$1,인원현황!$I:$I,'실제 인원'!D$2) -> 0 | E8: =COUNTIFS(인원현황!$F:$F,'실제 인원'!$A8,인원현황!$B:$B,'실제 인원'!$A$1,인원현황!$I:$I,'실제 인원'!E$2) -> 0
A9: FL생산기술팀 | B9: =COUNTIFS(인원현황!F:F,'실제 인원'!$A9,인원현황!B:B,'실제 인원'!$A$1) -> 5 | C9: =COUNTIFS(인원현황!$F:$F,'실제 인원'!$A9,인원현황!$B:$B,'실제 인원'!$A$1,인원현황!$I:$I,'실제 인원'!C$2) -> 1 | D9: =COUNTIFS(인원현황!$F:$F,'실제 인원'!$A9,인원현황!$B:$B,'실제 인원'!$A$1,인원현황!$I:$I,'실제 인원'!D$2) -> 2 | E9: =COUNTIFS(인원현황!$F:$F,'실제 인원'!$A9,인원현황!$B:$B,'실제 인원'!$A$1,인원현황!$I:$I,'실제 인원'!E$2) -> 2
A10: FL개발팀 | B10: =COUNTIFS(인원현황!F:F,'실제 인원'!$A10,인원현황!B:B,'실제 인원'!$A$1) -> 14 | C10: =COUNTIFS(인원현황!$F:$F,'실제 인원'!$A10,인원현황!$B:$B,'실제 인원'!$A$1,인원현황!$I:$I,'실제 인원'!C$2) -> 3 | D10: =COUNTIFS(인원현황!$F:$F,'실제 인원'!$A10,인원현황!$B:$B,'실제 인원'!$A$1,인원현황!$I:$I,'실제 인원'!D$2) -> 7 | E10: =COUNTIFS(인원현황!$F:$F,'실제 인원'!$A10,인원현황!$B:$B,'실제 인원'!$A$1,인원현황!$I:$I,'실제 인원'!E$2) -> 3
A11: 선행개발팀 | B11: =COUNTIFS(인원현황!F:F,'실제 인원'!$A11,인원현황!B:B,'실제 인원'!$A$1) -> 8 | C11: =COUNTIFS(인원현황!$F:$F,'실제 인원'!$A11,인원현황!$B:$B,'실제 인원'!$A$1,인원현황!$I:$I,'실제 인원'!C$2) -> 2 | D11: =COUNTIFS(인원현황!$F:$F,'실제 인원'!$A11,인원현황!$B:$B,'실제 인원'!$A$1,인원현황!$I:$I,'실제 인원'!D$2) -> 4 | E11: =COUNTIFS(인원현황!$F:$F,'실제 인원'!$A11,인원현황!$B:$B,'실제 인원'!$A$1,인원현황!$I:$I,'실제 인원'!E$2) -> 2
A12: FL설계팀 | B12: =COUNTIFS(인원현황!F:F,'실제 인원'!$A12,인원현황!B:B,'실제 인원'!$A$1) -> 14 | C12: =COUNTIFS(인원현황!$F:$F,'실제 인원'!$A12,인원현황!$B:$B,'실제 인원'!$A$1,인원현황!$I:$I,'실제 인원'!C$2) -> 2 | D12: =COUNTIFS(인원현황!$F:$F,'실제 인원'!$A12,인원현황!$B:$B,'실제 인원'!$A$1,인원현황!$I:$I,'실제 인원'!D$2) -> 4 | E12: =COUNTIFS(인원현황!$F:$F,'실제 인원'!$A12,인원현황!$B:$B,'실제 인원'!$A$1,인원현황!$I:$I,'실제 인원'!E$2) -> 6
A13: 품질경영팀 | B13: =COUNTIFS(인원현황!F:F,'실제 인원'!$A13,인원현황!B:B,'실제 인원'!$A$1) -> 7 | C13: =COUNTIFS(인원현황!$F:$F,'실제 인원'!$A13,인원현황!$B:$B,'실제 인원'!$A$1,인원현황!$I:$I,'실제 인원'!C$2) -> 2 | D13: =COUNTIFS(인원현황!$F:$F,'실제 인원'!$A13,인원현황!$B:$B,'실제 인원'!$A$1,인원현황!$I:$I,'실제 인원'!D$2) -> 4 | E13: =COUNTIFS(인원현황!$F:$F,'실제 인원'!$A13,인원현황!$B:$B,'실제 인원'!$A$1,인원현황!$I:$I,'실제 인원'!E$2) -> 1
A14: B/H사업팀 | B14: =COUNTIFS(인원현황!F:F,'실제 인원'!$A14,인원현황!B:B,'실제 인원'!$A$1) -> 6 | C14: =COUNTIFS(인원현황!$F:$F,'실제 인원'!$A14,인원현황!$B:$B,'실제 인원'!$A$1,인원현황!$I:$I,'실제 인원'!C$2) -> 2 | D14: =COUNTIFS(인원현황!$F:$F,'실제 인원'!$A14,인원현황!$B:$B,'실제 인원'!$A$1,인원현황!$I:$I,'실제 인원'!D$2) -> 4 | E14: =COUNTIFS(인원현황!$F:$F,'실제 인원'!$A14,인원현황!$B:$B,'실제 인원'!$A$1,인원현황!$I:$I,'실제 인원'!E$2) -> 0
A15: 관체사업팀 | B15: =COUNTIFS(인원현황!F:F,'실제 인원'!$A15,인원현황!B:B,'실제 인원'!$A$1) -> 11 | C15: =COUNTIFS(인원현황!$F:$F,'실제 인원'!$A15,인원현황!$B:$B,'실제 인원'!$A$1,인원현황!$I:$I,'실제 인원'!C$2) -> 4 | D15: =COUNTIFS(인원현황!$F:$F,'실제 인원'!$A15,인원현황!$B:$B,'실제 인원'!$A$1,인원현황!$I:$I,'실제 인원'!D$2) -> 6 | E15: =COUNTIFS(인원현황!$F:$F,'실제 인원'!$A15,인원현황!$B:$B,'실제 인원'!$A$1,인원현황!$I:$I,'실제 인원'!E$2) -> 1
... A35: 노동조합 | B35: =COUNTIFS(인원현황!F:F,'실제 인원'!$A35,인원현황!B:B,'실제 인원'!$A$1) -> 1 | C35: =COUNTIFS(인원현황!$F:$F,'실제 인원'!$A35,인원현황!$B:$B,'실제 인원'!$A$1,인원현황!$I:$I,'실제 인원'!C$2) -> 0 | D35: =COUNTIFS(인원현황!$F:$F,'실제 인원'!$A35,인원현황!$B:$B,'실제 인원'!$A$1,인원현황!$I:$I,'실제 인원'!D$2) -> 0 | E35: =COUNTIFS(인원현황!$F:$F,'실제 인원'!$A35,인원현황!$B:$B,'실제 인원'!$A$1,인원현황!$I:$I,'실제 인원'!E$2) -> 1

Sheet 인원현황
A1: NO | B1: 소속 | C1: 직종 | D1: 직원구분 | E1: 사업본부 | F1: 부서명 | G1: 사번 | H1: 직급 | J1: 그룹입사일 | K1: 차직급승진일 | L1: 이메일
A2: 1 | B2: R&A | C2: 일반직 | D2: 정규직 | E2: 노동조합 | F2: 노동조합 | G2: 1217067 | H2: G1 | I2: {=_xlfn.IFS( OR(H2="A1", H2="A2", H2="G1"), "사원", OR(H2="G2", H2="G3"), "선임", OR(H2="G4", H2="G5"), "책임" )} -> 사원 | J2: 43040 | K2: 46753 | L2: gwiok0156@hsrna.com | N2: *사외이사, 별정직, 계약직 제외
A3: 2 | B3: R&A | C3: 일반직 | D3: 정규직 | E3: ㈜화승R&A | F3: 총회장 | G3: 1212159 | H3: E7 | I3: {=_xlfn.IFS( OR(H3="A1", H3="A2", H3="G1"), "사원", OR(H3="G2", H3="G3"), "선임", OR(H3="G4", H3="G5"), "책임" )} -> #N/A | J3: 41122 | L3: HYUNSEUNGHOON@HSRNA.COM
A4: 3 | B4: R&A | C4: 일반직 | D4: 정규직 | E4: ㈜화승R&A | F4: 부회장 | G4: 1202003 | H4: E6 | I4: {=_xlfn.IFS( OR(H4="A1", H4="A2", H4="G1"), "사원", OR(H4="G2", H4="G3"), "선임", OR(H4="G4", H4="G5"), "책임" )} -> #N/A | J4: 35278 | L4: JHHYUN@hsrna.com
A5: 4 | B5: R&A | C5: 일반직 | D5: 정규직 | E5: ㈜화승R&A | F5: 대표이사 | G5: 1210033 | H5: E5 | I5: {=_xlfn.IFS( OR(H5="A1", H5="A2", H5="G1"), "사원", OR(H5="G2", H5="G3"), "선임", OR(H5="G4", H5="G5"), "책임" )} -> #N/A | J5: 35989 | L5: HARRY@hsrna.com
A6: 5 | B6: R&A | C6: 일반직 | D6: 정규직 | E6: 기술연구본부 | F6: 기술연구본부 | G6: 1225084 | H6: E2 | I6: {=_xlfn.IFS( OR(H6="A1", H6="A2", H6="G1"), "사원", OR(H6="G2", H6="G3"), "선임", OR(H6="G4", H6="G5"), "책임" )} -> #N/A | J6: 33371 | L6: KY4050@hsrna.com
A7: 6 | B7: R&A | C7: 일반직 | D7: 정규직 | E7: 기술연구본부 | F7: 생산기술센터 | G7: 1196176 | H7: EP | I7: {=_xlfn.IFS( OR(H7="A1", H7="A2", H7="G1"), "사원", OR(H7="G2", H7="G3"), "선임", OR(H7="G4", H7="G5"), "책임" )} -> #N/A | J7: 35191 | L7: POBY@hsrna.com
A8: 7 | B8: R&A | C8: 일반직 | D8: 정규직 | E8: 기술연구본부 | F8: 생산기술실 | G8: 1214062 | H8: EP | I8: {=_xlfn.IFS( OR(H8="A1", H8="A2", H8="G1"), "사원", OR(H8="G2", H8="G3"), "선임", OR(H8="G4", H8="G5"), "책임" )} -> #N/A | J8: 36836 | L8: UDCHOI@hsrna.com
A9: 8 | B9: R&A | C9: 일반직 | D9: 정규직 | E9: 기술연구본부 | F9: 선행개발실 | G9: 1204106 | H9: G5 | I9: {=_xlfn.IFS( OR(H9="A1", H9="A2", H9="G1"), "사원", OR(H9="G2", H9="G3"), "선임", OR(H9="G4", H9="G5"), "책임" )} -> 책임 | J9: 38173 | L9: KIMYJ@hsrna.com
A10: 9 | B10: R&A | C10: 일반직 | D10: 정규직 | E10: 기술연구본부 | F10: 공정혁신팀 | G10: 1215086 | H10: G5 | I10: {=_xlfn.IFS( OR(H10="A1", H10="A2", H10="G1"), "사원", OR(H10="G2", H10="G3"), "선임", OR(H10="G4", H10="G5"), "책임" )} -> 책임 | J10: 42170 | L10: JHPARK04@hsrna.com
A11: 10 | B11: R&A | C11: 일반직 | D11: 정규직 | E11: 기술연구본부 | F11: SL생산기술팀 | G11: 1204003 | H11: G5 | I11: {=_xlfn.IFS( OR(H11="A1", H11="A2", H11="G1"), "사원", OR(H11="G2", H11="G3"), "선임", OR(H11="G4", H11="G5"), "책임" )} -> 책임 | J11: 37998 | L11: YKJEONG@hsrna.com
A12: 11 | B12: R&A | C12: 일반직 | D12: 정규직 | E12: 기술연구본부 | F12: FL생산기술팀 | G12: 1204115 | H12: G4 | I12: {=_xlfn.IFS( OR(H12="A1", H12="A2", H12="G1"), "사원", OR(H12="G2", H12="G3"), "선임", OR(H12="G4", H12="G5"), "책임" )} -> 책임 | J12: 38187 | K12: 45658 | L12: DLDYWO@hsrna.com
A13: 12 | B13: R&A | C13: 일반직 | D13: 정규직 | E13: 기술연구본부 | F13: SL생산기술팀 | G13: 1203036 | H13: G4 | I13: {=_xlfn.IFS( OR(H13="A1", H13="A2", H13="G1"), "사원", OR(H13="G2", H13="G3"), "선임", OR(H13="G4", H13="G5"), "책임" )} -> 책임 | J13: 37648 | K13: 44197 | L13: FEJJANG@hsrna.com
A14: 13 | B14: R&A | C14: 일반직 | D14: 정규직 | E14: 기술연구본부 | F14: 선행개발팀 | G14: 1207036 | H14: G4 | I14: {=_xlfn.IFS( OR(H14="A1", H14="A2", H14="G1"), "사원", OR(H14="G2", H14="G3"), "선임", OR(H14="G4", H14="G5"), "책임" )} -> 책임 | J14: 39230 | K14: 45292 | L14: BAROMETER@hsrna.com
A15: 14 | B15: R&A | C15: 일반직 | D15: 정규직 | E15: 기술연구본부 | F15: SL설계팀 | G15: 1207091 | H15: G4 | I15: {=_xlfn.IFS( OR(H15="A1", H15="A2", H15="G1"), "사원", OR(H15="G2", H15="G3"), "선임", OR(H15="G4", H15="G5"), "책임" )} -> 책임 | J15: 39398 | K15: 46023 | L15: ZERONIUM@hsrna.com
A16: 15 | B16: R&A | C16: 일반직 | D16: 정규직 | E16: 기술연구본부 | F16: FL설계팀 | G16: 1208016 | H16: G4 | I16: {=_xlfn.IFS( OR(H16="A1", H16="A2", H16="G1"), "사원", OR(H16="G2", H16="G3"), "선임", OR(H16="G4", H16="G5"), "책임" )} -> 책임 | J16: 38169 | K16: 46753 | L16: SAILSHIP@hsrna.com
A17: 16 | B17: R&A | C17: 일반직 | D17: 정규직 | E17: 기술연구본부 | F17: 성능개발팀 | G17: 1210020 | H17: G4 | I17: {=_xlfn.IFS( OR(H17="A1", H17="A2", H17="G1"), "사원", OR(H17="G2", H17="G3"), "선임", OR(H17="G4", H17="G5"), "책임" )} -> 책임 | J17: 40179 | K17: 46753 | L17: RMSKF999@hsrna.com
A18: 17 | B18: R&A | C18: 일반직 | D18: 정규직 | E18: 기술연구본부 | F18: 성능개발팀 | G18: 1211208 | H18: G4 | I18: {=_xlfn.IFS( OR(H18="A1", H18="A2", H18="G1"), "사원", OR(H18="G2", H18="G3"), "선임", OR(H18="G4", H18="G5"), "책임" )} -> 책임 | J18: 40763 | K18: 46388 | L18: KYK0082@hsrna.com
A19: 18 | B19: R&A | C19: 일반직 | D19: 정규직 | E19: 기술연구본부 | F19: 제조자동화팀 | G19: 1222008 | H19: G4 | I19: {=_xlfn.IFS( OR(H19="A1", H19="A2", H19="G1"), "사원", OR(H19="G2", H19="G3"), "선임", OR(H19="G4", H19="G5"), "책임" )} -> 책임 | J19: 34236 | K19: 45658 | L19: sjm8798@hsrna.com
A20: 19 | B20: R&A | C20: 일반직 | D20: 정규직 | E20: 기술연구본부 | F20: 제조자동화팀 | G20: 1222009 | H20: G4 | I20: {=_xlfn.IFS( OR(H20="A1", H20="A2", H20="G1"), "사원", OR(H20="G2", H20="G3"), "선임", OR(H20="G4", H20="G5"), "책임" )} -> 책임 | J20: 40909 | K20: 46753 | L20: cho12cho@hsrna.com
A21: 20 | B21: R&A | C21: 일반직 | D21: 정규직 | E21: 기술연구본부 | F21: 성능개발팀 | G21: 1214181 | H21: G4 | I21: {=_xlfn.IFS( OR(H21="A1", H21="A2", H21="G1"), "사원", OR(H21="G2", H21="G3"), "선임", OR(H21="G4", H21="G5"), "책임" )} -> 책임 | J21: 41862 | K21: 47119 | L21: LEEJS2577@hsrna.com
A22: 21 | B22: R&A | C22: 일반직 | D22: 정규직 | E22: 기술연구본부 | F22: 공정혁신팀 | G22: 1214201 | H22: G4 | I22: {=_xlfn.IFS( OR(H22="A1", H22="A2", H22="G1"), "사원", OR(H22="G2", H22="G3"), "선임", OR(H22="G4", H22="G5"), "책임" )} -> 책임 | J22: 41904 | K22: 46753 | L22: KIBUM6544@hsrna.com
A23: 22 | B23: R&A | C23: 일반직 | D23: 정규직 | E23: 기술연구본부 | F23: SL설계팀 | G23: 1215084 | H23: G4 | I23: {=_xlfn.IFS( OR(H23="A1", H23="A2", H23="G1"), "사원", OR(H23="G2", H23="G3"), "선임", OR(H23="G4", H23="G5"), "책임" )} -> 책임 | J23: 42163 | K23: 46388 | L23: JINH14@hsrna.com
... A82: 81 | B82: R&A | C82: 일반직 | D82: 정규직 | E82: 기술연구본부 | F82: FL설계팀 | G82: 1225078 | H82: 수습 | I82: {=_xlfn.IFS( OR(H82="A1", H82="A2", H82="G1"), "사원", OR(H82="G2", H82="G3"), "선임", OR(H82="G4", H82="G5"), "책임" )} -> #N/A | J82: 45880 | K82: 47119 | L82: jh0407jin@hsrna.com
A83: 82 | B83: R&A | C83: 일반직 | D83: 정규직 | E83: SL사업본부 | F83: SL사업본부 | G83: 1223060 | H83: E2 | I83: {=_xlfn.IFS( OR(H83="A1", H83="A2", H83="G1"), "사원", OR(H83="G2", H83="G3"), "선임", OR(H83="G4", H83="G5"), "책임" )} -> #N/A | J83: 34213 | L83: yoonhee.lee@hsrna.com
A84: 83 | B84: R&A | C84: 일반직 | D84: 정규직 | E84: SL사업본부 | F84: SL담당 | G84: 1220002 | H84: EP | I84: {=_xlfn.IFS( OR(H84="A1", H84="A2", H84="G1"), "사원", OR(H84="G2", H84="G3"), "선임", OR(H84="G4", H84="G5"), "책임" )} -> #N/A | J84: 34639 | L84: 0805HURDAM@hsrna.com
A85: 84 | B85: R&A | C85: 일반직 | D85: 정규직 | E85: SL사업본부 | F85: SL품질보증팀 | G85: 1204063 | H85: G5 | I85: {=_xlfn.IFS( OR(H85="A1", H85="A2", H85="G1"), "사원", OR(H85="G2", H85="G3"), "선임", OR(H85="G4", H85="G5"), "책임" )} -> 책임 | J85: 38103 | L85: ALEXKIM@hsrna.com
A86: 85 | B86: R&A | C86: 일반직 | D86: 정규직 | E86: SL사업본부 | F86: SL영업팀 | G86: 1206047 | H86: G5 | I86: {=_xlfn.IFS( OR(H86="A1", H86="A2", H86="G1"), "사원", OR(H86="G2", H86="G3"), "선임", OR(H86="G4", H86="G5"), "책임" )} -> 책임 | J86: 38818 | L86: COOLLEE@hsrna.com
A87: 86 | B87: R&A | C87: 일반직 | D87: 정규직 | E87: SL사업본부 | F87: SL개발팀 | G87: 1207081 | H87: G5 | I87: {=_xlfn.IFS( OR(H87="A1", H87="A2", H87="G1"), "사원", OR(H87="G2", H87="G3"), "선임", OR(H87="G4", H87="G5"), "책임" )} -> 책임 | J87: 39363 | L87: JUHWA011@hsrna.com
A88: 87 | B88: R&A | C88: 일반직 | D88: 정규직 | E88: SL사업본부 | F88: SL운영실 | G88: 1223057 | H88: G5 | I88: {=_xlfn.IFS( OR(H88="A1", H88="A2", H88="G1"), "사원", OR(H88="G2", H88="G3"), "선임", OR(H88="G4", H88="G5"), "책임" )} -> 책임 | J88: 37820 | L88: duwon.jang@hsrna.com
A89: 88 | B89: R&A | C89: 일반직 | D89: 정규직 | E89: SL사업본부 | F89: SL구매팀 | G89: 1202155 | H89: G5 | I89: {=_xlfn.IFS( OR(H89="A1", H89="A2", H89="G1"), "사원", OR(H89="G2", H89="G3"), "선임", OR(H89="G4", H89="G5"), "책임" )} -> 책임 | J89: 37500 | L89: KKING99@hsrna.com
A90: 89 | B90: R&A | C90: 일반직 | D90: 정규직 | E90: SL사업본부 | F90: SL구매팀 | G90: 1210014 | H90: G4 | I90: {=_xlfn.IFS( OR(H90="A1", H90="A2", H90="G1"), "사원", OR(H90="G2", H90="G3"), "선임", OR(H90="G4", H90="G5"), "책임" )} -> 책임 | J90: 40179 | K90: 46388 | L90: JHINHS@hsrna.com
A91: 90 | B91: R&A | C91: 일반직 | D91: 정규직 | E91: SL사업본부 | F91: SL운영팀 | G91: 1210025 | H91: G4 | I91: {=_xlfn.IFS( OR(H91="A1", H91="A2", H91="G1"), "사원", OR(H91="G2", H91="G3"), "선임", OR(H91="G4", H91="G5"), "책임" )} -> 책임 | J91: 40179 | K91: 46388 | L91: NABI1318@hsrna.com
A92: 91 | B92: R&A | C92: 일반직 | D92: 정규직 | E92: SL사업본부 | F92: SL품질보증팀 | G92: 1210111 | H92: G4 | I92: {=_xlfn.IFS( OR(H92="A1", H92="A2", H92="G1"), "사원", OR(H92="G2", H92="G3"), "선임", OR(H92="G4", H92="G5"), "책임" )} -> 책임 | J92: 40308 | K92: 46753 | L92: SILBILEE@hsrna.com
A93: 92 | B93: R&A | C93: 일반직 | D93: 정규직 | E93: SL사업본부 | F93: SL구매팀 | G93: 1211025 | H93: G4 | I93: {=_xlfn.IFS( OR(H93="A1", H93="A2", H93="G1"), "사원", OR(H93="G2", H93="G3"), "선임", OR(H93="G4", H93="G5"), "책임" )} -> 책임 | J93: 40544 | K93: 47119 | L93: AN@hsrna.com
A94: 93 | B94: R&A | C94: 일반직 | D94: 정규직 | E94: SL사업본부 | F94: SL구매팀 | G94: 1211030 | H94: G4 | I94: {=_xlfn.IFS( OR(H94="A1", H94="A2", H94="G1"), "사원", OR(H94="G2", H94="G3"), "선임", OR(H94="G4", H94="G5"), "책임" )} -> 책임 | J94: 40544 | K94: 47119 | L94: JCW16@hsrna.com
A95: 94 | B95: R&A | C95: 일반직 | D95: 정규직 | E95: SL사업본부 | F95: SL생산팀 | G95: 1211209 | H95: G4 | I95: {=_xlfn.IFS( OR(H95="A1", H95="A2", H95="G1"), "사원", OR(H95="G2", H95="G3"), "선임", OR(H95="G4", H95="G5"), "책임" )} -> 책임 | J95: 40763 | K95: 46023 | L95: HWJEONG@hsrna.com
A96: 95 | B96: R&A | C96: 일반직 | D96: 정규직 | E96: SL사업본부 | F96: SL품질보증팀 | G96: 1212023 | H96: G4 | I96: {=_xlfn.IFS( OR(H96="A1", H96="A2", H96="G1"), "사원", OR(H96="G2", H96="G3"), "선임", OR(H96="G4", H96="G5"), "책임" )} -> 책임 | J96: 40909 | K96: 46753 | L96: SHS2012@hsrna.com
A97: 96 | B97: R&A | C97: 일반직 | D97: 정규직 | E97: SL사업본부 | F97: SL운영팀 | G97: 1215079 | H97: G4 | I97: {=_xlfn.IFS( OR(H97="A1", H97="A2", H97="G1"), "사원", OR(H97="G2", H97="G3"), "선임", OR(H97="G4", H97="G5"), "책임" )} -> 책임 | J97: 42163 | K97: 46753 | L97: KSJUNG11@hsrna.com
A98: 97 | B98: R&A | C98: 일반직 | D98: 정규직 | E98: SL사업본부 | F98: SL개발팀 | G98: 1216192 | H98: G4 | I98: {=_xlfn.IFS( OR(H98="A1", H98="A2", H98="G1"), "사원", OR(H98="G2", H98="G3"), "선임", OR(H98="G4", H98="G5"), "책임" )} -> 책임 | J98: 42705 | K98: 46388 | L98: JGK0@hsrna.com
A99: 98 | B99: R&A | C99: 일반직 | D99: 정규직 | E99: SL사업본부 | F99: SL구매팀 | G99: 1207010 | H99: G4 | I99: {=_xlfn.IFS( OR(H99="A1", H99="A2", H99="G1"), "사원", OR(H99="G2", H99="G3"), "선임", OR(H99="G4", H99="G5"), "책임" )} -> 책임 | J99: 39142 | K99: 46388 | L99: PSK554@hsrna.com
A100: 99 | B100: R&A | C100: 일반직 | D100: 정규직 | E100: SL사업본부 | F100: SL개발팀 | G100: 1210005 | H100: G4 | I100: {=_xlfn.IFS( OR(H100="A1", H100="A2", H100="G1"), "사원", OR(H100="G2", H100="G3"), "선임", OR(H100="G4", H100="G5"), "책임" )} -> 책임 | J100: 38169 | K100: 47119 | L100: JIMGKAKA@hsrna.com
A101: 100 | B101: R&A | C101: 일반직 | D101: 정규직 | E101: SL사업본부 | F101: SL개발팀 | G101: 1216011 | H101: G3 | I101: {=_xlfn.IFS( OR(H101="A1", H101="A2", H101="G1"), "사원", OR(H101="G2", H101="G3"), "선임", OR(H101="G4", H101="G5"), "책임" )} -> 선임 | J101: 42370 | K101: 47119 | L101: SKY13590@hsrna.com
... A142: 141 | B142: R&A | C142: 일반직 | D142: 정규직 | E142: SL사업본부 | F142: SL품질보증팀 | G142: 1225055 | H142: 수습 | I142: {=_xlfn.IFS( OR(H142="A1", H142="A2", H142="G1"), "사원", OR(H142="G2", H142="G3"), "선임", OR(H142="G4", H142="G5"), "책임" )} -> #N/A | J142: 45789 | K142: 47119 | L142: cjh1217@hsrna.com
A143: 142 | B143: R&A | C143: 일반직 | D143: 정규직 | E143: SCM담당 | F143: 품질경영팀 | G143: 1208044 | H143: G5 | I143: {=_xlfn.IFS( OR(H143="A1", H143="A2", H143="G1"), "사원", OR(H143="G2", H143="G3"), "선임", OR(H143="G4", H143="G5"), "책임" )} -> 책임 | J143: 39625 | L143: PJC12@hsrna.com
A144: 143 | B144: R&A | C144: 일반직 | D144: 정규직 | E144: SCM담당 | F144: SCM팀 | G144: 1203053 | H144: G5 | I144: {=_xlfn.IFS( OR(H144="A1", H144="A2", H144="G1"), "사원", OR(H144="G2", H144="G3"), "선임", OR(H144="G4", H144="G5"), "책임" )} -> 책임 | J144: 37681 | L144: WWWMEJ@hsrna.com
A145: 144 | B145: R&A | C145: 일반직 | D145: 정규직 | E145: SCM담당 | F145: SCM팀 | G145: 1223050 | H145: G4 | I145: {=_xlfn.IFS( OR(H145="A1", H145="A2", H145="G1"), "사원", OR(H145="G2", H145="G3"), "선임", OR(H145="G4", H145="G5"), "책임" )} -> 책임 | J145: 37500 | K145: 44562 | L145: BROTHER@hsrna.com
A146: 145 | B146: R&A | C146: 일반직 | D146: 정규직 | E146: SCM담당 | F146: 품질경영팀 | G146: 1211111 | H146: G4 | I146: {=_xlfn.IFS( OR(H146="A1", H146="A2", H146="G1"), "사원", OR(H146="G2", H146="G3"), "선임", OR(H146="G4", H146="G5"), "책임" )} -> 책임 | J146: 40634 | K146: 47119 | L146: SCAVENGOR@hsrna.com
A147: 146 | B147: R&A | C147: 일반직 | D147: 정규직 | E147: SCM담당 | F147: SCM팀 | G147: 1210026 | H147: G4 | I147: {=_xlfn.IFS( OR(H147="A1", H147="A2", H147="G1"), "사원", OR(H147="G2", H147="G3"), "선임", OR(H147="G4", H147="G5"), "책임" )} -> 책임 | J147: 40179 | K147: 46388 | L147: DESPERADO@hsrna.com
A148: 147 | B148: R&A | C148: 일반직 | D148: 정규직 | E148: SCM담당 | F148: SCM팀 | G148: 1207092 | H148: G4 | I148: {=_xlfn.IFS( OR(H148="A1", H148="A2", H148="G1"), "사원", OR(H148="G2", H148="G3"), "선임", OR(H148="G4", H148="G5"), "책임" )} -> 책임 | J148: 39405 | K148: 46388 | L148: LJS@hsrna.com
A149: 148 | B149: R&A | C149: 일반직 | D149: 정규직 | E149: SCM담당 | F149: 품질경영팀 | G149: 1211018 | H149: G3 | I149: {=_xlfn.IFS( OR(H149="A1", H149="A2", H149="G1"), "사원", OR(H149="G2", H149="G3"), "선임", OR(H149="G4", H149="G5"), "책임" )} -> 선임 | J149: 37658 | K149: 46753 | L149: SKYLIGHT78@hsrna.com
A150: 149 | B150: R&A | C150: 일반직 | D150: 정규직 | E150: SCM담당 | F150: SCM팀 | G150: 1211110 | H150: G3 | I150: {=_xlfn.IFS( OR(H150="A1", H150="A2", H150="G1"), "사원", OR(H150="G2", H150="G3"), "선임", OR(H150="G4", H150="G5"), "책임" )} -> 선임 | J150: 40634 | K150: 46753 | L150: LEEJW11@hsrna.com
A151: 150 | B151: R&A | C151: 일반직 | D151: 정규직 | E151: SCM담당 | F151: 품질경영팀 | G151: 1225014 | H151: G3 | I151: {=_xlfn.IFS( OR(H151="A1", H151="A2", H151="G1"), "사원", OR(H151="G2", H151="G3"), "선임", OR(H151="G4", H151="G5"), "책임" )} -> 선임 | J151: 45677 | K151: 47484 | L151: iwk@hsrna.com
A152: 151 | B152: R&A | C152: 일반직 | D152: 정규직 | E152: SCM담당 | F152: 품질경영팀 | G152: 1215099 | H152: G3 | I152: {=_xlfn.IFS( OR(H152="A1", H152="A2", H152="G1"), "사원", OR(H152="G2", H152="G3"), "선임", OR(H152="G4", H152="G5"), "책임" )} -> 선임 | J152: 42191 | K152: 47119 | L152: KJS4128@hsrna.com
A153: 152 | B153: R&A | C153: 일반직 | D153: 정규직 | E153: SCM담당 | F153: SCM팀 | G153: 1225013 | H153: G2 | I153: {=_xlfn.IFS( OR(H153="A1", H153="A2", H153="G1"), "사원", OR(H153="G2", H153="G3"), "선임", OR(H153="G4", H153="G5"), "책임" )} -> 선임 | J153: 45677 | K153: 46753 | L153: vscv2693@hsrna.com
A154: 153 | B154: R&A | C154: 일반직 | D154: 정규직 | E154: SCM담당 | F154: 품질경영팀 | G154: 1223066 | H154: G2 | I154: {=_xlfn.IFS( OR(H154="A1", H154="A2", H154="G1"), "사원", OR(H154="G2", H154="G3"), "선임", OR(H154="G4", H154="G5"), "책임" )} -> 선임 | J154: 45203 | K154: 46753 | L154: kkt@hsrna.com
A155: 154 | B155: R&A | C155: 일반직 | D155: 정규직 | E155: SCM담당 | F155: SCM팀 | G155: 1223034 | H155: G2 | I155: {=_xlfn.IFS( OR(H155="A1", H155="A2", H155="G1"), "사원", OR(H155="G2", H155="G3"), "선임", OR(H155="G4", H155="G5"), "책임" )} -> 선임 | J155: 45076 | K155: 46388 | L155: kdw@hsrna.com
A156: 155 | B156: R&A | C156: 일반직 | D156: 정규직 | E156: SCM담당 | F156: SCM팀 | G156: 1223013 | H156: G2 | I156: {=_xlfn.IFS( OR(H156="A1", H156="A2", H156="G1"), "사원", OR(H156="G2", H156="G3"), "선임", OR(H156="G4", H156="G5"), "책임" )} -> 선임 | J156: 44942 | K156: 47484 | L156: jyseo@hsrna.com
... A161: 160 | B161: R&A | C161: 일반직 | D161: 정규직 | E161: SCM담당 | F161: SCM팀 | G161: 1225004 | H161: G1 | I161: {=_xlfn.IFS( OR(H161="A1", H161="A2", H161="G1"), "사원", OR(H161="G2", H161="G3"), "선임", OR(H161="G4", H161="G5"), "책임" )} -> 사원 | J161: 45658 | K161: 46753 | L161: tiger284@hsrna.com
A162: 161 | B162: R&A | C162: 일반직 | D162: 정규직 | E162: 관체사업단 | F162: 관체사업단 | G162: 1225087 | H162: E1 | I162: {=_xlfn.IFS( OR(H162="A1", H162="A2", H162="G1"), "사원", OR(H162="G2", H162="G3"), "선임", OR(H162="G4", H162="G5"), "책임" )} -> #N/A | J162: 36094 | L162: ROYKIM@hsrna.com
A163: 162 | B163: R&A | C163: 일반직 | D163: 정규직 | E163: 관체사업단 | F163: 관체사업팀 | G163: 1209058 | H163: G5 | I163: {=_xlfn.IFS( OR(H163="A1", H163="A2", H163="G1"), "사원", OR(H163="G2", H163="G3"), "선임", OR(H163="G4", H163="G5"), "책임" )} -> 책임 | J163: 38218 | L163: YHDO@hsrna.com
A164: 163 | B164: R&A | C164: 일반직 | D164: 정규직 | E164: 관체사업단 | F164: 관체사업팀 | G164: 1210021 | H164: G4 | I164: {=_xlfn.IFS( OR(H164="A1", H164="A2", H164="G1"), "사원", OR(H164="G2", H164="G3"), "선임", OR(H164="G4", H164="G5"), "책임" )} -> 책임 | J164: 40179 | K164: 46388 | L164: LDH10225@hsrna.com
A165: 164 | B165: R&A | C165: 일반직 | D165: 정규직 | E165: 관체사업단 | F165: 관체사업팀 | G165: 1224012 | H165: G4 | I165: {=_xlfn.IFS( OR(H165="A1", H165="A2", H165="G1"), "사원", OR(H165="G2", H165="G3"), "선임", OR(H165="G4", H165="G5"), "책임" )} -> 책임 | J165: 45383 | K165: 46753 | L165: scmoon@hsrna.com
A166: 165 | B166: R&A | C166: 일반직 | D166: 정규직 | E166: 관체사업단 | F166: 관체사업팀 | G166: 1208073 | H166: G4 | I166: {=_xlfn.IFS( OR(H166="A1", H166="A2", H166="G1"), "사원", OR(H166="G2", H166="G3"), "선임", OR(H166="G4", H166="G5"), "책임" )} -> 책임 | J166: 39753 | K166: 46388 | L166: KCHANG@hsrna.com
A167: 166 | B167: R&A | C167: 일반직 | D167: 정규직 | E167: 관체사업단 | F167: 관체사업팀 | G167: 1214163 | H167: G3 | I167: {=_xlfn.IFS( OR(H167="A1", H167="A2", H167="G1"), "사원", OR(H167="G2", H167="G3"), "선임", OR(H167="G4", H167="G5"), "책임" )} -> 선임 | J167: 41841 | K167: 46753 | L167: CAP307@hsrna.com
A168: 167 | B168: R&A | C168: 일반직 | D168: 정규직 | E168: 관체사업단 | F168: 관체사업팀 | G168: 1213016 | H168: G3 | I168: {=_xlfn.IFS( OR(H168="A1", H168="A2", H168="G1"), "사원", OR(H168="G2", H168="G3"), "선임", OR(H168="G4", H168="G5"), "책임" )} -> 선임 | J168: 41275 | K168: 46023 | L168: BLUEMOON1116@hsrna.com
A169: 168 | B169: R&A | C169: 일반직 | D169: 정규직 | E169: 관체사업단 | F169: 관체사업팀 | G169: 1214164 | H169: G3 | I169: {=_xlfn.IFS( OR(H169="A1", H169="A2", H169="G1"), "사원", OR(H169="G2", H169="G3"), "선임", OR(H169="G4", H169="G5"), "책임" )} -> 선임 | J169: 41841 | K169: 46753 | L169: JSM20021@hsrna.com
A170: 169 | B170: R&A | C170: 일반직 | D170: 정규직 | E170: 관체사업단 | F170: 관체사업팀 | G170: 1212055 | H170: G3 | I170: {=_xlfn.IFS( OR(H170="A1", H170="A2", H170="G1"), "사원", OR(H170="G2", H170="G3"), "선임", OR(H170="G4", H170="G5"), "책임" )} -> 선임 | J170: 40980 | K170: 47119 | L170: ILOVEJH87@hsrna.com
A171: 170 | B171: R&A | C171: 일반직 | D171: 정규직 | E171: 관체사업단 | F171: 관체사업팀 | G171: 1223098 | H171: G2 | I171: {=_xlfn.IFS( OR(H171="A1", H171="A2", H171="G1"), "사원", OR(H171="G2", H171="G3"), "선임", OR(H171="G4", H171="G5"), "책임" )} -> 선임 | J171: 45278 | K171: 46388 | L171: aikk1205@hsrna.com
A172: 171 | B172: R&A | C172: 일반직 | D172: 정규직 | E172: 관체사업단 | F172: 관체사업팀 | G172: 1223011 | H172: G2 | I172: {=_xlfn.IFS( OR(H172="A1", H172="A2", H172="G1"), "사원", OR(H172="G2", H172="G3"), "선임", OR(H172="G4", H172="G5"), "책임" )} -> 선임 | J172: 44942 | K172: 47119 | L172: guswns2931@hsrna.com
A173: 172 | B173: R&A | C173: 일반직 | D173: 정규직 | E173: 관체사업단 | F173: 관체사업팀 | G173: 1216022 | H173: G1 | I173: {=_xlfn.IFS( OR(H173="A1", H173="A2", H173="G1"), "사원", OR(H173="G2", H173="G3"), "선임", OR(H173="G4", H173="G5"), "책임" )} -> 사원 | J173: 42381 | K173: 46023 | L173: HUNHA77@hsrna.com
A174: 173 | B174: R&A | C174: 일반직 | D174: 정규직 | E174: B/H사업단 | F174: B/H사업팀 | G174: 1214099 | H174: G5 | I174: {=_xlfn.IFS( OR(H174="A1", H174="A2", H174="G1"), "사원", OR(H174="G2", H174="G3"), "선임", OR(H174="G4", H174="G5"), "책임" )} -> 책임 | J174: 41760 | L174: YMSUNG38@hsrna.com
A175: 174 | B175: R&A | C175: 일반직 | D175: 정규직 | E175: B/H사업단 | F175: B/H사업팀 | G175: 1208052 | H175: G5 | I175: {=_xlfn.IFS( OR(H175="A1", H175="A2", H175="G1"), "사원", OR(H175="G2", H175="G3"), "선임", OR(H175="G4", H175="G5"), "책임" )} -> 책임 | J175: 38103 | L175: YYJ@hsrna.com
A176: 175 | B176: R&A | C176: 일반직 | D176: 정규직 | E176: B/H사업단 | F176: B/H사업팀 | G176: 1223086 | H176: G3 | I176: {=_xlfn.IFS( OR(H176="A1", H176="A2", H176="G1"), "사원", OR(H176="G2", H176="G3"), "선임", OR(H176="G4", H176="G5"), "책임" )} -> 선임 | J176: 41148 | K176: 46023 | L176: HIMAN@hsrna.com
A177: 176 | B177: R&A | C177: 일반직 | D177: 정규직 | E177: B/H사업단 | F177: B/H사업팀 | G177: 1225012 | H177: G3 | I177: {=_xlfn.IFS( OR(H177="A1", H177="A2", H177="G1"), "사원", OR(H177="G2", H177="G3"), "선임", OR(H177="G4", H177="G5"), "책임" )} -> 선임 | J177: 45677 | K177: 47119 | L177: jmkim3@hsrna.com
A178: 177 | B178: R&A | C178: 일반직 | D178: 정규직 | E178: B/H사업단 | F178: B/H사업팀 | G178: 1214165 | H178: G3 | I178: {=_xlfn.IFS( OR(H178="A1", H178="A2", H178="G1"), "사원", OR(H178="G2", H178="G3"), "선임", OR(H178="G4", H178="G5"), "책임" )} -> 선임 | J178: 41841 | K178: 46753 | L178: SSH0114@hsrna.com
A179: 178 | B179: R&A | C179: 일반직 | D179: 정규직 | E179: B/H사업단 | F179: B/H사업팀 | G179: 1222055 | H179: G2 | I179: {=_xlfn.IFS( OR(H179="A1", H179="A2", H179="G1"), "사원", OR(H179="G2", H179="G3"), "선임", OR(H179="G4", H179="G5"), "책임" )} -> 선임 | J179: 44921 | K179: 47484 | L179: ljs2652965@hsrna.com
A180: 179 | B180: R&A | C180: 일반직 | D180: 정규직 | E180: 열관리사업단 | F180: 열관리사업단 | G180: 1225088 | H180: E1 | I180: {=_xlfn.IFS( OR(H180="A1", H180="A2", H180="G1"), "사원", OR(H180="G2", H180="G3"), "선임", OR(H180="G4", H180="G5"), "책임" )} -> #N/A | J180: 35023 | L180: moon2864kr@hsrna.com
A181: 180 | B181: R&A | C181: 일반직 | D181: 정규직 | E181: 열관리사업단 | F181: 열관리사업팀 | G181: 1208077 | H181: G5 | I181: {=_xlfn.IFS( OR(H181="A1", H181="A2", H181="G1"), "사원", OR(H181="G2", H181="G3"), "선임", OR(H181="G4", H181="G5"), "책임" )} -> 책임 | J181: 39765 | L181: DLEHDRN97@hsrna.com
A182: 181 | B182: R&A | C182: 일반직 | D182: 정규직 | E182: 열관리사업단 | F182: 열관리사업팀 | G182: 1211076 | H182: G4 | I182: {=_xlfn.IFS( OR(H182="A1", H182="A2", H182="G1"), "사원", OR(H182="G2", H182="G3"), "선임", OR(H182="G4", H182="G5"), "책임" )} -> 책임 | J182: 40616 | K182: 46023 | L182: NINEPOSITION@hsrna.com
A183: 182 | B183: R&A | C183: 일반직 | D183: 정규직 | E183: 열관리사업단 | F183: 열관리사업팀 | G183: 1217016 | H183: G3 | I183: {=_xlfn.IFS( OR(H183="A1", H183="A2", H183="G1"), "사원", OR(H183="G2", H183="G3"), "선임", OR(H183="G4", H183="G5"), "책임" )} -> 선임 | J183: 42736 | K183: 47484 | L183: han99@hsrna.com
A184: 183 | B184: R&A | C184: 일반직 | D184: 정규직 | E184: 열관리사업단 | F184: 열관리사업팀 | G184: 1214104 | H184: G3 | I184: {=_xlfn.IFS( OR(H184="A1", H184="A2", H184="G1"), "사원", OR(H184="G2", H184="G3"), "선임", OR(H184="G4", H184="G5"), "책임" )} -> 선임 | J184: 41766 | K184: 46753 | L184: KSW4088@hsrna.com
A185: 184 | B185: R&A | C185: 일반직 | D185: 정규직 | E185: 열관리사업단 | F185: 열관리사업팀 | G185: 1217043 | H185: G3 | I185: {=_xlfn.IFS( OR(H185="A1", H185="A2", H185="G1"), "사원", OR(H185="G2", H185="G3"), "선임", OR(H185="G4", H185="G5"), "책임" )} -> 선임 | J185: 42870 | K185: 46388 | L185: donghochoi@hsrna.com
A186: 185 | B186: R&A | C186: 일반직 | D186: 정규직 | E186: 열관리사업단 | F186: 열관리사업팀 | G186: 1223097 | H186: G3 | I186: {=_xlfn.IFS( OR(H186="A1", H186="A2", H186="G1"), "사원", OR(H186="G2", H186="G3"), "선임", OR(H186="G4", H186="G5"), "책임" )} -> 선임 | J186: 45278 | K186: 47484 | L186: shpark12@hsrna.com
A187: 186 | B187: R&A | C187: 일반직 | D187: 정규직 | E187: 저압사업단 | F187: 저압사업단 | G187: 1224046 | H187: EP | I187: {=_xlfn.IFS( OR(H187="A1", H187="A2", H187="G1"), "사원", OR(H187="G2", H187="G3"), "선임", OR(H187="G4", H187="G5"), "책임" )} -> #N/A | J187: 36281 | L187: cwlee@hsrna.com
A188: 187 | B188: R&A | C188: 일반직 | D188: 정규직 | E188: 저압사업단 | F188: 상생협력팀 | G188: 1210154 | H188: G5 | I188: {=_xlfn.IFS( OR(H188="A1", H188="A2", H188="G1"), "사원", OR(H188="G2", H188="G3"), "선임", OR(H188="G4", H188="G5"), "책임" )} -> 책임 | J188: 40371 | L188: SHSHIN@hsrna.com
A189: 188 | B189: R&A | C189: 일반직 | D189: 정규직 | E189: 저압사업단 | F189: 구매원가팀 | G189: 1203052 | H189: G5 | I189: {=_xlfn.IFS( OR(H189="A1", H189="A2", H189="G1"), "사원", OR(H189="G2", H189="G3"), "선임", OR(H189="G4", H189="G5"), "책임" )} -> 책임 | J189: 37681 | L189: DRAGON@hsrna.com
A190: 189 | B190: R&A | C190: 일반직 | D190: 정규직 | E190: 저압사업단 | F190: 상생협력팀 | G190: 1210019 | H190: G4 | I190: {=_xlfn.IFS( OR(H190="A1", H190="A2", H190="G1"), "사원", OR(H190="G2", H190="G3"), "선임", OR(H190="G4", H190="G5"), "책임" )} -> 책임 | J190: 40179 | K190: 46753 | L190: JDHEAT21@hsrna.com
A191: 190 | B191: R&A | C191: 일반직 | D191: 정규직 | E191: 저압사업단 | F191: 구매원가팀 | G191: 1207078 | H191: G4 | I191: {=_xlfn.IFS( OR(H191="A1", H191="A2", H191="G1"), "사원", OR(H191="G2", H191="G3"), "선임", OR(H191="G4", H191="G5"), "책임" )} -> 책임 | J191: 39356 | K191: 46023 | L191: LEEKW@hsrna.com
A192: 191 | B192: R&A | C192: 일반직 | D192: 정규직 | E192: 저압사업단 | F192: 상생협력팀 | G192: 1214162 | H192: G3 | I192: {=_xlfn.IFS( OR(H192="A1", H192="A2", H192="G1"), "사원", OR(H192="G2", H192="G3"), "선임", OR(H192="G4", H192="G5"), "책임" )} -> 선임 | J192: 41841 | K192: 46753 | L192: JMKIM35@hsrna.com
A193: 192 | B193: R&A | C193: 일반직 | D193: 정규직 | E193: 저압사업단 | F193: 구매원가팀 | G193: 1215138 | H193: G3 | I193: {=_xlfn.IFS( OR(H193="A1", H193="A2", H193="G1"), "사원", OR(H193="G2", H193="G3"), "선임", OR(H193="G4", H193="G5"), "책임" )} -> 선임 | J193: 42303 | K193: 47119 | L193: SUPERKOREAN112@hsrna.com
A194: 193 | B194: R&A | C194: 일반직 | D194: 정규직 | E194: 저압사업단 | F194: 구매원가팀 | G194: 1225066 | H194: G2 | I194: {=_xlfn.IFS( OR(H194="A1", H194="A2", H194="G1"), "사원", OR(H194="G2", H194="G3"), "선임", OR(H194="G4", H194="G5"), "책임" )} -> 선임 | J194: 45803 | K194: 47484 | L194: kwan2085@hsrna.com
A195: 194 | B195: R&A | C195: 일반직 | D195: 정규직 | E195: 저압사업단 | F195: 상생협력팀 | G195: 1223010 | H195: G1 | I195: {=_xlfn.IFS( OR(H195="A1", H195="A2", H195="G1"), "사원", OR(H195="G2", H195="G3"), "선임", OR(H195="G4", H195="G5"), "책임" )} -> 사원 | J195: 44942 | K195: 46023 | L195: dsryu@hsrna.com
A196: 195 | B196: R&A | C196: 일반직 | D196: 정규직 | E196: 저압사업단 | F196: 구매원가팀 | G196: 1216044 | H196: G1 | I196: {=_xlfn.IFS( OR(H196="A1", H196="A2", H196="G1"), "사원", OR(H196="G2", H196="G3"), "선임", OR(H196="G4", H196="G5"), "책임" )} -> 사원 | J196: 42443 | K196: 46023 | L196: THANK427@hsrna.com
A197: 196 | B197: R&A | C197: 일반직 | D197: 정규직 | E197: 저압사업단 | F197: 상생협력팀 | G197: 1225057 | H197: G1 | I197: {=_xlfn.IFS( OR(H197="A1", H197="A2", H197="G1"), "사원", OR(H197="G2", H197="G3"), "선임", OR(H197="G4", H197="G5"), "책임" )} -> 사원 | J197: 45789 | K197: 46023 | L197: yoon0878@hsrna.com
A198: 197 | B198: R&A | C198: 일반직 | D198: 정규직 | E198: 저압사업단 | F198: 구매원가팀 | G198: 1223094 | H198: G1 | I198: {=_xlfn.IFS( OR(H198="A1", H198="A2", H198="G1"), "사원", OR(H198="G2", H198="G3"), "선임", OR(H198="G4", H198="G5"), "책임" )} -> 사원 | J198: 45278 | K198: 46023 | L198: jhryu@hsrna.com
A199: 198 | B199: R&A | C199: 일반직 | D199: 정규직 | E199: 저압사업단 | F199: 상생협력팀 | G199: 1225068 | H199: 수습 | I199: {=_xlfn.IFS( OR(H199="A1", H199="A2", H199="G1"), "사원", OR(H199="G2", H199="G3"), "선임", OR(H199="G4", H199="G5"), "책임" )} -> #N/A | J199: 45839 | K199: 47119 | L199: ajw4083@hsrna.com
A200: 199 | B200: R&A | C200: 일반직 | D200: 정규직 | E200: FL사업지원담당 | F200: FL사업지원담당 | G200: 1209074 | H200: EP | I200: {=_xlfn.IFS( OR(H200="A1", H200="A2", H200="G1"), "사원", OR(H200="G2", H200="G3"), "선임", OR(H200="G4", H200="G5"), "책임" )} -> #N/A | J200: 40087 | L200: KJUJIN@hsrna.com
A201: 200 | B201: R&A | C201: 일반직 | D201: 정규직 | E201: FL사업지원담당 | F201: FL품질보증팀 | G201: 1215101 | H201: G5 | I201: {=_xlfn.IFS( OR(H201="A1", H201="A2", H201="G1"), "사원", OR(H201="G2", H201="G3"), "선임", OR(H201="G4", H201="G5"), "책임" )} -> 책임 | J201: 42186 | L201: LJH98@hsrna.com
A202: 201 | B202: R&A | C202: 일반직 | D202: 정규직 | E202: FL사업지원담당 | F202: FL개발팀 | G202: 1205094 | H202: G5 | I202: {=_xlfn.IFS( OR(H202="A1", H202="A2", H202="G1"), "사원", OR(H202="G2", H202="G3"), "선임", OR(H202="G4", H202="G5"), "책임" )} -> 책임 | J202: 38539 | L202: KADOHY0079@hsrna.com
...
