Workbook

Sheet FTE 정리
B1: 평균 FTE (6월 ~ 8월) | F1: 현재 인원수 | J1: FTE/인원수
A2: 팀 | B2: 전체 | C2: 책임 | D2: 선임 | E2: 사원 | F2: 전체 | G2: 책임 | H2: 선임 | I2: 사원 | J2: 전체 | K2: 책임 | L2: 선임 | M2: 사원
A3: SL생산기술팀 | B3: =AVERAGE('FTE 계산'!W3,'FTE 계산'!AI3,'FTE 계산'!AU3) -> 10.290324 | C3: =AVERAGE('FTE 계산'!X3,'FTE 계산'!AJ3,'FTE 계산'!AV3) -> 5.9911502 | D3: =AVERAGE('FTE 계산'!Y3,'FTE 계산'!AK3,'FTE 계산'!AW3) -> 2.0141762 | E3: =AVERAGE('FTE 계산'!Z3,'FTE 계산'!AL3,'FTE 계산'!AX3) -> 0.74734375 | F3: =_xlfn.XLOOKUP($A3,Sheet3!$A:$A,Sheet3!K:K) -> 11 | G3: =_xlfn.XLOOKUP($A3,Sheet3!$A:$A,Sheet3!L:L) -> 5 | H3: =_xlfn.XLOOKUP($A3,Sheet3!$A:$A,Sheet3!M:M) -> 2 | I3: =_xlfn.XLOOKUP($A3,Sheet3!$A:$A,Sheet3!N:N) -> 4 | J3: =B3/F3 -> 0.93548396 | K3: =C3/G3 -> 1.19823 | L3: =D3/H3 -> 1.0070881 | M3: =E3/I3 -> 0.18683594
A4: SL운영팀 | B4: =AVERAGE('FTE 계산'!W4,'FTE 계산'!AI4,'FTE 계산'!AU4) -> 9.43798 | C4: =AVERAGE('FTE 계산'!X4,'FTE 계산'!AJ4,'FTE 계산'!AV4) -> 4.6447768 | D4: =AVERAGE('FTE 계산'!Y4,'FTE 계산'!AK4,'FTE 계산'!AW4) -> 2.3962681 | E4: =AVERAGE('FTE 계산'!Z4,'FTE 계산'!AL4,'FTE 계산'!AX4) -> 2.379189 | F4: =_xlfn.XLOOKUP($A4,Sheet3!$A:$A,Sheet3!K:K) -> 8 | G4: =_xlfn.XLOOKUP($A4,Sheet3!$A:$A,Sheet3!L:L) -> 4 | H4: =_xlfn.XLOOKUP($A4,Sheet3!$A:$A,Sheet3!M:M) -> 2 | I4: =_xlfn.XLOOKUP($A4,Sheet3!$A:$A,Sheet3!N:N) -> 2 | J4: =B4/F4 -> 1.1797475 | K4: =C4/G4 -> 1.1611942 | L4: =D4/H4 -> 1.198134 | M4: =E4/I4 -> 1.1895945
A5: HR팀 | B5: =AVERAGE('FTE 계산'!W5,'FTE 계산'!AI5,'FTE 계산'!AU5) -> 6.0174103 | C5: =AVERAGE('FTE 계산'!X5,'FTE 계산'!AJ5,'FTE 계산'!AV5) -> 2.3470047 | D5: =AVERAGE('FTE 계산'!Y5,'FTE 계산'!AK5,'FTE 계산'!AW5) -> 1.1297743 | E5: =AVERAGE('FTE 계산'!Z5,'FTE 계산'!AL5,'FTE 계산'!AX5) -> 2.5465474 | F5: =_xlfn.XLOOKUP($A5,Sheet3!$A:$A,Sheet3!K:K) -> 5 | G5: =_xlfn.XLOOKUP($A5,Sheet3!$A:$A,Sheet3!L:L) -> 2 | H5: =_xlfn.XLOOKUP($A5,Sheet3!$A:$A,Sheet3!M:M) -> 1 | I5: =_xlfn.XLOOKUP($A5,Sheet3!$A:$A,Sheet3!N:N) -> 2 | J5: =B5/F5 -> 1.2034821 | K5: =C5/G5 -> 1.1735023 | L5: =D5/H5 -> 1.1297743 | M5: =E5/I5 -> 1.2732737
A6: 구매원가팀 | B6: =AVERAGE('FTE 계산'!W6,'FTE 계산'!AI6,'FTE 계산'!AU6) -> 7.6317259 | C6: =AVERAGE('FTE 계산'!X6,'FTE 계산'!AJ6,'FTE 계산'!AV6) -> 2.5589117 | D6: =AVERAGE('FTE 계산'!Y6,'FTE 계산'!AK6,'FTE 계산'!AW6) -> 2.5706889 | E6: =AVERAGE('FTE 계산'!Z6,'FTE 계산'!AL6,'FTE 계산'!AX6) -> 2.5036064 | F6: =_xlfn.XLOOKUP($A6,Sheet3!$A:$A,Sheet3!K:K) -> 6 | G6: =_xlfn.XLOOKUP($A6,Sheet3!$A:$A,Sheet3!L:L) -> 2 | H6: =_xlfn.XLOOKUP($A6,Sheet3!$A:$A,Sheet3!M:M) -> 2 | I6: =_xlfn.XLOOKUP($A6,Sheet3!$A:$A,Sheet3!N:N) -> 2 | J6: =B6/F6 -> 1.2719543 | K6: =C6/G6 -> 1.2794559 | L6: =D6/H6 -> 1.2853445 | M6: =E6/I6 -> 1.2518032
A7: SCM팀 | B7: =AVERAGE('FTE 계산'!W7,'FTE 계산'!AI7,'FTE 계산'!AU7) -> 16.216856 | C7: =AVERAGE('FTE 계산'!X7,'FTE 계산'!AJ7,'FTE 계산'!AV7) -> 4.8307175 | D7: =AVERAGE('FTE 계산'!Y7,'FTE 계산'!AK7,'FTE 계산'!AW7) -> 4.7317786 | E7: =AVERAGE('FTE 계산'!Z7,'FTE 계산'!AL7,'FTE 계산'!AX7) -> 4.7387856 | F7: =_xlfn.XLOOKUP($A7,Sheet3!$A:$A,Sheet3!K:K) -> 12 | G7: =_xlfn.XLOOKUP($A7,Sheet3!$A:$A,Sheet3!L:L) -> 4 | H7: =_xlfn.XLOOKUP($A7,Sheet3!$A:$A,Sheet3!M:M) -> 4 | I7: =_xlfn.XLOOKUP($A7,Sheet3!$A:$A,Sheet3!N:N) -> 4 | J7: =B7/F7 -> 1.3514047 | K7: =C7/G7 -> 1.2076794 | L7: =D7/H7 -> 1.1829447 | M7: =E7/I7 -> 1.1846964
A8: SL품질보증팀 | B8: =AVERAGE('FTE 계산'!W8,'FTE 계산'!AI8,'FTE 계산'!AU8) -> 14.796171 | C8: =AVERAGE('FTE 계산'!X8,'FTE 계산'!AJ8,'FTE 계산'!AV8) -> 3.3280902 | D8: =AVERAGE('FTE 계산'!Y8,'FTE 계산'!AK8,'FTE 계산'!AW8) -> 7.6721886 | E8: =AVERAGE('FTE 계산'!Z8,'FTE 계산'!AL8,'FTE 계산'!AX8) -> 3.2577988 | F8: =_xlfn.XLOOKUP($A8,Sheet3!$A:$A,Sheet3!K:K) -> 14 | G8: =_xlfn.XLOOKUP($A8,Sheet3!$A:$A,Sheet3!L:L) -> 3 | H8: =_xlfn.XLOOKUP($A8,Sheet3!$A:$A,Sheet3!M:M) -> 8 | I8: =_xlfn.XLOOKUP($A8,Sheet3!$A:$A,Sheet3!N:N) -> 2 | J8: =B8/F8 -> 1.0568693 | K8: =C8/G8 -> 1.1093634 | L8: =D8/H8 -> 0.95902357 | M8: =E8/I8 -> 1.6288994
A9: 열관리설계팀 | B9: =AVERAGE('FTE 계산'!W9,'FTE 계산'!AI9,'FTE 계산'!AU9) -> 19.944953 | C9: =AVERAGE('FTE 계산'!X9,'FTE 계산'!AJ9,'FTE 계산'!AV9) -> 11.274102 | D9: =AVERAGE('FTE 계산'!Y9,'FTE 계산'!AK9,'FTE 계산'!AW9) -> 4.6361366 | E9: =AVERAGE('FTE 계산'!Z9,'FTE 계산'!AL9,'FTE 계산'!AX9) -> 3.3208987 | F9: =_xlfn.XLOOKUP($A9,Sheet3!$A:$A,Sheet3!K:K) -> 13 | G9: =_xlfn.XLOOKUP($A9,Sheet3!$A:$A,Sheet3!L:L) -> 4 | H9: =_xlfn.XLOOKUP($A9,Sheet3!$A:$A,Sheet3!M:M) -> 5 | I9: =_xlfn.XLOOKUP($A9,Sheet3!$A:$A,Sheet3!N:N) -> 3 | J9: =B9/F9 -> 1.5342272 | K9: =C9/G9 -> 2.8185256 | L9: =D9/H9 -> 0.92722732 | M9: =E9/I9 -> 1.1069662
A10: FL생산기술팀 | B10: =AVERAGE('FTE 계산'!W10,'FTE 계산'!AI10,'FTE 계산'!AU10) -> 9.8287118 | C10: =AVERAGE('FTE 계산'!X10,'FTE 계산'!AJ10,'FTE 계산'!AV10) -> 2.4849873 | D10: =AVERAGE('FTE 계산'!Y10,'FTE 계산'!AK10,'FTE 계산'!AW10) -> 3.675594 | E10: =AVERAGE('FTE 계산'!Z10,'FTE 계산'!AL10,'FTE 계산'!AX10) -> 3.6642344 | F10: =_xlfn.XLOOKUP($A10,Sheet3!$A:$A,Sheet3!K:K) -> 10 | G10: =_xlfn.XLOOKUP($A10,Sheet3!$A:$A,Sheet3!L:L) -> 2 | H10: =_xlfn.XLOOKUP($A10,Sheet3!$A:$A,Sheet3!M:M) -> 5 | I10: =_xlfn.XLOOKUP($A10,Sheet3!$A:$A,Sheet3!N:N) -> 3 | J10: =B10/F10 -> 0.98287118 | K10: =C10/G10 -> 1.2424937 | L10: =D10/H10 -> 0.7351188 | M10: =E10/I10 -> 1.2214115
A11: FL개발팀 | B11: =AVERAGE('FTE 계산'!W11,'FTE 계산'!AI11,'FTE 계산'!AU11) -> 18.04339 | C11: =AVERAGE('FTE 계산'!X11,'FTE 계산'!AJ11,'FTE 계산'!AV11) -> 3.9853009 | D11: =AVERAGE('FTE 계산'!Y11,'FTE 계산'!AK11,'FTE 계산'!AW11) -> 8.289793 | E11: =AVERAGE('FTE 계산'!Z11,'FTE 계산'!AL11,'FTE 계산'!AX11) -> 4.3588348 | F11: =_xlfn.XLOOKUP($A11,Sheet3!$A:$A,Sheet3!K:K) -> 14 | G11: =_xlfn.XLOOKUP($A11,Sheet3!$A:$A,Sheet3!L:L) -> 3 | H11: =_xlfn.XLOOKUP($A11,Sheet3!$A:$A,Sheet3!M:M) -> 7 | I11: =_xlfn.XLOOKUP($A11,Sheet3!$A:$A,Sheet3!N:N) -> 3 | J11: =B11/F11 -> 1.2888136 | K11: =C11/G11 -> 1.3284336 | L11: =D11/H11 -> 1.1842561 | M11: =E11/I11 -> 1.4529449
A12: SL구매팀 | B12: =AVERAGE('FTE 계산'!W12,'FTE 계산'!AI12,'FTE 계산'!AU12) -> 10.780294 | C12: =AVERAGE('FTE 계산'!X12,'FTE 계산'!AJ12,'FTE 계산'!AV12) -> 5.8705952 | D12: =AVERAGE('FTE 계산'!Y12,'FTE 계산'!AK12,'FTE 계산'!AW12) -> 3.6930038 | E12: =AVERAGE('FTE 계산'!Z12,'FTE 계산'!AL12,'FTE 계산'!AX12) -> 1.2112723 | F12: =_xlfn.XLOOKUP($A12,Sheet3!$A:$A,Sheet3!K:K) -> 9 | G12: =_xlfn.XLOOKUP($A12,Sheet3!$A:$A,Sheet3!L:L) -> 5 | H12: =_xlfn.XLOOKUP($A12,Sheet3!$A:$A,Sheet3!M:M) -> 3 | I12: =_xlfn.XLOOKUP($A12,Sheet3!$A:$A,Sheet3!N:N) -> 1 | J12: =B12/F12 -> 1.1978105 | K12: =C12/G12 -> 1.174119 | L12: =D12/H12 -> 1.2310013 | M12: =E12/I12 -> 1.2112723
A13: 품질경영팀 | B13: =AVERAGE('FTE 계산'!W13,'FTE 계산'!AI13,'FTE 계산'!AU13) -> 14.789225 | C13: =AVERAGE('FTE 계산'!X13,'FTE 계산'!AJ13,'FTE 계산'!AV13) -> 4.5496892 | D13: =AVERAGE('FTE 계산'!Y13,'FTE 계산'!AK13,'FTE 계산'!AW13) -> 8.1785126 | E13: =AVERAGE('FTE 계산'!Z13,'FTE 계산'!AL13,'FTE 계산'!AX13) -> 1.1352056 | F13: =_xlfn.XLOOKUP($A13,Sheet3!$A:$A,Sheet3!K:K) -> 13 | G13: =_xlfn.XLOOKUP($A13,Sheet3!$A:$A,Sheet3!L:L) -> 4 | H13: =_xlfn.XLOOKUP($A13,Sheet3!$A:$A,Sheet3!M:M) -> 7 | I13: =_xlfn.XLOOKUP($A13,Sheet3!$A:$A,Sheet3!N:N) -> 2 | J13: =B13/F13 -> 1.1376327 | K13: =C13/G13 -> 1.1374223 | L13: =D13/H13 -> 1.1683589 | M13: =E13/I13 -> 0.56760281
A14: B/H사업팀 | B14: =AVERAGE('FTE 계산'!W14,'FTE 계산'!AI14,'FTE 계산'!AU14) -> 8.3166612 | C14: =AVERAGE('FTE 계산'!X14,'FTE 계산'!AJ14,'FTE 계산'!AV14) -> 2.4152769 | D14: =AVERAGE('FTE 계산'!Y14,'FTE 계산'!AK14,'FTE 계산'!AW14) -> 4.7317487 | E14: =AVERAGE('FTE 계산'!Z14,'FTE 계산'!AL14,'FTE 계산'!AX14) -> 1.1741365 | F14: =_xlfn.XLOOKUP($A14,Sheet3!$A:$A,Sheet3!K:K) -> 6 | G14: =_xlfn.XLOOKUP($A14,Sheet3!$A:$A,Sheet3!L:L) -> 2 | H14: =_xlfn.XLOOKUP($A14,Sheet3!$A:$A,Sheet3!M:M) -> 4 | I14: =_xlfn.XLOOKUP($A14,Sheet3!$A:$A,Sheet3!N:N) -> 0 | J14: =B14/F14 -> 1.3861102 | K14: =C14/G14 -> 1.2076385 | L14: =D14/H14 -> 1.1829372 | M14: =E14/I14 -> #DIV/0!
... A77: 기술전략화팀 | B77: =AVERAGE('FTE 계산'!W77,'FTE 계산'!AI77,'FTE 계산'!AU77) -> 4.6809889 | C77: =AVERAGE('FTE 계산'!X77,'FTE 계산'!AJ77,'FTE 계산'!AV77) -> 2.3659813 | D77: =AVERAGE('FTE 계산'!Y77,'FTE 계산'!AK77,'FTE 계산'!AW77) -> #DIV/0! | E77: =AVERAGE('FTE 계산'!Z77,'FTE 계산'!AL77,'FTE 계산'!AX77) -> 2.316951 | F77: =_xlfn.XLOOKUP($A77,Sheet3!$A:$A,Sheet3!K:K) -> 4 | G77: =_xlfn.XLOOKUP($A77,Sheet3!$A:$A,Sheet3!L:L) -> 2 | H77: =_xlfn.XLOOKUP($A77,Sheet3!$A:$A,Sheet3!M:M) -> 0 | I77: =_xlfn.XLOOKUP($A77,Sheet3!$A:$A,Sheet3!N:N) -> 2 | J77: =B77/F77 -> 1.1702472 | K77: =C77/G77 -> 1.1829906 | L77: =D77/H77 -> #DIV/0! | M77: =E77/I77 -> 1.1584755

Sheet monthly_work_hours
A1: 사번 | B1: 성명 | C1: 소속팀 | D1: 직위 | E1: 년 | F1: 월 | G1: 근무일수 | H1: 총근무시간_분 | I1: 초과근무시간_분 | J1: 주말근무일수 | K1: 총근무시간 | L1: 초과근무시간 | M1: 일평균근무시간 | N1: 예상정규근무시간 | O1: 근무시간차이
A2: 1199158 | B2: 윤상규 | C2: SL생산기술팀 | D2: 기능주임 | E2: 2025 | F2: 6 | G2: 30 | H2: 8053 | I2: 0 | J2: 9 | K2: 134.2 | L2: 0 | M2: 4.5 | N2: 168 | O2: -33.8
A3: 1199158 | B3: 윤상규 | C3: SL생산기술팀 | D3: 기능주임 | E3: 2025 | F3: 7 | G3: 31 | H3: 7095 | I3: 0 | J3: 8 | K3: 118.2 | L3: 0 | M3: 3.8 | N3: 184 | O3: -65.8
A4: 1199158 | B4: 윤상규 | C4: SL생산기술팀 | D4: 기능주임 | E4: 2025 | F4: 8 | G4: 22 | H4: 4949 | I4: 0 | J4: 5 | K4: 82.5 | L4: 0 | M4: 3.8 | N4: 136 | O4: -53.5
A5: 1202155 | B5: 추상민 | C5: SL운영팀 | D5: 책임 | E5: 2025 | F5: 6 | G5: 1 | H5: 207 | I5: 0 | J5: 0 | K5: 3.4 | L5: 0 | M5: 3.4 | N5: 8 | O5: -4.6
A6: 1202183 | B6: 안준철 | C6: HR팀 | D6: 책임 | E6: 2025 | F6: 6 | G6: 20 | H6: 10677 | I6: 0 | J6: 1 | K6: 178 | L6: 0 | M6: 8.9 | N6: 152 | O6: 26
A7: 1202183 | B7: 안준철 | C7: HR팀 | D7: 책임 | E7: 2025 | F7: 7 | G7: 20 | H7: 10409 | I7: 0 | J7: 0 | K7: 173.5 | L7: 0 | M7: 8.7 | N7: 160 | O7: 13.5
A8: 1202183 | B8: 안준철 | C8: HR팀 | D8: 책임 | E8: 2025 | F8: 8 | G8: 17 | H8: 8607 | I8: 0 | J8: 1 | K8: 143.4 | L8: 0 | M8: 8.4 | N8: 128 | O8: 15.400000000000006
A9: 1203036 | B9: 이범철 | C9: SL생산기술팀 | D9: 책임 | E9: 2025 | F9: 6 | G9: 18 | H9: 9663 | I9: 0 | J9: 0 | K9: 161 | L9: 0 | M9: 8.9 | N9: 144 | O9: 17
A10: 1203036 | B10: 이범철 | C10: SL생산기술팀 | D10: 책임 | E10: 2025 | F10: 7 | G10: 19 | H10: 10298 | I10: 0 | J10: 0 | K10: 171.6 | L10: 0 | M10: 9 | N10: 152 | O10: 19.599999999999994
A11: 1203036 | B11: 이범철 | C11: SL생산기술팀 | D11: 책임 | E11: 2025 | F11: 8 | G11: 14 | H11: 7532 | I11: 0 | J11: 0 | K11: 125.5 | L11: 0 | M11: 9 | N11: 112 | O11: 13.5
A12: 1203052 | B12: 제용화 | C12: 구매원가팀 | D12: 책임 | E12: 2025 | F12: 6 | G12: 17 | H12: 10472 | I12: 1160 | J12: 0 | K12: 174.5 | L12: 19.3 | M12: 10.3 | N12: 136 | O12: 38.5
A13: 1203052 | B13: 제용화 | C13: 구매원가팀 | D13: 책임 | E13: 2025 | F13: 7 | G13: 19 | H13: 11600 | I13: 1221 | J13: 0 | K13: 193.3 | L13: 20.4 | M13: 10.2 | N13: 152 | O13: 41.30000000000001
A14: 1203052 | B14: 제용화 | C14: 구매원가팀 | D14: 책임 | E14: 2025 | F14: 8 | G14: 16 | H14: 10220 | I14: 1240 | J14: 0 | K14: 170.3 | L14: 20.7 | M14: 10.6 | N14: 128 | O14: 42.30000000000001
A15: 1203053 | B15: 문은진 | C15: SCM팀 | D15: 책임 | E15: 2025 | F15: 6 | G15: 17 | H15: 10225 | I15: 753 | J15: 0 | K15: 170.4 | L15: 12.6 | M15: 10 | N15: 136 | O15: 34.400000000000006
A16: 1203053 | B16: 문은진 | C16: SCM팀 | D16: 책임 | E16: 2025 | F16: 7 | G16: 18 | H16: 9923 | I16: 191 | J16: 0 | K16: 165.4 | L16: 3.2 | M16: 9.2 | N16: 144 | O16: 21.400000000000006
A17: 1203053 | B17: 문은진 | C17: SCM팀 | D17: 책임 | E17: 2025 | F17: 8 | G17: 16 | H17: 8418 | I17: 124 | J17: 0 | K17: 140.3 | L17: 2.1 | M17: 8.8 | N17: 128 | O17: 12.300000000000011
A18: 1204003 | B18: 정용규 | C18: SL생산기술팀 | D18: 책임 | E18: 2025 | F18: 6 | G18: 17 | H18: 8872 | I18: 0 | J18: 0 | K18: 147.9 | L18: 0 | M18: 8.7 | N18: 136 | O18: 11.900000000000006
A19: 1204003 | B19: 정용규 | C19: SL생산기술팀 | D19: 책임 | E19: 2025 | F19: 7 | G19: 19 | H19: 11481 | I19: 0 | J19: 0 | K19: 191.4 | L19: 0 | M19: 10.1 | N19: 152 | O19: 39.400000000000006
A20: 1204003 | B20: 정용규 | C20: SL생산기술팀 | D20: 책임 | E20: 2025 | F20: 8 | G20: 16 | H20: 8970 | I20: 0 | J20: 0 | K20: 149.5 | L20: 0 | M20: 9.3 | N20: 128 | O20: 21.5
A21: 1204063 | B21: 김주호 | C21: SL품질보증팀 | D21: 책임 | E21: 2025 | F21: 6 | G21: 2 | H21: 417 | I21: 0 | J21: 0 | K21: 7 | L21: 0 | M21: 3.5 | N21: 16 | O21: -9
A22: 1204063 | B22: 김주호 | C22: SL품질보증팀 | D22: 책임 | E22: 2025 | F22: 7 | G22: 4 | H22: 27 | I22: 0 | J22: 0 | K22: 0.4 | L22: 0 | M22: 0.1 | N22: 32 | O22: -31.6
A23: 1204063 | B23: 김주호 | C23: SL품질보증팀 | D23: 책임 | E23: 2025 | F23: 8 | G23: 4 | H23: 1365 | I23: 0 | J23: 0 | K23: 22.8 | L23: 0 | M23: 5.7 | N23: 32 | O23: -9.2
A24: 1204106 | B24: 김영준 | C24: 열관리설계팀 | D24: 책임 | E24: 2025 | F24: 6 | G24: 19 | H24: 13135 | I24: 0 | J24: 5 | K24: 218.9 | L24: 0 | M24: 11.5 | N24: 112 | O24: 106.9
A25: 1204106 | B25: 김영준 | C25: 열관리설계팀 | D25: 책임 | E25: 2025 | F25: 7 | G25: 19 | H25: 9604 | I25: 0 | J25: 3 | K25: 160.1 | L25: 0 | M25: 8.4 | N25: 128 | O25: 32.099999999999994
A26: 1204106 | B26: 김영준 | C26: 열관리설계팀 | D26: 책임 | E26: 2025 | F26: 8 | G26: 16 | H26: 7980 | I26: 0 | J26: 1 | K26: 133 | L26: 0 | M26: 8.3 | N26: 120 | O26: 13
A27: 1204115 | B27: 이용재 | C27: FL생산기술팀 | D27: 책임 | E27: 2025 | F27: 6 | G27: 18 | H27: 10328 | I27: 0 | J27: 0 | K27: 172.1 | L27: 0 | M27: 9.6 | N27: 144 | O27: 28.099999999999994
A28: 1204115 | B28: 이용재 | C28: FL생산기술팀 | D28: 책임 | E28: 2025 | F28: 7 | G28: 18 | H28: 10438 | I28: 0 | J28: 0 | K28: 174 | L28: 0 | M28: 9.7 | N28: 144 | O28: 30
A29: 1204115 | B29: 이용재 | C29: FL생산기술팀 | D29: 책임 | E29: 2025 | F29: 8 | G29: 16 | H29: 8796 | I29: 0 | J29: 0 | K29: 146.6 | L29: 0 | M29: 9.2 | N29: 128 | O29: 18.599999999999994
A30: 1205081 | B30: 이호진 | C30: SCM팀 | D30: 기능주임 | E30: 2025 | F30: 7 | G30: 1 | H30: 0 | I30: 0 | J30: 0 | K30: 0 | L30: 0 | M30: 0 | N30: 8 | O30: -8
A31: 1205094 | B31: 강동현 | C31: FL개발팀 | D31: 책임 | E31: 2025 | F31: 6 | G31: 24 | H31: 17014 | I31: 507 | J31: 5 | K31: 283.6 | L31: 8.4 | M31: 11.8 | N31: 152 | O31: 131.60000000000002
A32: 1205094 | B32: 강동현 | C32: FL개발팀 | D32: 책임 | E32: 2025 | F32: 7 | G32: 16 | H32: 9952 | I32: 809 | J32: 0 | K32: 165.9 | L32: 13.5 | M32: 10.4 | N32: 128 | O32: 37.900000000000006
A33: 1205094 | B33: 강동현 | C33: FL개발팀 | D33: 책임 | E33: 2025 | F33: 8 | G33: 16 | H33: 9109 | I33: 300 | J33: 0 | K33: 151.8 | L33: 5 | M33: 9.5 | N33: 128 | O33: 23.80000000000001
A34: 1205105 | B34: 엄중호 | C34: SL품질보증팀 | D34: 기능주임 | E34: 2025 | F34: 6 | G34: 20 | H34: 6216 | I34: 0 | J34: 0 | K34: 103.6 | L34: 0 | M34: 5.2 | N34: 160 | O34: -56.4
A35: 1205105 | B35: 엄중호 | C35: SL품질보증팀 | D35: 기능주임 | E35: 2025 | F35: 7 | G35: 20 | H35: 5741 | I35: 0 | J35: 1 | K35: 95.7 | L35: 0 | M35: 4.8 | N35: 152 | O35: -56.3
A36: 1205105 | B36: 엄중호 | C36: SL품질보증팀 | D36: 기능주임 | E36: 2025 | F36: 8 | G36: 19 | H36: 5870 | I36: 0 | J36: 2 | K36: 97.8 | L36: 0 | M36: 5.1 | N36: 136 | O36: -38.2
A37: 1205115 | B37: 김욱진 | C37: SL생산기술팀 | D37: 책임 | E37: 2025 | F37: 6 | G37: 17 | H37: 9894 | I37: 0 | J37: 0 | K37: 164.9 | L37: 0 | M37: 9.7 | N37: 136 | O37: 28.900000000000006
A38: 1205115 | B38: 김욱진 | C38: SL생산기술팀 | D38: 책임 | E38: 2025 | F38: 7 | G38: 17 | H38: 9977 | I38: 0 | J38: 0 | K38: 166.3 | L38: 0 | M38: 9.8 | N38: 136 | O38: 30.30000000000001
A39: 1205115 | B39: 김욱진 | C39: SL생산기술팀 | D39: 책임 | E39: 2025 | F39: 8 | G39: 13 | H39: 7204 | I39: 0 | J39: 0 | K39: 120.1 | L39: 0 | M39: 9.2 | N39: 104 | O39: 16.099999999999994
A40: 1206003 | B40: 김동건 | C40: FL개발팀 | D40: 책임 | E40: 2025 | F40: 6 | G40: 21 | H40: 12328 | I40: 1716 | J40: 3 | K40: 205.5 | L40: 28.6 | M40: 9.8 | N40: 144 | O40: 61.5
A41: 1206003 | B41: 김동건 | C41: FL개발팀 | D41: 책임 | E41: 2025 | F41: 7 | G41: 19 | H41: 11888 | I41: 1110 | J41: 0 | K41: 198.1 | L41: 18.5 | M41: 10.4 | N41: 152 | O41: 46.099999999999994
A42: 1206003 | B42: 김동건 | C42: FL개발팀 | D42: 책임 | E42: 2025 | F42: 8 | G42: 16 | H42: 9477 | I42: 810 | J42: 0 | K42: 158 | L42: 13.5 | M42: 9.9 | N42: 128 | O42: 30
A43: 1207010 | B43: 박승규 | C43: SL구매팀 | D43: 책임 | E43: 2025 | F43: 6 | G43: 16 | H43: 9549 | I43: 0 | J43: 0 | K43: 159.2 | L43: 0 | M43: 10 | N43: 128 | O43: 31.19999999999999
A44: 1207010 | B44: 박승규 | C44: SL구매팀 | D44: 책임 | E44: 2025 | F44: 7 | G44: 18 | H44: 10128 | I44: 0 | J44: 0 | K44: 168.8 | L44: 0 | M44: 9.4 | N44: 144 | O44: 24.80000000000001
A45: 1207010 | B45: 박승규 | C45: SL구매팀 | D45: 책임 | E45: 2025 | F45: 8 | G45: 15 | H45: 8363 | I45: 0 | J45: 0 | K45: 139.4 | L45: 0 | M45: 9.3 | N45: 120 | O45: 19.400000000000006
A46: 1207036 | B46: 우승윤 | C46: SL운영팀 | D46: 책임 | E46: 2025 | F46: 6 | G46: 17 | H46: 9164 | I46: 0 | J46: 1 | K46: 152.7 | L46: 0 | M46: 9 | N46: 128 | O46: 24.69999999999999
A47: 1207036 | B47: 우승윤 | C47: SL운영팀 | D47: 책임 | E47: 2025 | F47: 7 | G47: 18 | H47: 8556 | I47: 0 | J47: 0 | K47: 142.6 | L47: 0 | M47: 7.9 | N47: 144 | O47: -1.4
A48: 1207036 | B48: 우승윤 | C48: SL운영팀 | D48: 책임 | E48: 2025 | F48: 8 | G48: 13 | H48: 6203 | I48: 0 | J48: 0 | K48: 103.4 | L48: 0 | M48: 8 | N48: 104 | O48: -0.6
A49: 1207078 | B49: 이경우 | C49: 구매원가팀 | D49: 책임 | E49: 2025 | F49: 6 | G49: 18 | H49: 11241 | I49: 1032 | J49: 0 | K49: 187.4 | L49: 17.2 | M49: 10.4 | N49: 144 | O49: 43.400000000000006
A50: 1207078 | B50: 이경우 | C50: 구매원가팀 | D50: 책임 | E50: 2025 | F50: 7 | G50: 19 | H50: 11263 | I50: 509 | J50: 0 | K50: 187.7 | L50: 8.5 | M50: 9.9 | N50: 152 | O50: 35.69999999999999
A51: 1207078 | B51: 이경우 | C51: 구매원가팀 | D51: 책임 | E51: 2025 | F51: 8 | G51: 16 | H51: 9636 | I51: 567 | J51: 0 | K51: 160.6 | L51: 9.4 | M51: 10 | N51: 128 | O51: 32.599999999999994
A52: 1207092 | B52: 이재식 | C52: SCM팀 | D52: 책임 | E52: 2025 | F52: 6 | G52: 18 | H52: 11998 | I52: 1125 | J52: 0 | K52: 200 | L52: 18.8 | M52: 11.1 | N52: 144 | O52: 56
A53: 1207092 | B53: 이재식 | C53: SCM팀 | D53: 책임 | E53: 2025 | F53: 7 | G53: 18 | H53: 11389 | I53: 620 | J53: 0 | K53: 189.8 | L53: 10.3 | M53: 10.5 | N53: 144 | O53: 45.80000000000001
A54: 1207092 | B54: 이재식 | C54: SCM팀 | D54: 책임 | E54: 2025 | F54: 8 | G54: 15 | H54: 9030 | I54: 478 | J54: 0 | K54: 150.5 | L54: 8 | M54: 10 | N54: 120 | O54: 30.5
A55: 1208016 | B55: 황권식 | C55: 열관리설계팀 | D55: 책임 | E55: 2025 | F55: 7 | G55: 17 | H55: 8798 | I55: 604 | J55: 1 | K55: 146.6 | L55: 10.1 | M55: 8.6 | N55: 128 | O55: 18.599999999999994
A56: 1208016 | B56: 황권식 | C56: 열관리설계팀 | D56: 책임 | E56: 2025 | F56: 8 | G56: 14 | H56: 8437 | I56: 159 | J56: 0 | K56: 140.6 | L56: 2.6 | M56: 10 | N56: 112 | O56: 28.599999999999994
A57: 1208044 | B57: 박종철 | C57: 품질경영팀 | D57: 책임 | E57: 2025 | F57: 6 | G57: 20 | H57: 10275 | I57: 0 | J57: 0 | K57: 171.2 | L57: 0 | M57: 8.6 | N57: 160 | O57: 11.199999999999989
A58: 1208044 | B58: 박종철 | C58: 품질경영팀 | D58: 책임 | E58: 2025 | F58: 7 | G58: 19 | H58: 10349 | I58: 0 | J58: 0 | K58: 172.5 | L58: 0 | M58: 9.1 | N58: 152 | O58: 20.5
A59: 1208044 | B59: 박종철 | C59: 품질경영팀 | D59: 책임 | E59: 2025 | F59: 8 | G59: 15 | H59: 7875 | I59: 0 | J59: 0 | K59: 131.2 | L59: 0 | M59: 8.7 | N59: 120 | O59: 11.199999999999989
A60: 1208052 | B60: 양영주 | C60: B/H사업팀 | D60: 책임 | E60: 2025 | F60: 6 | G60: 14 | H60: 8073 | I60: 0 | J60: 0 | K60: 134.6 | L60: 0 | M60: 9.6 | N60: 112 | O60: 22.599999999999994
A61: 1208052 | B61: 양영주 | C61: B/H사업팀 | D61: 책임 | E61: 2025 | F61: 7 | G61: 19 | H61: 10296 | I61: 0 | J61: 0 | K61: 171.6 | L61: 0 | M61: 9 | N61: 152 | O61: 19.599999999999994
A62: 1208052 | B62: 양영주 | C62: B/H사업팀 | D62: 책임 | E62: 2025 | F62: 8 | G62: 16 | H62: 8811 | I62: 0 | J62: 0 | K62: 146.8 | L62: 0 | M62: 9.2 | N62: 128 | O62: 18.80000000000001
A63: 1208073 | B63: 장길수 | C63: 관체사업팀 | D63: 책임 | E63: 2025 | F63: 6 | G63: 18 | H63: 11277 | I63: 125 | J63: 0 | K63: 188 | L63: 2.1 | M63: 10.4 | N63: 144 | O63: 44
A64: 1208073 | B64: 장길수 | C64: 관체사업팀 | D64: 책임 | E64: 2025 | F64: 7 | G64: 17 | H64: 10467 | I64: 384 | J64: 0 | K64: 174.4 | L64: 6.4 | M64: 10.3 | N64: 136 | O64: 38.400000000000006
A65: 1208073 | B65: 장길수 | C65: 관체사업팀 | D65: 책임 | E65: 2025 | F65: 8 | G65: 15 | H65: 8255 | I65: 237 | J65: 0 | K65: 137.6 | L65: 4 | M65: 9.2 | N65: 120 | O65: 17.599999999999994
A66: 1208077 | B66: 이동구 | C66: 열관리사업팀 | D66: 책임 | E66: 2025 | F66: 6 | G66: 15 | H66: 8887 | I66: 329 | J66: 0 | K66: 148.1 | L66: 5.5 | M66: 9.9 | N66: 120 | O66: 28.099999999999994
A67: 1208077 | B67: 이동구 | C67: 열관리사업팀 | D67: 책임 | E67: 2025 | F67: 7 | G67: 19 | H67: 11977 | I67: 0 | J67: 1 | K67: 199.6 | L67: 0 | M67: 10.5 | N67: 144 | O67: 55.599999999999994
A68: 1208077 | B68: 이동구 | C68: 열관리사업팀 | D68: 책임 | E68: 2025 | F68: 8 | G68: 16 | H68: 8042 | I68: 0 | J68: 0 | K68: 134 | L68: 0 | M68: 8.4 | N68: 128 | O68: 6
A69: 1209035 | B69: 김석수 | C69: FL개발팀 | D69: 기능대리 | E69: 2025 | F69: 6 | G69: 19 | H69: 11866 | I69: 0 | J69: 1 | K69: 197.8 | L69: 0 | M69: 10.4 | N69: 144 | O69: 53.80000000000001
A70: 1209035 | B70: 김석수 | C70: FL개발팀 | D70: 기능대리 | E70: 2025 | F70: 7 | G70: 19 | H70: 15021 | I70: 0 | J70: 2 | K70: 250.4 | L70: 0 | M70: 13.2 | N70: 136 | O70: 114.4
A71: 1209035 | B71: 김석수 | C71: FL개발팀 | D71: 기능대리 | E71: 2025 | F71: 8 | G71: 13 | H71: 3516 | I71: 0 | J71: 0 | K71: 58.6 | L71: 0 | M71: 4.5 | N71: 104 | O71: -45.4
A72: 1209039 | B72: 정용선 | C72: SL상생협력팀 | D72: 기능과장 | E72: 2025 | F72: 6 | G72: 3 | H72: 46 | I72: 0 | J72: 0 | K72: 0.8 | L72: 0 | M72: 0.3 | N72: 24 | O72: -23.2
A73: 1209046 | B73: 장성욱 | C73: FL영업팀 | D73: 책임 | E73: 2025 | F73: 6 | G73: 18 | H73: 11711 | I73: 1972 | J73: 0 | K73: 195.2 | L73: 32.9 | M73: 10.8 | N73: 144 | O73: 51.19999999999999
A74: 1209046 | B74: 장성욱 | C74: FL영업팀 | D74: 책임 | E74: 2025 | F74: 7 | G74: 18 | H74: 12060 | I74: 1807 | J74: 0 | K74: 201 | L74: 30.1 | M74: 11.2 | N74: 144 | O74: 57
A75: 1209046 | B75: 장성욱 | C75: FL영업팀 | D75: 책임 | E75: 2025 | F75: 8 | G75: 15 | H75: 9459 | I75: 1034 | J75: 1 | K75: 157.6 | L75: 17.2 | M75: 10.5 | N75: 112 | O75: 45.599999999999994
A76: 1209058 | B76: 도윤희 | C76: 관체사업팀 | D76: 책임 | E76: 2025 | F76: 6 | G76: 19 | H76: 11286 | I76: 0 | J76: 0 | K76: 188.1 | L76: 0 | M76: 9.9 | N76: 152 | O76: 36.099999999999994
A77: 1209058 | B77: 도윤희 | C77: 관체사업팀 | D77: 책임 | E77: 2025 | F77: 7 | G77: 19 | H77: 12056 | I77: 0 | J77: 0 | K77: 200.9 | L77: 0 | M77: 10.6 | N77: 152 | O77: 48.900000000000006
A78: 1209058 | B78: 도윤희 | C78: 관체사업팀 | D78: 책임 | E78: 2025 | F78: 8 | G78: 16 | H78: 8638 | I78: 0 | J78: 0 | K78: 144 | L78: 0 | M78: 9 | N78: 128 | O78: 16
A79: 1209074 | B79: 김주진 | C79: FL사업지원실 | D79: 책임 | E79: 2025 | F79: 6 | G79: 18 | H79: 10567 | I79: 0 | J79: 0 | K79: 176.1 | L79: 0 | M79: 9.8 | N79: 144 | O79: 32.099999999999994
A80: 1209074 | B80: 김주진 | C80: FL사업지원실 | D80: 책임 | E80: 2025 | F80: 7 | G80: 19 | H80: 10668 | I80: 0 | J80: 0 | K80: 177.8 | L80: 0 | M80: 9.4 | N80: 152 | O80: 25.80000000000001
A81: 1209074 | B81: 김주진 | C81: FL사업지원실 | D81: 책임 | E81: 2025 | F81: 8 | G81: 16 | H81: 8726 | I81: 0 | J81: 0 | K81: 145.4 | L81: 0 | M81: 9.1 | N81: 128 | O81: 17.400000000000006
A82: 1209084 | B82: 박정현 | C82: FL영업팀 | D82: 책임 | E82: 2025 | F82: 6 | G82: 15 | H82: 10321 | I82: 1247 | J82: 0 | K82: 172 | L82: 20.8 | M82: 11.5 | N82: 120 | O82: 52
A83: 1209084 | B83: 박정현 | C83: FL영업팀 | D83: 책임 | E83: 2025 | F83: 7 | G83: 17 | H83: 11109 | I83: 1597 | J83: 0 | K83: 185.2 | L83: 26.6 | M83: 10.9 | N83: 136 | O83: 49.19999999999999
A84: 1209084 | B84: 박정현 | C84: FL영업팀 | D84: 책임 | E84: 2025 | F84: 8 | G84: 15 | H84: 10154 | I84: 1289 | J84: 0 | K84: 169.2 | L84: 21.5 | M84: 11.3 | N84: 120 | O84: 49.19999999999999
A85: 1210014 | B85: 이장희 | C85: SL구매팀 | D85: 책임 | E85: 2025 | F85: 6 | G85: 18 | H85: 11503 | I85: 879 | J85: 0 | K85: 191.7 | L85: 14.6 | M85: 10.6 | N85: 144 | O85: 47.69999999999999
A86: 1210014 | B86: 이장희 | C86: SL구매팀 | D86: 책임 | E86: 2025 | F86: 7 | G86: 18 | H86: 11328 | I86: 603 | J86: 0 | K86: 188.8 | L86: 10 | M86: 10.5 | N86: 144 | O86: 44.80000000000001
A87: 1210014 | B87: 이장희 | C87: SL구매팀 | D87: 책임 | E87: 2025 | F87: 8 | G87: 16 | H87: 10338 | I87: 1256 | J87: 0 | K87: 172.3 | L87: 20.9 | M87: 10.8 | N87: 128 | O87: 44.30000000000001
A88: 1210019 | B88: 심재덕 | C88: 상생협력팀 | D88: 책임 | E88: 2025 | F88: 6 | G88: 18 | H88: 11682 | I88: 1687 | J88: 0 | K88: 194.7 | L88: 28.1 | M88: 10.8 | N88: 144 | O88: 50.69999999999999
A89: 1210019 | B89: 심재덕 | C89: 상생협력팀 | D89: 책임 | E89: 2025 | F89: 7 | G89: 19 | H89: 12572 | I89: 1879 | J89: 0 | K89: 209.5 | L89: 31.3 | M89: 11 | N89: 152 | O89: 57.5
A90: 1210019 | B90: 심재덕 | C90: 상생협력팀 | D90: 책임 | E90: 2025 | F90: 8 | G90: 16 | H90: 10483 | I90: 1593 | J90: 0 | K90: 174.7 | L90: 26.6 | M90: 10.9 | N90: 128 | O90: 46.69999999999999
A91: 1210020 | B91: 오정민 | C91: Brake설계팀 | D91: 책임 | E91: 2025 | F91: 6 | G91: 19 | H91: 10285 | I91: 0 | J91: 0 | K91: 171.4 | L91: 0 | M91: 9 | N91: 152 | O91: 19.400000000000006
A92: 1210020 | B92: 오정민 | C92: Brake설계팀 | D92: 책임 | E92: 2025 | F92: 7 | G92: 20 | H92: 10840 | I92: 330 | J92: 1 | K92: 180.7 | L92: 5.5 | M92: 9 | N92: 152 | O92: 28.69999999999999
A93: 1210020 | B93: 오정민 | C93: Brake설계팀 | D93: 책임 | E93: 2025 | F93: 8 | G93: 16 | H93: 8872 | I93: 243 | J93: 0 | K93: 147.9 | L93: 4 | M93: 9.2 | N93: 128 | O93: 19.900000000000006
A94: 1210021 | B94: 이대희 | C94: 관체사업팀 | D94: 책임 | E94: 2025 | F94: 6 | G94: 18 | H94: 11506 | I94: 0 | J94: 0 | K94: 191.8 | L94: 0 | M94: 10.7 | N94: 144 | O94: 47.80000000000001
A95: 1210021 | B95: 이대희 | C95: 관체사업팀 | D95: 책임 | E95: 2025 | F95: 7 | G95: 18 | H95: 11833 | I95: 0 | J95: 0 | K95: 197.2 | L95: 0 | M95: 11 | N95: 144 | O95: 53.19999999999999
A96: 1210021 | B96: 이대희 | C96: 관체사업팀 | D96: 책임 | E96: 2025 | F96: 8 | G96: 16 | H96: 10000 | I96: 0 | J96: 0 | K96: 166.7 | L96: 0 | M96: 10.4 | N96: 128 | O96: 38.69999999999999
A97: 1210025 | B97: 이주화 | C97: SL운영팀 | D97: 책임 | E97: 2025 | F97: 6 | G97: 19 | H97: 11744 | I97: 591 | J97: 0 | K97: 195.7 | L97: 9.8 | M97: 10.3 | N97: 152 | O97: 43.69999999999999
A98: 1210025 | B98: 이주화 | C98: SL운영팀 | D98: 책임 | E98: 2025 | F98: 7 | G98: 17 | H98: 10705 | I98: 473 | J98: 0 | K98: 178.4 | L98: 7.9 | M98: 10.5 | N98: 136 | O98: 42.400000000000006
A99: 1210025 | B99: 이주화 | C99: SL운영팀 | D99: 책임 | E99: 2025 | F99: 8 | G99: 15 | H99: 8951 | I99: 426 | J99: 0 | K99: 149.2 | L99: 7.1 | M99: 9.9 | N99: 120 | O99: 29.19999999999999
A100: 1210026 | B100: 안창용 | C100: SCM팀 | D100: 책임 | E100: 2025 | F100: 6 | G100: 17 | H100: 8542 | I100: 0 | J100: 0 | K100: 142.4 | L100: 0 | M100: 8.4 | N100: 136 | O100: 6.400000000000006
...

Sheet FTE 계산
E1: 근무시간 | H1: 정규근무일수 | L1: 기준근무시간 | O1: 6월 총근무시간 | S1: 6월 평균근무일수 | W1: 6월 FTE | AA1: 7월 총근무시간 | AE1: 7월 평균근무일수 | AI1: 7월 FTE | AM1: 8월 총근무시간 | AQ1: 8월 평균근무일수 | AU1: 8월 FTE
A2: 사번 | B2: 이름 | C2: 팀 | D2: 직급 | E2: 6 | F2: 7 | G2: 8 | H2: 6 | I2: 7 | J2: 8 | L2: 8 | N2: 팀 | O2: 전체 | P2: 책임 | Q2: 선임 | R2: 사원 | S2: 전체 | T2: 책임 | U2: 선임 | V2: 사원 | W2: 전체 | X2: 책임 | Y2: 선임 | Z2: 사원 | AA2: 전체 | AB2: 책임 | AC2: 선임 | AD2: 사원 | AE2: 전체 | AF2: 책임 | AG2: 선임 | AH2: 사원 | AI2: 전체 | AJ2: 책임 | AK2: 선임 | AL2: 사원 | AM2: 전체 | AN2: 책임 | AO2: 선임 | AP2: 사원 | AQ2: 전체 | AR2: 책임 | AS2: 선임 | AT2: 사원 | AU2: 전체 | AV2: 책임 | AW2: 선임 | AX2: 사원
A3: {=_xlfn.UNIQUE(monthly_work_hours!A2:A1447)} -> 1199158 | B3: =_xlfn.XLOOKUP(A3,monthly_work_hours!A:A,monthly_work_hours!B:B) -> 윤상규 | C3: =_xlfn.XLOOKUP(A3,monthly_work_hours!A:A,monthly_work_hours!C:C) -> SL생산기술팀 | D3: =_xlfn.XLOOKUP(A3,monthly_work_hours!A:A,monthly_work_hours!D:D) -> 기능주임 | E3: =SUMIFS(monthly_work_hours!$K:$K,monthly_work_hours!$A:$A,'FTE 계산'!$A3,monthly_work_hours!$F:$F,'FTE 계산'!E$2) -> 134.2 | F3: =SUMIFS(monthly_work_hours!$K:$K,monthly_work_hours!$A:$A,'FTE 계산'!$A3,monthly_work_hours!$F:$F,'FTE 계산'!F$2) -> 118.2 | G3: =SUMIFS(monthly_work_hours!$K:$K,monthly_work_hours!$A:$A,'FTE 계산'!$A3,monthly_work_hours!$F:$F,'FTE 계산'!G$2) -> 82.5 | H3: =(SUMIFS(monthly_work_hours!$G:$G,monthly_work_hours!$A:$A,'FTE 계산'!$A3,monthly_work_hours!$F:$F,'FTE 계산'!H$2)) - (SUMIFS(monthly_work_hours!$J:$J,monthly_work_hours!$A:$A,'FTE 계산'!$A3,monthly_work_hours!$F:$F,'FTE 계산'!H$2)) -> 21 | I3: =(SUMIFS(monthly_work_hours!$G:$G,monthly_work_hours!$A:$A,'FTE 계산'!$A3,monthly_work_hours!$F:$F,'FTE 계산'!I$2)) - (SUMIFS(monthly_work_hours!$J:$J,monthly_work_hours!$A:$A,'FTE 계산'!$A3,monthly_work_hours!$F:$F,'FTE 계산'!I$2)) -> 23 | J3: =(SUMIFS(monthly_work_hours!$G:$G,monthly_work_hours!$A:$A,'FTE 계산'!$A3,monthly_work_hours!$F:$F,'FTE 계산'!J$2)) - (SUMIFS(monthly_work_hours!$J:$J,monthly_work_hours!$A:$A,'FTE 계산'!$A3,monthly_work_hours!$F:$F,'FTE 계산'!J$2)) -> 17 | N3: {=_xlfn.UNIQUE(C3:C503)} -> SL생산기술팀 | O3: =SUMIFS($E$3:$E$503,$C$3:$C$503,$N3) -> 1446.2 | P3: =SUMIFS($E$3:$E$503,$C$3:$C$503,$N3,$D$3:$D$503,P$2) -> 830.9 | Q3: =SUMIFS($E$3:$E$503,$C$3:$C$503,$N3,$D$3:$D$503,Q$2) -> 256 | R3: =SUMIFS($E$3:$E$503,$C$3:$C$503,$N3,$D$3:$D$503,R$2) -> 54.2 | S3: =AVERAGEIFS($H$3:$H$503,$C$3:$C$503,$N3) -> 16.6 | T3: =AVERAGEIFS($H$3:$H$503,$C$3:$C$503,$N3,$D$3:$D$503,P$2) -> 16.8 | U3: =AVERAGEIFS($H$3:$H$503,$C$3:$C$503,$N3,$D$3:$D$503,Q$2) -> 16 | V3: =AVERAGEIFS($H$3:$H$503,$C$3:$C$503,$N3,$D$3:$D$503,R$2) -> 10 | W3: =IFERROR(O3/(S3*$L$2),"-") -> 10.89006 | X3: =IFERROR(P3/(T3*$L$2),"-") -> 6.1822917 | Y3: =IFERROR(Q3/(U3*$L$2),"-") -> 2 | Z3: =IFERROR(R3/(V3*$L$2),"-") -> 0.6775 | AA3: =SUMIFS($F$3:$F$503,$C$3:$C$503,$N3) -> 1440.8 | AB3: =SUMIFS($F$3:$F$503,$C$3:$C$503,$N3,$D$3:$D$503,P$2) -> 875.9 | AC3: =SUMIFS($F$3:$F$503,$C$3:$C$503,$N3,$D$3:$D$503,Q$2) -> 286.8 | AD3: =SUMIFS($F$3:$F$503,$C$3:$C$503,$N3,$D$3:$D$503,R$2) -> 52.3 | AE3: =AVERAGEIFS($I$3:$I$503,$C$3:$C$503,$N3) -> 17.7 | AF3: =AVERAGEIFS($I$3:$I$503,$C$3:$C$503,$N3,$D$3:$D$503,P$2) -> 18.2 | AG3: =AVERAGEIFS($I$3:$I$503,$C$3:$C$503,$N3,$D$3:$D$503,Q$2) -> 18 | AH3: =AVERAGEIFS($I$3:$I$503,$C$3:$C$503,$N3,$D$3:$D$503,R$2) -> 8 | AI3: =IFERROR(AA3/(AE3*$L$2),"-") -> 10.175141 | AJ3: =IFERROR(AB3/(AF3*$L$2),"-") -> 6.0157967 | AK3: =IFERROR(AC3/(AG3*$L$2),"-") -> 1.9916667 | AL3: =IFERROR(AD3/(AH3*$L$2),"-") -> 0.8171875 | AM3: =SUMIFS($G$3:$G$503,$C$3:$C$503,$N3) -> 1019.8 | AN3: =SUMIFS($G$3:$G$503,$C$3:$C$503,$N3,$D$3:$D$503,P$2) -> 637.6 | AO3: =SUMIFS($G$3:$G$503,$C$3:$C$503,$N3,$D$3:$D$503,Q$2) -> 237.9 | AP3: =SUMIFS($G$3:$G$503,$C$3:$C$503,$N3,$D$3:$D$503,R$2) -> 0 | AQ3: =AVERAGEIFS($J$3:$J$503,$C$3:$C$503,$N3) -> 13 | AR3: =AVERAGEIFS($J$3:$J$503,$C$3:$C$503,$N3,$D$3:$D$503,P$2) -> 13.8 | AS3: =AVERAGEIFS($J$3:$J$503,$C$3:$C$503,$N3,$D$3:$D$503,Q$2) -> 14.5 | AT3: =AVERAGEIFS($J$3:$J$503,$C$3:$C$503,$N3,$D$3:$D$503,R$2) -> 0 | AU3: =IFERROR(AM3/(AQ3*$L$2),"-") -> 9.8057692 | AV3: =IFERROR(AN3/(AR3*$L$2),"-") -> 5.7753623 | AW3: =IFERROR(AO3/(AS3*$L$2),"-") -> 2.0508621 | AX3: =IFERROR(AP3/(AT3*$L$2),"-") -> -
A4: 1202155 | B4: =_xlfn.XLOOKUP(A4,monthly_work_hours!A:A,monthly_work_hours!B:B) -> 추상민 | C4: =_xlfn.XLOOKUP(A4,monthly_work_hours!A:A,monthly_work_hours!C:C) -> SL운영팀 | D4: =_xlfn.XLOOKUP(A4,monthly_work_hours!A:A,monthly_work_hours!D:D) -> 책임 | E4: =SUMIFS(monthly_work_hours!$K:$K,monthly_work_hours!$A:$A,'FTE 계산'!$A4,monthly_work_hours!$F:$F,'FTE 계산'!E$2) -> 3.4 | F4: =SUMIFS(monthly_work_hours!$K:$K,monthly_work_hours!$A:$A,'FTE 계산'!$A4,monthly_work_hours!$F:$F,'FTE 계산'!F$2) -> 0 | G4: =SUMIFS(monthly_work_hours!$K:$K,monthly_work_hours!$A:$A,'FTE 계산'!$A4,monthly_work_hours!$F:$F,'FTE 계산'!G$2) -> 0 | H4: =(SUMIFS(monthly_work_hours!$G:$G,monthly_work_hours!$A:$A,'FTE 계산'!$A4,monthly_work_hours!$F:$F,'FTE 계산'!H$2)) - (SUMIFS(monthly_work_hours!$J:$J,monthly_work_hours!$A:$A,'FTE 계산'!$A4,monthly_work_hours!$F:$F,'FTE 계산'!H$2)) -> 1 | I4: =(SUMIFS(monthly_work_hours!$G:$G,monthly_work_hours!$A:$A,'FTE 계산'!$A4,monthly_work_hours!$F:$F,'FTE 계산'!I$2)) - (SUMIFS(monthly_work_hours!$J:$J,monthly_work_hours!$A:$A,'FTE 계산'!$A4,monthly_work_hours!$F:$F,'FTE 계산'!I$2)) -> 0 | J4: =(SUMIFS(monthly_work_hours!$G:$G,monthly_work_hours!$A:$A,'FTE 계산'!$A4,monthly_work_hours!$F:$F,'FTE 계산'!J$2)) - (SUMIFS(monthly_work_hours!$J:$J,monthly_work_hours!$A:$A,'FTE 계산'!$A4,monthly_work_hours!$F:$F,'FTE 계산'!J$2)) -> 0 | N4: SL운영팀 | O4: =SUMIFS($E$3:$E$503,$C$3:$C$503,$N4) -> 1174.5 | P4: =SUMIFS($E$3:$E$503,$C$3:$C$503,$N4,$D$3:$D$503,P$2) -> 516.5 | Q4: =SUMIFS($E$3:$E$503,$C$3:$C$503,$N4,$D$3:$D$503,Q$2) -> 379.6 | R4: =SUMIFS($E$3:$E$503,$C$3:$C$503,$N4,$D$3:$D$503,R$2) -> 278.4 | S4: =AVERAGEIFS($H$3:$H$503,$C$3:$C$503,$N4) -> 14.875 | T4: =AVERAGEIFS($H$3:$H$503,$C$3:$C$503,$N4,$D$3:$D$503,P$2) -> 13.5 | U4: =AVERAGEIFS($H$3:$H$503,$C$3:$C$503,$N4,$D$3:$D$503,Q$2) -> 18.5 | V4: =AVERAGEIFS($H$3:$H$503,$C$3:$C$503,$N4,$D$3:$D$503,R$2) -> 14 | W4: =IFERROR(O4/(S4*$L$2),"-") -> 9.8697479 | X4: =IFERROR(P4/(T4*$L$2),"-") -> 4.7824074 | Y4: =IFERROR(Q4/(U4*$L$2),"-") -> 2.5648649 | Z4: =IFERROR(R4/(V4*$L$2),"-") -> 2.4857143 | AA4: =SUMIFS($F$3:$F$503,$C$3:$C$503,$N4) -> 1162.3 | AB4: =SUMIFS($F$3:$F$503,$C$3:$C$503,$N4,$D$3:$D$503,P$2) -> 486.4 | AC4: =SUMIFS($F$3:$F$503,$C$3:$C$503,$N4,$D$3:$D$503,Q$2) -> 321.5 | AD4: =SUMIFS($F$3:$F$503,$C$3:$C$503,$N4,$D$3:$D$503,R$2) -> 354.4 | AE4: =AVERAGEIFS($I$3:$I$503,$C$3:$C$503,$N4) -> 15.25 | AF4: =AVERAGEIFS($I$3:$I$503,$C$3:$C$503,$N4,$D$3:$D$503,P$2) -> 13 | AG4: =AVERAGEIFS($I$3:$I$503,$C$3:$C$503,$N4,$D$3:$D$503,Q$2) -> 16.5 | AH4: =AVERAGEIFS($I$3:$I$503,$C$3:$C$503,$N4,$D$3:$D$503,R$2) -> 18.5 | AI4: =IFERROR(AA4/(AE4*$L$2),"-") -> 9.5270492 | AJ4: =IFERROR(AB4/(AF4*$L$2),"-") -> 4.6769231 | AK4: =IFERROR(AC4/(AG4*$L$2),"-") -> 2.4356061 | AL4: =IFERROR(AD4/(AH4*$L$2),"-") -> 2.3945946 | AM4: =SUMIFS($G$3:$G$503,$C$3:$C$503,$N4) -> 936.3 | AN4: =SUMIFS($G$3:$G$503,$C$3:$C$503,$N4,$D$3:$D$503,P$2) -> 393.8 | AO4: =SUMIFS($G$3:$G$503,$C$3:$C$503,$N4,$D$3:$D$503,Q$2) -> 262.6 | AP4: =SUMIFS($G$3:$G$503,$C$3:$C$503,$N4,$D$3:$D$503,R$2) -> 279.9 | AQ4: =AVERAGEIFS($J$3:$J$503,$C$3:$C$503,$N4) -> 13.125 | AR4: =AVERAGEIFS($J$3:$J$503,$C$3:$C$503,$N4,$D$3:$D$503,P$2) -> 11 | AS4: =AVERAGEIFS($J$3:$J$503,$C$3:$C$503,$N4,$D$3:$D$503,Q$2) -> 15 | AT4: =AVERAGEIFS($J$3:$J$503,$C$3:$C$503,$N4,$D$3:$D$503,R$2) -> 15.5 | AU4: =IFERROR(AM4/(AQ4*$L$2),"-") -> 8.9171429 | AV4: =IFERROR(AN4/(AR4*$L$2),"-") -> 4.475 | AW4: =IFERROR(AO4/(AS4*$L$2),"-") -> 2.1883333 | AX4: =IFERROR(AP4/(AT4*$L$2),"-") -> 2.2572581
A5: 1202183 | B5: =_xlfn.XLOOKUP(A5,monthly_work_hours!A:A,monthly_work_hours!B:B) -> 안준철 | C5: =_xlfn.XLOOKUP(A5,monthly_work_hours!A:A,monthly_work_hours!C:C) -> HR팀 | D5: =_xlfn.XLOOKUP(A5,monthly_work_hours!A:A,monthly_work_hours!D:D) -> 책임 | E5: =SUMIFS(monthly_work_hours!$K:$K,monthly_work_hours!$A:$A,'FTE 계산'!$A5,monthly_work_hours!$F:$F,'FTE 계산'!E$2) -> 178 | F5: =SUMIFS(monthly_work_hours!$K:$K,monthly_work_hours!$A:$A,'FTE 계산'!$A5,monthly_work_hours!$F:$F,'FTE 계산'!F$2) -> 173.5 | G5: =SUMIFS(monthly_work_hours!$K:$K,monthly_work_hours!$A:$A,'FTE 계산'!$A5,monthly_work_hours!$F:$F,'FTE 계산'!G$2) -> 143.4 | H5: =(SUMIFS(monthly_work_hours!$G:$G,monthly_work_hours!$A:$A,'FTE 계산'!$A5,monthly_work_hours!$F:$F,'FTE 계산'!H$2)) - (SUMIFS(monthly_work_hours!$J:$J,monthly_work_hours!$A:$A,'FTE 계산'!$A5,monthly_work_hours!$F:$F,'FTE 계산'!H$2)) -> 19 | I5: =(SUMIFS(monthly_work_hours!$G:$G,monthly_work_hours!$A:$A,'FTE 계산'!$A5,monthly_work_hours!$F:$F,'FTE 계산'!I$2)) - (SUMIFS(monthly_work_hours!$J:$J,monthly_work_hours!$A:$A,'FTE 계산'!$A5,monthly_work_hours!$F:$F,'FTE 계산'!I$2)) -> 20 | J5: =(SUMIFS(monthly_work_hours!$G:$G,monthly_work_hours!$A:$A,'FTE 계산'!$A5,monthly_work_hours!$F:$F,'FTE 계산'!J$2)) - (SUMIFS(monthly_work_hours!$J:$J,monthly_work_hours!$A:$A,'FTE 계산'!$A5,monthly_work_hours!$F:$F,'FTE 계산'!J$2)) -> 16 | N5: HR팀 | O5: =SUMIFS($E$3:$E$503,$C$3:$C$503,$N5) -> 879 | P5: =SUMIFS($E$3:$E$503,$C$3:$C$503,$N5,$D$3:$D$503,P$2) -> 367.1 | Q5: =SUMIFS($E$3:$E$503,$C$3:$C$503,$N5,$D$3:$D$503,Q$2) -> 169 | R5: =SUMIFS($E$3:$E$503,$C$3:$C$503,$N5,$D$3:$D$503,R$2) -> 342.9 | S5: =AVERAGEIFS($H$3:$H$503,$C$3:$C$503,$N5) -> 18.4 | T5: =AVERAGEIFS($H$3:$H$503,$C$3:$C$503,$N5,$D$3:$D$503,P$2) -> 18.5 | U5: =AVERAGEIFS($H$3:$H$503,$C$3:$C$503,$N5,$D$3:$D$503,Q$2) -> 18 | V5: =AVERAGEIFS($H$3:$H$503,$C$3:$C$503,$N5,$D$3:$D$503,R$2) -> 18.5 | W5: =IFERROR(O5/(S5*$L$2),"-") -> 5.9714674 | X5: =IFERROR(P5/(T5*$L$2),"-") -> 2.4804054 | Y5: =IFERROR(Q5/(U5*$L$2),"-") -> 1.1736111 | Z5: =IFERROR(R5/(V5*$L$2),"-") -> 2.3168919 | AA5: =SUMIFS($F$3:$F$503,$C$3:$C$503,$N5) -> 866 | AB5: =SUMIFS($F$3:$F$503,$C$3:$C$503,$N5,$D$3:$D$503,P$2) -> 350.5 | AC5: =SUMIFS($F$3:$F$503,$C$3:$C$503,$N5,$D$3:$D$503,Q$2) -> 170.9 | AD5: =SUMIFS($F$3:$F$503,$C$3:$C$503,$N5,$D$3:$D$503,R$2) -> 344.6 | AE5: =AVERAGEIFS($I$3:$I$503,$C$3:$C$503,$N5) -> 18.8 | AF5: =AVERAGEIFS($I$3:$I$503,$C$3:$C$503,$N5,$D$3:$D$503,P$2) -> 19 | AG5: =AVERAGEIFS($I$3:$I$503,$C$3:$C$503,$N5,$D$3:$D$503,Q$2) -> 18 | AH5: =AVERAGEIFS($I$3:$I$503,$C$3:$C$503,$N5,$D$3:$D$503,R$2) -> 19 | AI5: =IFERROR(AA5/(AE5*$L$2),"-") -> 5.7579787 | AJ5: =IFERROR(AB5/(AF5*$L$2),"-") -> 2.3059211 | AK5: =IFERROR(AC5/(AG5*$L$2),"-") -> 1.1868056 | AL5: =IFERROR(AD5/(AH5*$L$2),"-") -> 2.2671053 | AM5: =SUMIFS($G$3:$G$503,$C$3:$C$503,$N5) -> 799.2 | AN5: =SUMIFS($G$3:$G$503,$C$3:$C$503,$N5,$D$3:$D$503,P$2) -> 288.6 | AO5: =SUMIFS($G$3:$G$503,$C$3:$C$503,$N5,$D$3:$D$503,Q$2) -> 131.7 | AP5: =SUMIFS($G$3:$G$503,$C$3:$C$503,$N5,$D$3:$D$503,R$2) -> 378.9 | AQ5: =AVERAGEIFS($J$3:$J$503,$C$3:$C$503,$N5) -> 15.8 | AR5: =AVERAGEIFS($J$3:$J$503,$C$3:$C$503,$N5,$D$3:$D$503,P$2) -> 16 | AS5: =AVERAGEIFS($J$3:$J$503,$C$3:$C$503,$N5,$D$3:$D$503,Q$2) -> 16 | AT5: =AVERAGEIFS($J$3:$J$503,$C$3:$C$503,$N5,$D$3:$D$503,R$2) -> 15.5 | AU5: =IFERROR(AM5/(AQ5*$L$2),"-") -> 6.3227848 | AV5: =IFERROR(AN5/(AR5*$L$2),"-") -> 2.2546875 | AW5: =IFERROR(AO5/(AS5*$L$2),"-") -> 1.0289062 | AX5: =IFERROR(AP5/(AT5*$L$2),"-") -> 3.0556452
A6: 1203036 | B6: =_xlfn.XLOOKUP(A6,monthly_work_hours!A:A,monthly_work_hours!B:B) -> 이범철 | C6: =_xlfn.XLOOKUP(A6,monthly_work_hours!A:A,monthly_work_hours!C:C) -> SL생산기술팀 | D6: =_xlfn.XLOOKUP(A6,monthly_work_hours!A:A,monthly_work_hours!D:D) -> 책임 | E6: =SUMIFS(monthly_work_hours!$K:$K,monthly_work_hours!$A:$A,'FTE 계산'!$A6,monthly_work_hours!$F:$F,'FTE 계산'!E$2) -> 161 | F6: =SUMIFS(monthly_work_hours!$K:$K,monthly_work_hours!$A:$A,'FTE 계산'!$A6,monthly_work_hours!$F:$F,'FTE 계산'!F$2) -> 171.6 | G6: =SUMIFS(monthly_work_hours!$K:$K,monthly_work_hours!$A:$A,'FTE 계산'!$A6,monthly_work_hours!$F:$F,'FTE 계산'!G$2) -> 125.5 | H6: =(SUMIFS(monthly_work_hours!$G:$G,monthly_work_hours!$A:$A,'FTE 계산'!$A6,monthly_work_hours!$F:$F,'FTE 계산'!H$2)) - (SUMIFS(monthly_work_hours!$J:$J,monthly_work_hours!$A:$A,'FTE 계산'!$A6,monthly_work_hours!$F:$F,'FTE 계산'!H$2)) -> 18 | I6: =(SUMIFS(monthly_work_hours!$G:$G,monthly_work_hours!$A:$A,'FTE 계산'!$A6,monthly_work_hours!$F:$F,'FTE 계산'!I$2)) - (SUMIFS(monthly_work_hours!$J:$J,monthly_work_hours!$A:$A,'FTE 계산'!$A6,monthly_work_hours!$F:$F,'FTE 계산'!I$2)) -> 19 | J6: =(SUMIFS(monthly_work_hours!$G:$G,monthly_work_hours!$A:$A,'FTE 계산'!$A6,monthly_work_hours!$F:$F,'FTE 계산'!J$2)) - (SUMIFS(monthly_work_hours!$J:$J,monthly_work_hours!$A:$A,'FTE 계산'!$A6,monthly_work_hours!$F:$F,'FTE 계산'!J$2)) -> 14 | N6: 구매원가팀 | O6: =SUMIFS($E$3:$E$503,$C$3:$C$503,$N6) -> 1078.5 | P6: =SUMIFS($E$3:$E$503,$C$3:$C$503,$N6,$D$3:$D$503,P$2) -> 361.9 | Q6: =SUMIFS($E$3:$E$503,$C$3:$C$503,$N6,$D$3:$D$503,Q$2) -> 358.7 | R6: =SUMIFS($E$3:$E$503,$C$3:$C$503,$N6,$D$3:$D$503,R$2) -> 357.9 | S6: =AVERAGEIFS($H$3:$H$503,$C$3:$C$503,$N6) -> 17.5 | T6: =AVERAGEIFS($H$3:$H$503,$C$3:$C$503,$N6,$D$3:$D$503,P$2) -> 17.5 | U6: =AVERAGEIFS($H$3:$H$503,$C$3:$C$503,$N6,$D$3:$D$503,Q$2) -> 17.5 | V6: =AVERAGEIFS($H$3:$H$503,$C$3:$C$503,$N6,$D$3:$D$503,R$2) -> 17.5 | W6: =IFERROR(O6/(S6*$L$2),"-") -> 7.7035714 | X6: =IFERROR(P6/(T6*$L$2),"-") -> 2.585 | Y6: =IFERROR(Q6/(U6*$L$2),"-") -> 2.5621429 | Z6: =IFERROR(R6/(V6*$L$2),"-") -> 2.5564286 | AA6: =SUMIFS($F$3:$F$503,$C$3:$C$503,$N6) -> 1090.1 | AB6: =SUMIFS($F$3:$F$503,$C$3:$C$503,$N6,$D$3:$D$503,P$2) -> 381 | AC6: =SUMIFS($F$3:$F$503,$C$3:$C$503,$N6,$D$3:$D$503,Q$2) -> 352.3 | AD6: =SUMIFS($F$3:$F$503,$C$3:$C$503,$N6,$D$3:$D$503,R$2) -> 356.8 | AE6: =AVERAGEIFS($I$3:$I$503,$C$3:$C$503,$N6) -> 18 | AF6: =AVERAGEIFS($I$3:$I$503,$C$3:$C$503,$N6,$D$3:$D$503,P$2) -> 19 | AG6: =AVERAGEIFS($I$3:$I$503,$C$3:$C$503,$N6,$D$3:$D$503,Q$2) -> 17 | AH6: =AVERAGEIFS($I$3:$I$503,$C$3:$C$503,$N6,$D$3:$D$503,R$2) -> 18 | AI6: =IFERROR(AA6/(AE6*$L$2),"-") -> 7.5701389 | AJ6: =IFERROR(AB6/(AF6*$L$2),"-") -> 2.5065789 | AK6: =IFERROR(AC6/(AG6*$L$2),"-") -> 2.5904412 | AL6: =IFERROR(AD6/(AH6*$L$2),"-") -> 2.4777778 | AM6: =SUMIFS($G$3:$G$503,$C$3:$C$503,$N6) -> 934.9 | AN6: =SUMIFS($G$3:$G$503,$C$3:$C$503,$N6,$D$3:$D$503,P$2) -> 330.9 | AO6: =SUMIFS($G$3:$G$503,$C$3:$C$503,$N6,$D$3:$D$503,Q$2) -> 296.9 | AP6: =SUMIFS($G$3:$G$503,$C$3:$C$503,$N6,$D$3:$D$503,R$2) -> 307.1 | AQ6: =AVERAGEIFS($J$3:$J$503,$C$3:$C$503,$N6) -> 15.333333 | AR6: =AVERAGEIFS($J$3:$J$503,$C$3:$C$503,$N6,$D$3:$D$503,P$2) -> 16 | AS6: =AVERAGEIFS($J$3:$J$503,$C$3:$C$503,$N6,$D$3:$D$503,Q$2) -> 14.5 | AT6: =AVERAGEIFS($J$3:$J$503,$C$3:$C$503,$N6,$D$3:$D$503,R$2) -> 15.5 | AU6: =IFERROR(AM6/(AQ6*$L$2),"-") -> 7.6214674 | AV6: =IFERROR(AN6/(AR6*$L$2),"-") -> 2.5851562 | AW6: =IFERROR(AO6/(AS6*$L$2),"-") -> 2.5594828 | AX6: =IFERROR(AP6/(AT6*$L$2),"-") -> 2.4766129
A7: 1203052 | B7: =_xlfn.XLOOKUP(A7,monthly_work_hours!A:A,monthly_work_hours!B:B) -> 제용화 | C7: =_xlfn.XLOOKUP(A7,monthly_work_hours!A:A,monthly_work_hours!C:C) -> 구매원가팀 | D7: =_xlfn.XLOOKUP(A7,monthly_work_hours!A:A,monthly_work_hours!D:D) -> 책임 | E7: =SUMIFS(monthly_work_hours!$K:$K,monthly_work_hours!$A:$A,'FTE 계산'!$A7,monthly_work_hours!$F:$F,'FTE 계산'!E$2) -> 174.5 | F7: =SUMIFS(monthly_work_hours!$K:$K,monthly_work_hours!$A:$A,'FTE 계산'!$A7,monthly_work_hours!$F:$F,'FTE 계산'!F$2) -> 193.3 | G7: =SUMIFS(monthly_work_hours!$K:$K,monthly_work_hours!$A:$A,'FTE 계산'!$A7,monthly_work_hours!$F:$F,'FTE 계산'!G$2) -> 170.3 | H7: =(SUMIFS(monthly_work_hours!$G:$G,monthly_work_hours!$A:$A,'FTE 계산'!$A7,monthly_work_hours!$F:$F,'FTE 계산'!H$2)) - (SUMIFS(monthly_work_hours!$J:$J,monthly_work_hours!$A:$A,'FTE 계산'!$A7,monthly_work_hours!$F:$F,'FTE 계산'!H$2)) -> 17 | I7: =(SUMIFS(monthly_work_hours!$G:$G,monthly_work_hours!$A:$A,'FTE 계산'!$A7,monthly_work_hours!$F:$F,'FTE 계산'!I$2)) - (SUMIFS(monthly_work_hours!$J:$J,monthly_work_hours!$A:$A,'FTE 계산'!$A7,monthly_work_hours!$F:$F,'FTE 계산'!I$2)) -> 19 | J7: =(SUMIFS(monthly_work_hours!$G:$G,monthly_work_hours!$A:$A,'FTE 계산'!$A7,monthly_work_hours!$F:$F,'FTE 계산'!J$2)) - (SUMIFS(monthly_work_hours!$J:$J,monthly_work_hours!$A:$A,'FTE 계산'!$A7,monthly_work_hours!$F:$F,'FTE 계산'!J$2)) -> 16 | N7: SCM팀 | O7: =SUMIFS($E$3:$E$503,$C$3:$C$503,$N7) -> 2211.4 | P7: =SUMIFS($E$3:$E$503,$C$3:$C$503,$N7,$D$3:$D$503,P$2) -> 699.8 | Q7: =SUMIFS($E$3:$E$503,$C$3:$C$503,$N7,$D$3:$D$503,Q$2) -> 687.8 | R7: =SUMIFS($E$3:$E$503,$C$3:$C$503,$N7,$D$3:$D$503,R$2) -> 686.3 | S7: =AVERAGEIFS($H$3:$H$503,$C$3:$C$503,$N7) -> 16.428571 | T7: =AVERAGEIFS($H$3:$H$503,$C$3:$C$503,$N7,$D$3:$D$503,P$2) -> 17.5 | U7: =AVERAGEIFS($H$3:$H$503,$C$3:$C$503,$N7,$D$3:$D$503,Q$2) -> 16.75 | V7: =AVERAGEIFS($H$3:$H$503,$C$3:$C$503,$N7,$D$3:$D$503,R$2) -> 18 | W7: =IFERROR(O7/(S7*$L$2),"-") -> 16.82587 | X7: =IFERROR(P7/(T7*$L$2),"-") -> 4.9985714 | Y7: =IFERROR(Q7/(U7*$L$2),"-") -> 5.1328358 | Z7: =IFERROR(R7/(V7*$L$2),"-") -> 4.7659722 | AA7: =SUMIFS($F$3:$F$503,$C$3:$C$503,$N7) -> 2161.5 | AB7: =SUMIFS($F$3:$F$503,$C$3:$C$503,$N7,$D$3:$D$503,P$2) -> 715 | AC7: =SUMIFS($F$3:$F$503,$C$3:$C$503,$N7,$D$3:$D$503,Q$2) -> 548.7 | AD7: =SUMIFS($F$3:$F$503,$C$3:$C$503,$N7,$D$3:$D$503,R$2) -> 764.1 | AE7: =AVERAGEIFS($I$3:$I$503,$C$3:$C$503,$N7) -> 16.642857 | AF7: =AVERAGEIFS($I$3:$I$503,$C$3:$C$503,$N7,$D$3:$D$503,P$2) -> 18.5 | AG7: =AVERAGEIFS($I$3:$I$503,$C$3:$C$503,$N7,$D$3:$D$503,Q$2) -> 15.5 | AH7: =AVERAGEIFS($I$3:$I$503,$C$3:$C$503,$N7,$D$3:$D$503,R$2) -> 19.5 | AI7: =IFERROR(AA7/(AE7*$L$2),"-") -> 16.234442 | AJ7: =IFERROR(AB7/(AF7*$L$2),"-") -> 4.8310811 | AK7: =IFERROR(AC7/(AG7*$L$2),"-") -> 4.425 | AL7: =IFERROR(AD7/(AH7*$L$2),"-") -> 4.8980769 | AM7: =SUMIFS($G$3:$G$503,$C$3:$C$503,$N7) -> 1737.2 | AN7: =SUMIFS($G$3:$G$503,$C$3:$C$503,$N7,$D$3:$D$503,P$2) -> 596.8 | AO7: =SUMIFS($G$3:$G$503,$C$3:$C$503,$N7,$D$3:$D$503,Q$2) -> 445.2 | AP7: =SUMIFS($G$3:$G$503,$C$3:$C$503,$N7,$D$3:$D$503,R$2) -> 591.8 | AQ7: =AVERAGEIFS($J$3:$J$503,$C$3:$C$503,$N7) -> 13.928571 | AR7: =AVERAGEIFS($J$3:$J$503,$C$3:$C$503,$N7,$D$3:$D$503,P$2) -> 16 | AS7: =AVERAGEIFS($J$3:$J$503,$C$3:$C$503,$N7,$D$3:$D$503,Q$2) -> 12 | AT7: =AVERAGEIFS($J$3:$J$503,$C$3:$C$503,$N7,$D$3:$D$503,R$2) -> 16.25 | AU7: =IFERROR(AM7/(AQ7*$L$2),"-") -> 15.590256 | AV7: =IFERROR(AN7/(AR7*$L$2),"-") -> 4.6625 | AW7: =IFERROR(AO7/(AS7*$L$2),"-") -> 4.6375 | AX7: =IFERROR(AP7/(AT7*$L$2),"-") -> 4.5523077
A8: 1203053 | B8: =_xlfn.XLOOKUP(A8,monthly_work_hours!A:A,monthly_work_hours!B:B) -> 문은진 | C8: =_xlfn.XLOOKUP(A8,monthly_work_hours!A:A,monthly_work_hours!C:C) -> SCM팀 | D8: =_xlfn.XLOOKUP(A8,monthly_work_hours!A:A,monthly_work_hours!D:D) -> 책임 | E8: =SUMIFS(monthly_work_hours!$K:$K,monthly_work_hours!$A:$A,'FTE 계산'!$A8,monthly_work_hours!$F:$F,'FTE 계산'!E$2) -> 170.4 | F8: =SUMIFS(monthly_work_hours!$K:$K,monthly_work_hours!$A:$A,'FTE 계산'!$A8,monthly_work_hours!$F:$F,'FTE 계산'!F$2) -> 165.4 | G8: =SUMIFS(monthly_work_hours!$K:$K,monthly_work_hours!$A:$A,'FTE 계산'!$A8,monthly_work_hours!$F:$F,'FTE 계산'!G$2) -> 140.3 | H8: =(SUMIFS(monthly_work_hours!$G:$G,monthly_work_hours!$A:$A,'FTE 계산'!$A8,monthly_work_hours!$F:$F,'FTE 계산'!H$2)) - (SUMIFS(monthly_work_hours!$J:$J,monthly_work_hours!$A:$A,'FTE 계산'!$A8,monthly_work_hours!$F:$F,'FTE 계산'!H$2)) -> 17 | I8: =(SUMIFS(monthly_work_hours!$G:$G,monthly_work_hours!$A:$A,'FTE 계산'!$A8,monthly_work_hours!$F:$F,'FTE 계산'!I$2)) - (SUMIFS(monthly_work_hours!$J:$J,monthly_work_hours!$A:$A,'FTE 계산'!$A8,monthly_work_hours!$F:$F,'FTE 계산'!I$2)) -> 18 | J8: =(SUMIFS(monthly_work_hours!$G:$G,monthly_work_hours!$A:$A,'FTE 계산'!$A8,monthly_work_hours!$F:$F,'FTE 계산'!J$2)) - (SUMIFS(monthly_work_hours!$J:$J,monthly_work_hours!$A:$A,'FTE 계산'!$A8,monthly_work_hours!$F:$F,'FTE 계산'!J$2)) -> 16 | N8: SL품질보증팀 | O8: =SUMIFS($E$3:$E$503,$C$3:$C$503,$N8) -> 1599.7 | P8: =SUMIFS($E$3:$E$503,$C$3:$C$503,$N8,$D$3:$D$503,P$2) -> 322 | Q8: =SUMIFS($E$3:$E$503,$C$3:$C$503,$N8,$D$3:$D$503,Q$2) -> 833.1 | R8: =SUMIFS($E$3:$E$503,$C$3:$C$503,$N8,$D$3:$D$503,R$2) -> 341 | S8: =AVERAGEIFS($H$3:$H$503,$C$3:$C$503,$N8) -> 13.2 | T8: =AVERAGEIFS($H$3:$H$503,$C$3:$C$503,$N8,$D$3:$D$503,P$2) -> 11.666667 | U8: =AVERAGEIFS($H$3:$H$503,$C$3:$C$503,$N8,$D$3:$D$503,Q$2) -> 12.875 | V8: =AVERAGEIFS($H$3:$H$503,$C$3:$C$503,$N8,$D$3:$D$503,R$2) -> 13.333333 | W8: =IFERROR(O8/(S8*$L$2),"-") -> 15.148674 | X8: =IFERROR(P8/(T8*$L$2),"-") -> 3.45 | Y8: =IFERROR(Q8/(U8*$L$2),"-") -> 8.0883495 | Z8: =IFERROR(R8/(V8*$L$2),"-") -> 3.196875 | AA8: =SUMIFS($F$3:$F$503,$C$3:$C$503,$N8) -> 1658.5 | AB8: =SUMIFS($F$3:$F$503,$C$3:$C$503,$N8,$D$3:$D$503,P$2) -> 321.4 | AC8: =SUMIFS($F$3:$F$503,$C$3:$C$503,$N8,$D$3:$D$503,Q$2) -> 802.3 | AD8: =SUMIFS($F$3:$F$503,$C$3:$C$503,$N8,$D$3:$D$503,R$2) -> 439.1 | AE8: =AVERAGEIFS($I$3:$I$503,$C$3:$C$503,$N8) -> 13.866667 | AF8: =AVERAGEIFS($I$3:$I$503,$C$3:$C$503,$N8,$D$3:$D$503,P$2) -> 12.333333 | AG8: =AVERAGEIFS($I$3:$I$503,$C$3:$C$503,$N8,$D$3:$D$503,Q$2) -> 13 | AH8: =AVERAGEIFS($I$3:$I$503,$C$3:$C$503,$N8,$D$3:$D$503,R$2) -> 16 | AI8: =IFERROR(AA8/(AE8*$L$2),"-") -> 14.950421 | AJ8: =IFERROR(AB8/(AF8*$L$2),"-") -> 3.2574324 | AK8: =IFERROR(AC8/(AG8*$L$2),"-") -> 7.7144231 | AL8: =IFERROR(AD8/(AH8*$L$2),"-") -> 3.4304688 | AM8: =SUMIFS($G$3:$G$503,$C$3:$C$503,$N8) -> 1341.3 | AN8: =SUMIFS($G$3:$G$503,$C$3:$C$503,$N8,$D$3:$D$503,P$2) -> 297.1 | AO8: =SUMIFS($G$3:$G$503,$C$3:$C$503,$N8,$D$3:$D$503,Q$2) -> 627.6 | AP8: =SUMIFS($G$3:$G$503,$C$3:$C$503,$N8,$D$3:$D$503,R$2) -> 318.8 | AQ8: =AVERAGEIFS($J$3:$J$503,$C$3:$C$503,$N8) -> 11.733333 | AR8: =AVERAGEIFS($J$3:$J$503,$C$3:$C$503,$N8,$D$3:$D$503,P$2) -> 11.333333 | AS8: =AVERAGEIFS($J$3:$J$503,$C$3:$C$503,$N8,$D$3:$D$503,Q$2) -> 10.875 | AT8: =AVERAGEIFS($J$3:$J$503,$C$3:$C$503,$N8,$D$3:$D$503,R$2) -> 12.666667 | AU8: =IFERROR(AM8/(AQ8*$L$2),"-") -> 14.289418 | AV8: =IFERROR(AN8/(AR8*$L$2),"-") -> 3.2768382 | AW8: =IFERROR(AO8/(AS8*$L$2),"-") -> 7.2137931 | AX8: =IFERROR(AP8/(AT8*$L$2),"-") -> 3.1460526
A9: 1204003 | B9: =_xlfn.XLOOKUP(A9,monthly_work_hours!A:A,monthly_work_hours!B:B) -> 정용규 | C9: =_xlfn.XLOOKUP(A9,monthly_work_hours!A:A,monthly_work_hours!C:C) -> SL생산기술팀 | D9: =_xlfn.XLOOKUP(A9,monthly_work_hours!A:A,monthly_work_hours!D:D) -> 책임 | E9: =SUMIFS(monthly_work_hours!$K:$K,monthly_work_hours!$A:$A,'FTE 계산'!$A9,monthly_work_hours!$F:$F,'FTE 계산'!E$2) -> 147.9 | F9: =SUMIFS(monthly_work_hours!$K:$K,monthly_work_hours!$A:$A,'FTE 계산'!$A9,monthly_work_hours!$F:$F,'FTE 계산'!F$2) -> 191.4 | G9: =SUMIFS(monthly_work_hours!$K:$K,monthly_work_hours!$A:$A,'FTE 계산'!$A9,monthly_work_hours!$F:$F,'FTE 계산'!G$2) -> 149.5 | H9: =(SUMIFS(monthly_work_hours!$G:$G,monthly_work_hours!$A:$A,'FTE 계산'!$A9,monthly_work_hours!$F:$F,'FTE 계산'!H$2)) - (SUMIFS(monthly_work_hours!$J:$J,monthly_work_hours!$A:$A,'FTE 계산'!$A9,monthly_work_hours!$F:$F,'FTE 계산'!H$2)) -> 17 | I9: =(SUMIFS(monthly_work_hours!$G:$G,monthly_work_hours!$A:$A,'FTE 계산'!$A9,monthly_work_hours!$F:$F,'FTE 계산'!I$2)) - (SUMIFS(monthly_work_hours!$J:$J,monthly_work_hours!$A:$A,'FTE 계산'!$A9,monthly_work_hours!$F:$F,'FTE 계산'!I$2)) -> 19 | J9: =(SUMIFS(monthly_work_hours!$G:$G,monthly_work_hours!$A:$A,'FTE 계산'!$A9,monthly_work_hours!$F:$F,'FTE 계산'!J$2)) - (SUMIFS(monthly_work_hours!$J:$J,monthly_work_hours!$A:$A,'FTE 계산'!$A9,monthly_work_hours!$F:$F,'FTE 계산'!J$2)) -> 16 | N9: 열관리설계팀 | O9: =SUMIFS($E$3:$E$503,$C$3:$C$503,$N9) -> 2526.8 | P9: =SUMIFS($E$3:$E$503,$C$3:$C$503,$N9,$D$3:$D$503,P$2) -> 1582.1 | Q9: =SUMIFS($E$3:$E$503,$C$3:$C$503,$N9,$D$3:$D$503,Q$2) -> 626.9 | R9: =SUMIFS($E$3:$E$503,$C$3:$C$503,$N9,$D$3:$D$503,R$2) -> 317.8 | S9: =AVERAGEIFS($H$3:$H$503,$C$3:$C$503,$N9) -> 14.363636 | T9: =AVERAGEIFS($H$3:$H$503,$C$3:$C$503,$N9,$D$3:$D$503,P$2) -> 14 | U9: =AVERAGEIFS($H$3:$H$503,$C$3:$C$503,$N9,$D$3:$D$503,Q$2) -> 16.5 | V9: =AVERAGEIFS($H$3:$H$503,$C$3:$C$503,$N9,$D$3:$D$503,R$2) -> 12 | W9: =IFERROR(O9/(S9*$L$2),"-") -> 21.989557 | X9: =IFERROR(P9/(T9*$L$2),"-") -> 14.125893 | Y9: =IFERROR(Q9/(U9*$L$2),"-") -> 4.7492424 | Z9: =IFERROR(R9/(V9*$L$2),"-") -> 3.3104167 | AA9: =SUMIFS($F$3:$F$503,$C$3:$C$503,$N9) -> 2422.2 | AB9: =SUMIFS($F$3:$F$503,$C$3:$C$503,$N9,$D$3:$D$503,P$2) -> 1577.7 | AC9: =SUMIFS($F$3:$F$503,$C$3:$C$503,$N9,$D$3:$D$503,Q$2) -> 527.4 | AD9: =SUMIFS($F$3:$F$503,$C$3:$C$503,$N9,$D$3:$D$503,R$2) -> 317.1 | AE9: =AVERAGEIFS($I$3:$I$503,$C$3:$C$503,$N9) -> 14.545455 | AF9: =AVERAGEIFS($I$3:$I$503,$C$3:$C$503,$N9,$D$3:$D$503,P$2) -> 18 | AG9: =AVERAGEIFS($I$3:$I$503,$C$3:$C$503,$N9,$D$3:$D$503,Q$2) -> 13.25 | AH9: =AVERAGEIFS($I$3:$I$503,$C$3:$C$503,$N9,$D$3:$D$503,R$2) -> 11.666667 | AI9: =IFERROR(AA9/(AE9*$L$2),"-") -> 20.815781 | AJ9: =IFERROR(AB9/(AF9*$L$2),"-") -> 10.95625 | AK9: =IFERROR(AC9/(AG9*$L$2),"-") -> 4.9754717 | AL9: =IFERROR(AD9/(AH9*$L$2),"-") -> 3.3975 | AM9: =SUMIFS($G$3:$G$503,$C$3:$C$503,$N9) -> 1746.3 | AN9: =SUMIFS($G$3:$G$503,$C$3:$C$503,$N9,$D$3:$D$503,P$2) -> 1066.3 | AO9: =SUMIFS($G$3:$G$503,$C$3:$C$503,$N9,$D$3:$D$503,Q$2) -> 384.9 | AP9: =SUMIFS($G$3:$G$503,$C$3:$C$503,$N9,$D$3:$D$503,R$2) -> 295.1 | AQ9: =AVERAGEIFS($J$3:$J$503,$C$3:$C$503,$N9) -> 12.818182 | AR9: =AVERAGEIFS($J$3:$J$503,$C$3:$C$503,$N9,$D$3:$D$503,P$2) -> 15.25 | AS9: =AVERAGEIFS($J$3:$J$503,$C$3:$C$503,$N9,$D$3:$D$503,Q$2) -> 11.5 | AT9: =AVERAGEIFS($J$3:$J$503,$C$3:$C$503,$N9,$D$3:$D$503,R$2) -> 11.333333 | AU9: =IFERROR(AM9/(AQ9*$L$2),"-") -> 17.029521 | AV9: =IFERROR(AN9/(AR9*$L$2),"-") -> 8.7401639 | AW9: =IFERROR(AO9/(AS9*$L$2),"-") -> 4.1836957 | AX9: =IFERROR(AP9/(AT9*$L$2),"-") -> 3.2547794
A10: 1204063 | B10: =_xlfn.XLOOKUP(A10,monthly_work_hours!A:A,monthly_work_hours!B:B) -> 김주호 | C10: =_xlfn.XLOOKUP(A10,monthly_work_hours!A:A,monthly_work_hours!C:C) -> SL품질보증팀 | D10: =_xlfn.XLOOKUP(A10,monthly_work_hours!A:A,monthly_work_hours!D:D) -> 책임 | E10: =SUMIFS(monthly_work_hours!$K:$K,monthly_work_hours!$A:$A,'FTE 계산'!$A10,monthly_work_hours!$F:$F,'FTE 계산'!E$2) -> 7 | F10: =SUMIFS(monthly_work_hours!$K:$K,monthly_work_hours!$A:$A,'FTE 계산'!$A10,monthly_work_hours!$F:$F,'FTE 계산'!F$2) -> 0.4 | G10: =SUMIFS(monthly_work_hours!$K:$K,monthly_work_hours!$A:$A,'FTE 계산'!$A10,monthly_work_hours!$F:$F,'FTE 계산'!G$2) -> 22.8 | H10: =(SUMIFS(monthly_work_hours!$G:$G,monthly_work_hours!$A:$A,'FTE 계산'!$A10,monthly_work_hours!$F:$F,'FTE 계산'!H$2)) - (SUMIFS(monthly_work_hours!$J:$J,monthly_work_hours!$A:$A,'FTE 계산'!$A10,monthly_work_hours!$F:$F,'FTE 계산'!H$2)) -> 2 | I10: =(SUMIFS(monthly_work_hours!$G:$G,monthly_work_hours!$A:$A,'FTE 계산'!$A10,monthly_work_hours!$F:$F,'FTE 계산'!I$2)) - (SUMIFS(monthly_work_hours!$J:$J,monthly_work_hours!$A:$A,'FTE 계산'!$A10,monthly_work_hours!$F:$F,'FTE 계산'!I$2)) -> 4 | J10: =(SUMIFS(monthly_work_hours!$G:$G,monthly_work_hours!$A:$A,'FTE 계산'!$A10,monthly_work_hours!$F:$F,'FTE 계산'!J$2)) - (SUMIFS(monthly_work_hours!$J:$J,monthly_work_hours!$A:$A,'FTE 계산'!$A10,monthly_work_hours!$F:$F,'FTE 계산'!J$2)) -> 4 | N10: FL생산기술팀 | O10: =SUMIFS($E$3:$E$503,$C$3:$C$503,$N10) -> 1315.9 | P10: =SUMIFS($E$3:$E$503,$C$3:$C$503,$N10,$D$3:$D$503,P$2) -> 371.9 | Q10: =SUMIFS($E$3:$E$503,$C$3:$C$503,$N10,$D$3:$D$503,Q$2) -> 429.8 | R10: =SUMIFS($E$3:$E$503,$C$3:$C$503,$N10,$D$3:$D$503,R$2) -> 514.2 | S10: =AVERAGEIFS($H$3:$H$503,$C$3:$C$503,$N10) -> 17 | T10: =AVERAGEIFS($H$3:$H$503,$C$3:$C$503,$N10,$D$3:$D$503,P$2) -> 18.5 | U10: =AVERAGEIFS($H$3:$H$503,$C$3:$C$503,$N10,$D$3:$D$503,Q$2) -> 15.666667 | V10: =AVERAGEIFS($H$3:$H$503,$C$3:$C$503,$N10,$D$3:$D$503,R$2) -> 17.333333 | W10: =IFERROR(O10/(S10*$L$2),"-") -> 9.6757353 | X10: =IFERROR(P10/(T10*$L$2),"-") -> 2.5128378 | Y10: =IFERROR(Q10/(U10*$L$2),"-") -> 3.4292553 | Z10: =IFERROR(R10/(V10*$L$2),"-") -> 3.7081731 | AA10: =SUMIFS($F$3:$F$503,$C$3:$C$503,$N10) -> 1478.4 | AB10: =SUMIFS($F$3:$F$503,$C$3:$C$503,$N10,$D$3:$D$503,P$2) -> 378.2 | AC10: =SUMIFS($F$3:$F$503,$C$3:$C$503,$N10,$D$3:$D$503,Q$2) -> 534.7 | AD10: =SUMIFS($F$3:$F$503,$C$3:$C$503,$N10,$D$3:$D$503,R$2) -> 565.5 | AE10: =AVERAGEIFS($I$3:$I$503,$C$3:$C$503,$N10) -> 17.5 | AF10: =AVERAGEIFS($I$3:$I$503,$C$3:$C$503,$N10,$D$3:$D$503,P$2) -> 18.5 | AG10: =AVERAGEIFS($I$3:$I$503,$C$3:$C$503,$N10,$D$3:$D$503,Q$2) -> 16.333333 | AH10: =AVERAGEIFS($I$3:$I$503,$C$3:$C$503,$N10,$D$3:$D$503,R$2) -> 18 | AI10: =IFERROR(AA10/(AE10*$L$2),"-") -> 10.56 | AJ10: =IFERROR(AB10/(AF10*$L$2),"-") -> 2.5554054 | AK10: =IFERROR(AC10/(AG10*$L$2),"-") -> 4.0920918 | AL10: =IFERROR(AD10/(AH10*$L$2),"-") -> 3.9270833 | AM10: =SUMIFS($G$3:$G$503,$C$3:$C$503,$N10) -> 1156.3 | AN10: =SUMIFS($G$3:$G$503,$C$3:$C$503,$N10,$D$3:$D$503,P$2) -> 305.5 | AO10: =SUMIFS($G$3:$G$503,$C$3:$C$503,$N10,$D$3:$D$503,Q$2) -> 430 | AP10: =SUMIFS($G$3:$G$503,$C$3:$C$503,$N10,$D$3:$D$503,R$2) -> 420.8 | AQ10: =AVERAGEIFS($J$3:$J$503,$C$3:$C$503,$N10) -> 15.625 | AR10: =AVERAGEIFS($J$3:$J$503,$C$3:$C$503,$N10,$D$3:$D$503,P$2) -> 16 | AS10: =AVERAGEIFS($J$3:$J$503,$C$3:$C$503,$N10,$D$3:$D$503,Q$2) -> 15.333333 | AT10: =AVERAGEIFS($J$3:$J$503,$C$3:$C$503,$N10,$D$3:$D$503,R$2) -> 15.666667 | AU10: =IFERROR(AM10/(AQ10*$L$2),"-") -> 9.2504 | AV10: =IFERROR(AN10/(AR10*$L$2),"-") -> 2.3867188 | AW10: =IFERROR(AO10/(AS10*$L$2),"-") -> 3.5054348 | AX10: =IFERROR(AP10/(AT10*$L$2),"-") -> 3.3574468
A11: 1204106 | B11: =_xlfn.XLOOKUP(A11,monthly_work_hours!A:A,monthly_work_hours!B:B) -> 김영준 | C11: =_xlfn.XLOOKUP(A11,monthly_work_hours!A:A,monthly_work_hours!C:C) -> 열관리설계팀 | D11: =_xlfn.XLOOKUP(A11,monthly_work_hours!A:A,monthly_work_hours!D:D) -> 책임 | E11: =SUMIFS(monthly_work_hours!$K:$K,monthly_work_hours!$A:$A,'FTE 계산'!$A11,monthly_work_hours!$F:$F,'FTE 계산'!E$2) -> 218.9 | F11: =SUMIFS(monthly_work_hours!$K:$K,monthly_work_hours!$A:$A,'FTE 계산'!$A11,monthly_work_hours!$F:$F,'FTE 계산'!F$2) -> 160.1 | G11: =SUMIFS(monthly_work_hours!$K:$K,monthly_work_hours!$A:$A,'FTE 계산'!$A11,monthly_work_hours!$F:$F,'FTE 계산'!G$2) -> 133 | H11: =(SUMIFS(monthly_work_hours!$G:$G,monthly_work_hours!$A:$A,'FTE 계산'!$A11,monthly_work_hours!$F:$F,'FTE 계산'!H$2)) - (SUMIFS(monthly_work_hours!$J:$J,monthly_work_hours!$A:$A,'FTE 계산'!$A11,monthly_work_hours!$F:$F,'FTE 계산'!H$2)) -> 14 | I11: =(SUMIFS(monthly_work_hours!$G:$G,monthly_work_hours!$A:$A,'FTE 계산'!$A11,monthly_work_hours!$F:$F,'FTE 계산'!I$2)) - (SUMIFS(monthly_work_hours!$J:$J,monthly_work_hours!$A:$A,'FTE 계산'!$A11,monthly_work_hours!$F:$F,'FTE 계산'!I$2)) -> 16 | J11: =(SUMIFS(monthly_work_hours!$G:$G,monthly_work_hours!$A:$A,'FTE 계산'!$A11,monthly_work_hours!$F:$F,'FTE 계산'!J$2)) - (SUMIFS(monthly_work_hours!$J:$J,monthly_work_hours!$A:$A,'FTE 계산'!$A11,monthly_work_hours!$F:$F,'FTE 계산'!J$2)) -> 15 | N11: FL개발팀 | O11: =SUMIFS($E$3:$E$503,$C$3:$C$503,$N11) -> 2346.1 | P11: =SUMIFS($E$3:$E$503,$C$3:$C$503,$N11,$D$3:$D$503,P$2) -> 664.6 | Q11: =SUMIFS($E$3:$E$503,$C$3:$C$503,$N11,$D$3:$D$503,Q$2) -> 1097.9 | R11: =SUMIFS($E$3:$E$503,$C$3:$C$503,$N11,$D$3:$D$503,R$2) -> 385.8 | S11: =AVERAGEIFS($H$3:$H$503,$C$3:$C$503,$N11) -> 15.266667 | T11: =AVERAGEIFS($H$3:$H$503,$C$3:$C$503,$N11,$D$3:$D$503,P$2) -> 18 | U11: =AVERAGEIFS($H$3:$H$503,$C$3:$C$503,$N11,$D$3:$D$503,Q$2) -> 16.428571 | V11: =AVERAGEIFS($H$3:$H$503,$C$3:$C$503,$N11,$D$3:$D$503,R$2) -> 10.5 | W11: =IFERROR(O11/(S11*$L$2),"-") -> 19.209334 | X11: =IFERROR(P11/(T11*$L$2),"-") -> 4.6152778 | Y11: =IFERROR(Q11/(U11*$L$2),"-") -> 8.353587 | Z11: =IFERROR(R11/(V11*$L$2),"-") -> 4.5928571 | AA11: =SUMIFS($F$3:$F$503,$C$3:$C$503,$N11) -> 2459.9 | AB11: =SUMIFS($F$3:$F$503,$C$3:$C$503,$N11,$D$3:$D$503,P$2) -> 540 | AC11: =SUMIFS($F$3:$F$503,$C$3:$C$503,$N11,$D$3:$D$503,Q$2) -> 1144.8 | AD11: =SUMIFS($F$3:$F$503,$C$3:$C$503,$N11,$D$3:$D$503,R$2) -> 524.7 | AE11: =AVERAGEIFS($I$3:$I$503,$C$3:$C$503,$N11) -> 16.333333 | AF11: =AVERAGEIFS($I$3:$I$503,$C$3:$C$503,$N11,$D$3:$D$503,P$2) -> 18 | AG11: =AVERAGEIFS($I$3:$I$503,$C$3:$C$503,$N11,$D$3:$D$503,Q$2) -> 16.428571 | AH11: =AVERAGEIFS($I$3:$I$503,$C$3:$C$503,$N11,$D$3:$D$503,R$2) -> 14.75 | AI11: =IFERROR(AA11/(AE11*$L$2),"-") -> 18.825765 | AJ11: =IFERROR(AB11/(AF11*$L$2),"-") -> 3.75 | AK11: =IFERROR(AC11/(AG11*$L$2),"-") -> 8.7104348 | AL11: =IFERROR(AD11/(AH11*$L$2),"-") -> 4.4466102 | AM11: =SUMIFS($G$3:$G$503,$C$3:$C$503,$N11) -> 1828.4 | AN11: =SUMIFS($G$3:$G$503,$C$3:$C$503,$N11,$D$3:$D$503,P$2) -> 459.6 | AO11: =SUMIFS($G$3:$G$503,$C$3:$C$503,$N11,$D$3:$D$503,Q$2) -> 874.2 | AP11: =SUMIFS($G$3:$G$503,$C$3:$C$503,$N11,$D$3:$D$503,R$2) -> 436 | AQ11: =AVERAGEIFS($J$3:$J$503,$C$3:$C$503,$N11) -> 14.2 | AR11: =AVERAGEIFS($J$3:$J$503,$C$3:$C$503,$N11,$D$3:$D$503,P$2) -> 16 | AS11: =AVERAGEIFS($J$3:$J$503,$C$3:$C$503,$N11,$D$3:$D$503,Q$2) -> 14 | AT11: =AVERAGEIFS($J$3:$J$503,$C$3:$C$503,$N11,$D$3:$D$503,R$2) -> 13.5 | AU11: =IFERROR(AM11/(AQ11*$L$2),"-") -> 16.09507 | AV11: =IFERROR(AN11/(AR11*$L$2),"-") -> 3.590625 | AW11: =IFERROR(AO11/(AS11*$L$2),"-") -> 7.8053571 | AX11: =IFERROR(AP11/(AT11*$L$2),"-") -> 4.037037
A12: 1204115 | B12: =_xlfn.XLOOKUP(A12,monthly_work_hours!A:A,monthly_work_hours!B:B) -> 이용재 | C12: =_xlfn.XLOOKUP(A12,monthly_work_hours!A:A,monthly_work_hours!C:C) -> FL생산기술팀 | D12: =_xlfn.XLOOKUP(A12,monthly_work_hours!A:A,monthly_work_hours!D:D) -> 책임 | E12: =SUMIFS(monthly_work_hours!$K:$K,monthly_work_hours!$A:$A,'FTE 계산'!$A12,monthly_work_hours!$F:$F,'FTE 계산'!E$2) -> 172.1 | F12: =SUMIFS(monthly_work_hours!$K:$K,monthly_work_hours!$A:$A,'FTE 계산'!$A12,monthly_work_hours!$F:$F,'FTE 계산'!F$2) -> 174 | G12: =SUMIFS(monthly_work_hours!$K:$K,monthly_work_hours!$A:$A,'FTE 계산'!$A12,monthly_work_hours!$F:$F,'FTE 계산'!G$2) -> 146.6 | H12: =(SUMIFS(monthly_work_hours!$G:$G,monthly_work_hours!$A:$A,'FTE 계산'!$A12,monthly_work_hours!$F:$F,'FTE 계산'!H$2)) - (SUMIFS(monthly_work_hours!$J:$J,monthly_work_hours!$A:$A,'FTE 계산'!$A12,monthly_work_hours!$F:$F,'FTE 계산'!H$2)) -> 18 | I12: =(SUMIFS(monthly_work_hours!$G:$G,monthly_work_hours!$A:$A,'FTE 계산'!$A12,monthly_work_hours!$F:$F,'FTE 계산'!I$2)) - (SUMIFS(monthly_work_hours!$J:$J,monthly_work_hours!$A:$A,'FTE 계산'!$A12,monthly_work_hours!$F:$F,'FTE 계산'!I$2)) -> 18 | J12: =(SUMIFS(monthly_work_hours!$G:$G,monthly_work_hours!$A:$A,'FTE 계산'!$A12,monthly_work_hours!$F:$F,'FTE 계산'!J$2)) - (SUMIFS(monthly_work_hours!$J:$J,monthly_work_hours!$A:$A,'FTE 계산'!$A12,monthly_work_hours!$F:$F,'FTE 계산'!J$2)) -> 16 | N12: SL구매팀 | O12: =SUMIFS($E$3:$E$503,$C$3:$C$503,$N12) -> 1619.7 | P12: =SUMIFS($E$3:$E$503,$C$3:$C$503,$N12,$D$3:$D$503,P$2) -> 939.7 | Q12: =SUMIFS($E$3:$E$503,$C$3:$C$503,$N12,$D$3:$D$503,Q$2) -> 520.7 | R12: =SUMIFS($E$3:$E$503,$C$3:$C$503,$N12,$D$3:$D$503,R$2) -> 159.3 | S12: =AVERAGEIFS($H$3:$H$503,$C$3:$C$503,$N12) -> 17.5 | T12: =AVERAGEIFS($H$3:$H$503,$C$3:$C$503,$N12,$D$3:$D$503,P$2) -> 17.5 | U12: =AVERAGEIFS($H$3:$H$503,$C$3:$C$503,$N12,$D$3:$D$503,Q$2) -> 18 | V12: =AVERAGEIFS($H$3:$H$503,$C$3:$C$503,$N12,$D$3:$D$503,R$2) -> 16 | W12: =IFERROR(O12/(S12*$L$2),"-") -> 11.569286 | X12: =IFERROR(P12/(T12*$L$2),"-") -> 6.7121429 | Y12: =IFERROR(Q12/(U12*$L$2),"-") -> 3.6159722 | Z12: =IFERROR(R12/(V12*$L$2),"-") -> 1.2445313 | AA12: =SUMIFS($F$3:$F$503,$C$3:$C$503,$N12) -> 1387.8 | AB12: =SUMIFS($F$3:$F$503,$C$3:$C$503,$N12,$D$3:$D$503,P$2) -> 737.4 | AC12: =SUMIFS($F$3:$F$503,$C$3:$C$503,$N12,$D$3:$D$503,Q$2) -> 508.6 | AD12: =SUMIFS($F$3:$F$503,$C$3:$C$503,$N12,$D$3:$D$503,R$2) -> 141.8 | AE12: =AVERAGEIFS($I$3:$I$503,$C$3:$C$503,$N12) -> 16.875 | AF12: =AVERAGEIFS($I$3:$I$503,$C$3:$C$503,$N12,$D$3:$D$503,P$2) -> 17.5 | AG12: =AVERAGEIFS($I$3:$I$503,$C$3:$C$503,$N12,$D$3:$D$503,Q$2) -> 17 | AH12: =AVERAGEIFS($I$3:$I$503,$C$3:$C$503,$N12,$D$3:$D$503,R$2) -> 14 | AI12: =IFERROR(AA12/(AE12*$L$2),"-") -> 10.28 | AJ12: =IFERROR(AB12/(AF12*$L$2),"-") -> 5.2671429 | AK12: =IFERROR(AC12/(AG12*$L$2),"-") -> 3.7397059 | AL12: =IFERROR(AD12/(AH12*$L$2),"-") -> 1.2660714 | AM12: =SUMIFS($G$3:$G$503,$C$3:$C$503,$N12) -> 1248.5 | AN12: =SUMIFS($G$3:$G$503,$C$3:$C$503,$N12,$D$3:$D$503,P$2) -> 675.9 | AO12: =SUMIFS($G$3:$G$503,$C$3:$C$503,$N12,$D$3:$D$503,Q$2) -> 446.8 | AP12: =SUMIFS($G$3:$G$503,$C$3:$C$503,$N12,$D$3:$D$503,R$2) -> 125.8 | AQ12: =AVERAGEIFS($J$3:$J$503,$C$3:$C$503,$N12) -> 14.875 | AR12: =AVERAGEIFS($J$3:$J$503,$C$3:$C$503,$N12,$D$3:$D$503,P$2) -> 15 | AS12: =AVERAGEIFS($J$3:$J$503,$C$3:$C$503,$N12,$D$3:$D$503,Q$2) -> 15 | AT12: =AVERAGEIFS($J$3:$J$503,$C$3:$C$503,$N12,$D$3:$D$503,R$2) -> 14 | AU12: =IFERROR(AM12/(AQ12*$L$2),"-") -> 10.491597 | AV12: =IFERROR(AN12/(AR12*$L$2),"-") -> 5.6325 | AW12: =IFERROR(AO12/(AS12*$L$2),"-") -> 3.7233333 | AX12: =IFERROR(AP12/(AT12*$L$2),"-") -> 1.1232143
A13: 1205081 | B13: =_xlfn.XLOOKUP(A13,monthly_work_hours!A:A,monthly_work_hours!B:B) -> 이호진 | C13: =_xlfn.XLOOKUP(A13,monthly_work_hours!A:A,monthly_work_hours!C:C) -> SCM팀 | D13: =_xlfn.XLOOKUP(A13,monthly_work_hours!A:A,monthly_work_hours!D:D) -> 기능주임 | E13: =SUMIFS(monthly_work_hours!$K:$K,monthly_work_hours!$A:$A,'FTE 계산'!$A13,monthly_work_hours!$F:$F,'FTE 계산'!E$2) -> 0 | F13: =SUMIFS(monthly_work_hours!$K:$K,monthly_work_hours!$A:$A,'FTE 계산'!$A13,monthly_work_hours!$F:$F,'FTE 계산'!F$2) -> 0 | G13: =SUMIFS(monthly_work_hours!$K:$K,monthly_work_hours!$A:$A,'FTE 계산'!$A13,monthly_work_hours!$F:$F,'FTE 계산'!G$2) -> 0 | H13: =(SUMIFS(monthly_work_hours!$G:$G,monthly_work_hours!$A:$A,'FTE 계산'!$A13,monthly_work_hours!$F:$F,'FTE 계산'!H$2)) - (SUMIFS(monthly_work_hours!$J:$J,monthly_work_hours!$A:$A,'FTE 계산'!$A13,monthly_work_hours!$F:$F,'FTE 계산'!H$2)) -> 0 | I13: =(SUMIFS(monthly_work_hours!$G:$G,monthly_work_hours!$A:$A,'FTE 계산'!$A13,monthly_work_hours!$F:$F,'FTE 계산'!I$2)) - (SUMIFS(monthly_work_hours!$J:$J,monthly_work_hours!$A:$A,'FTE 계산'!$A13,monthly_work_hours!$F:$F,'FTE 계산'!I$2)) -> 1 | J13: =(SUMIFS(monthly_work_hours!$G:$G,monthly_work_hours!$A:$A,'FTE 계산'!$A13,monthly_work_hours!$F:$F,'FTE 계산'!J$2)) - (SUMIFS(monthly_work_hours!$J:$J,monthly_work_hours!$A:$A,'FTE 계산'!$A13,monthly_work_hours!$F:$F,'FTE 계산'!J$2)) -> 0 | N13: 품질경영팀 | O13: =SUMIFS($E$3:$E$503,$C$3:$C$503,$N13) -> 1969.5 | P13: =SUMIFS($E$3:$E$503,$C$3:$C$503,$N13,$D$3:$D$503,P$2) -> 637.3 | Q13: =SUMIFS($E$3:$E$503,$C$3:$C$503,$N13,$D$3:$D$503,Q$2) -> 1163.7 | R13: =SUMIFS($E$3:$E$503,$C$3:$C$503,$N13,$D$3:$D$503,R$2) -> 168.5 | S13: =AVERAGEIFS($H$3:$H$503,$C$3:$C$503,$N13) -> 16.230769 | T13: =AVERAGEIFS($H$3:$H$503,$C$3:$C$503,$N13,$D$3:$D$503,P$2) -> 17.5 | U13: =AVERAGEIFS($H$3:$H$503,$C$3:$C$503,$N13,$D$3:$D$503,Q$2) -> 17.285714 | V13: =AVERAGEIFS($H$3:$H$503,$C$3:$C$503,$N13,$D$3:$D$503,R$2) -> 18 | W13: =IFERROR(O13/(S13*$L$2),"-") -> 15.16795 | X13: =IFERROR(P13/(T13*$L$2),"-") -> 4.5521429 | Y13: =IFERROR(Q13/(U13*$L$2),"-") -> 8.415186 | Z13: =IFERROR(R13/(V13*$L$2),"-") -> 1.1701389 | AA13: =SUMIFS($F$3:$F$503,$C$3:$C$503,$N13) -> 2014.4 | AB13: =SUMIFS($F$3:$F$503,$C$3:$C$503,$N13,$D$3:$D$503,P$2) -> 674.3 | AC13: =SUMIFS($F$3:$F$503,$C$3:$C$503,$N13,$D$3:$D$503,Q$2) -> 1183 | AD13: =SUMIFS($F$3:$F$503,$C$3:$C$503,$N13,$D$3:$D$503,R$2) -> 155.7 | AE13: =AVERAGEIFS($I$3:$I$503,$C$3:$C$503,$N13) -> 17.076923 | AF13: =AVERAGEIFS($I$3:$I$503,$C$3:$C$503,$N13,$D$3:$D$503,P$2) -> 18 | AG13: =AVERAGEIFS($I$3:$I$503,$C$3:$C$503,$N13,$D$3:$D$503,Q$2) -> 17.857143 | AH13: =AVERAGEIFS($I$3:$I$503,$C$3:$C$503,$N13,$D$3:$D$503,R$2) -> 17 | AI13: =IFERROR(AA13/(AE13*$L$2),"-") -> 14.745045 | AJ13: =IFERROR(AB13/(AF13*$L$2),"-") -> 4.6826389 | AK13: =IFERROR(AC13/(AG13*$L$2),"-") -> 8.281 | AL13: =IFERROR(AD13/(AH13*$L$2),"-") -> 1.1448529 | AM13: =SUMIFS($G$3:$G$503,$C$3:$C$503,$N13) -> 1663.4 | AN13: =SUMIFS($G$3:$G$503,$C$3:$C$503,$N13,$D$3:$D$503,P$2) -> 556.2 | AO13: =SUMIFS($G$3:$G$503,$C$3:$C$503,$N13,$D$3:$D$503,Q$2) -> 967.6 | AP13: =SUMIFS($G$3:$G$503,$C$3:$C$503,$N13,$D$3:$D$503,R$2) -> 139.6 | AQ13: =AVERAGEIFS($J$3:$J$503,$C$3:$C$503,$N13) -> 14.384615 | AR13: =AVERAGEIFS($J$3:$J$503,$C$3:$C$503,$N13,$D$3:$D$503,P$2) -> 15.75 | AS13: =AVERAGEIFS($J$3:$J$503,$C$3:$C$503,$N13,$D$3:$D$503,Q$2) -> 15.428571 | AT13: =AVERAGEIFS($J$3:$J$503,$C$3:$C$503,$N13,$D$3:$D$503,R$2) -> 16 | AU13: =IFERROR(AM13/(AQ13*$L$2),"-") -> 14.454679 | AV13: =IFERROR(AN13/(AR13*$L$2),"-") -> 4.4142857 | AW13: =IFERROR(AO13/(AS13*$L$2),"-") -> 7.8393519 | AX13: =IFERROR(AP13/(AT13*$L$2),"-") -> 1.090625
A14: 1205094 | B14: =_xlfn.XLOOKUP(A14,monthly_work_hours!A:A,monthly_work_hours!B:B) -> 강동현 | C14: =_xlfn.XLOOKUP(A14,monthly_work_hours!A:A,monthly_work_hours!C:C) -> FL개발팀 | D14: =_xlfn.XLOOKUP(A14,monthly_work_hours!A:A,monthly_work_hours!D:D) -> 책임 | E14: =SUMIFS(monthly_work_hours!$K:$K,monthly_work_hours!$A:$A,'FTE 계산'!$A14,monthly_work_hours!$F:$F,'FTE 계산'!E$2) -> 283.6 | F14: =SUMIFS(monthly_work_hours!$K:$K,monthly_work_hours!$A:$A,'FTE 계산'!$A14,monthly_work_hours!$F:$F,'FTE 계산'!F$2) -> 165.9 | G14: =SUMIFS(monthly_work_hours!$K:$K,monthly_work_hours!$A:$A,'FTE 계산'!$A14,monthly_work_hours!$F:$F,'FTE 계산'!G$2) -> 151.8 | H14: =(SUMIFS(monthly_work_hours!$G:$G,monthly_work_hours!$A:$A,'FTE 계산'!$A14,monthly_work_hours!$F:$F,'FTE 계산'!H$2)) - (SUMIFS(monthly_work_hours!$J:$J,monthly_work_hours!$A:$A,'FTE 계산'!$A14,monthly_work_hours!$F:$F,'FTE 계산'!H$2)) -> 19 | I14: =(SUMIFS(monthly_work_hours!$G:$G,monthly_work_hours!$A:$A,'FTE 계산'!$A14,monthly_work_hours!$F:$F,'FTE 계산'!I$2)) - (SUMIFS(monthly_work_hours!$J:$J,monthly_work_hours!$A:$A,'FTE 계산'!$A14,monthly_work_hours!$F:$F,'FTE 계산'!I$2)) -> 16 | J14: =(SUMIFS(monthly_work_hours!$G:$G,monthly_work_hours!$A:$A,'FTE 계산'!$A14,monthly_work_hours!$F:$F,'FTE 계산'!J$2)) - (SUMIFS(monthly_work_hours!$J:$J,monthly_work_hours!$A:$A,'FTE 계산'!$A14,monthly_work_hours!$F:$F,'FTE 계산'!J$2)) -> 16 | N14: B/H사업팀 | O14: =SUMIFS($E$3:$E$503,$C$3:$C$503,$N14) -> 1191.8 | P14: =SUMIFS($E$3:$E$503,$C$3:$C$503,$N14,$D$3:$D$503,P$2) -> 329.2 | Q14: =SUMIFS($E$3:$E$503,$C$3:$C$503,$N14,$D$3:$D$503,Q$2) -> 678.7 | R14: =SUMIFS($E$3:$E$503,$C$3:$C$503,$N14,$D$3:$D$503,R$2) -> 183.9 | S14: =AVERAGEIFS($H$3:$H$503,$C$3:$C$503,$N14) -> 17.857143 | T14: =AVERAGEIFS($H$3:$H$503,$C$3:$C$503,$N14,$D$3:$D$503,P$2) -> 16.5 | U14: =AVERAGEIFS($H$3:$H$503,$C$3:$C$503,$N14,$D$3:$D$503,Q$2) -> 18.25 | V14: =AVERAGEIFS($H$3:$H$503,$C$3:$C$503,$N14,$D$3:$D$503,R$2) -> 19 | W14: =IFERROR(O14/(S14*$L$2),"-") -> 8.3426 | X14: =IFERROR(P14/(T14*$L$2),"-") -> 2.4939394 | Y14: =IFERROR(Q14/(U14*$L$2),"-") -> 4.6486301 | Z14: =IFERROR(R14/(V14*$L$2),"-") -> 1.2098684 | AA14: =SUMIFS($F$3:$F$503,$C$3:$C$503,$N14) -> 1211.4 | AB14: =SUMIFS($F$3:$F$503,$C$3:$C$503,$N14,$D$3:$D$503,P$2) -> 362 | AC14: =SUMIFS($F$3:$F$503,$C$3:$C$503,$N14,$D$3:$D$503,Q$2) -> 672.1 | AD14: =SUMIFS($F$3:$F$503,$C$3:$C$503,$N14,$D$3:$D$503,R$2) -> 177.3 | AE14: =AVERAGEIFS($I$3:$I$503,$C$3:$C$503,$N14) -> 18.142857 | AF14: =AVERAGEIFS($I$3:$I$503,$C$3:$C$503,$N14,$D$3:$D$503,P$2) -> 19 | AG14: =AVERAGEIFS($I$3:$I$503,$C$3:$C$503,$N14,$D$3:$D$503,Q$2) -> 17.5 | AH14: =AVERAGEIFS($I$3:$I$503,$C$3:$C$503,$N14,$D$3:$D$503,R$2) -> 19 | AI14: =IFERROR(AA14/(AE14*$L$2),"-") -> 8.3462598 | AJ14: =IFERROR(AB14/(AF14*$L$2),"-") -> 2.3815789 | AK14: =IFERROR(AC14/(AG14*$L$2),"-") -> 4.8007143 | AL14: =IFERROR(AD14/(AH14*$L$2),"-") -> 1.1664474 | AM14: =SUMIFS($G$3:$G$503,$C$3:$C$503,$N14) -> 1029.1 | AN14: =SUMIFS($G$3:$G$503,$C$3:$C$503,$N14,$D$3:$D$503,P$2) -> 303.4 | AO14: =SUMIFS($G$3:$G$503,$C$3:$C$503,$N14,$D$3:$D$503,Q$2) -> 579 | AP14: =SUMIFS($G$3:$G$503,$C$3:$C$503,$N14,$D$3:$D$503,R$2) -> 146.7 | AQ14: =AVERAGEIFS($J$3:$J$503,$C$3:$C$503,$N14) -> 15.571429 | AR14: =AVERAGEIFS($J$3:$J$503,$C$3:$C$503,$N14,$D$3:$D$503,P$2) -> 16 | AS14: =AVERAGEIFS($J$3:$J$503,$C$3:$C$503,$N14,$D$3:$D$503,Q$2) -> 15.25 | AT14: =AVERAGEIFS($J$3:$J$503,$C$3:$C$503,$N14,$D$3:$D$503,R$2) -> 16 | AU14: =IFERROR(AM14/(AQ14*$L$2),"-") -> 8.2611239 | AV14: =IFERROR(AN14/(AR14*$L$2),"-") -> 2.3703125 | AW14: =IFERROR(AO14/(AS14*$L$2),"-") -> 4.7459016 | AX14: =IFERROR(AP14/(AT14*$L$2),"-") -> 1.1460937
A15: 1205105 | B15: =_xlfn.XLOOKUP(A15,monthly_work_hours!A:A,monthly_work_hours!B:B) -> 엄중호 | C15: =_xlfn.XLOOKUP(A15,monthly_work_hours!A:A,monthly_work_hours!C:C) -> SL품질보증팀 | D15: =_xlfn.XLOOKUP(A15,monthly_work_hours!A:A,monthly_work_hours!D:D) -> 기능주임 | E15: =SUMIFS(monthly_work_hours!$K:$K,monthly_work_hours!$A:$A,'FTE 계산'!$A15,monthly_work_hours!$F:$F,'FTE 계산'!E$2) -> 103.6 | F15: =SUMIFS(monthly_work_hours!$K:$K,monthly_work_hours!$A:$A,'FTE 계산'!$A15,monthly_work_hours!$F:$F,'FTE 계산'!F$2) -> 95.7 | G15: =SUMIFS(monthly_work_hours!$K:$K,monthly_work_hours!$A:$A,'FTE 계산'!$A15,monthly_work_hours!$F:$F,'FTE 계산'!G$2) -> 97.8 | H15: =(SUMIFS(monthly_work_hours!$G:$G,monthly_work_hours!$A:$A,'FTE 계산'!$A15,monthly_work_hours!$F:$F,'FTE 계산'!H$2)) - (SUMIFS(monthly_work_hours!$J:$J,monthly_work_hours!$A:$A,'FTE 계산'!$A15,monthly_work_hours!$F:$F,'FTE 계산'!H$2)) -> 20 | I15: =(SUMIFS(monthly_work_hours!$G:$G,monthly_work_hours!$A:$A,'FTE 계산'!$A15,monthly_work_hours!$F:$F,'FTE 계산'!I$2)) - (SUMIFS(monthly_work_hours!$J:$J,monthly_work_hours!$A:$A,'FTE 계산'!$A15,monthly_work_hours!$F:$F,'FTE 계산'!I$2)) -> 19 | J15: =(SUMIFS(monthly_work_hours!$G:$G,monthly_work_hours!$A:$A,'FTE 계산'!$A15,monthly_work_hours!$F:$F,'FTE 계산'!J$2)) - (SUMIFS(monthly_work_hours!$J:$J,monthly_work_hours!$A:$A,'FTE 계산'!$A15,monthly_work_hours!$F:$F,'FTE 계산'!J$2)) -> 17 | N15: 관체사업팀 | O15: =SUMIFS($E$3:$E$503,$C$3:$C$503,$N15) -> 2093.3 | P15: =SUMIFS($E$3:$E$503,$C$3:$C$503,$N15,$D$3:$D$503,P$2) -> 779.5 | Q15: =SUMIFS($E$3:$E$503,$C$3:$C$503,$N15,$D$3:$D$503,Q$2) -> 1152.5 | R15: =SUMIFS($E$3:$E$503,$C$3:$C$503,$N15,$D$3:$D$503,R$2) -> 161.3 | S15: =AVERAGEIFS($H$3:$H$503,$C$3:$C$503,$N15) -> 17.909091 | T15: =AVERAGEIFS($H$3:$H$503,$C$3:$C$503,$N15,$D$3:$D$503,P$2) -> 18.5 | U15: =AVERAGEIFS($H$3:$H$503,$C$3:$C$503,$N15,$D$3:$D$503,Q$2) -> 17.333333 | V15: =AVERAGEIFS($H$3:$H$503,$C$3:$C$503,$N15,$D$3:$D$503,R$2) -> 19 | W15: =IFERROR(O15/(S15*$L$2),"-") -> 14.610596 | X15: =IFERROR(P15/(T15*$L$2),"-") -> 5.2668919 | Y15: =IFERROR(Q15/(U15*$L$2),"-") -> 8.3112981 | Z15: =IFERROR(R15/(V15*$L$2),"-") -> 1.0611842 | AA15: =SUMIFS($F$3:$F$503,$C$3:$C$503,$N15) -> 2411.9 | AB15: =SUMIFS($F$3:$F$503,$C$3:$C$503,$N15,$D$3:$D$503,P$2) -> 773.6 | AC15: =SUMIFS($F$3:$F$503,$C$3:$C$503,$N15,$D$3:$D$503,Q$2) -> 1478.1 | AD15: =SUMIFS($F$3:$F$503,$C$3:$C$503,$N15,$D$3:$D$503,R$2) -> 160.2 | AE15: =AVERAGEIFS($I$3:$I$503,$C$3:$C$503,$N15) -> 18 | AF15: =AVERAGEIFS($I$3:$I$503,$C$3:$C$503,$N15,$D$3:$D$503,P$2) -> 18.25 | AG15: =AVERAGEIFS($I$3:$I$503,$C$3:$C$503,$N15,$D$3:$D$503,Q$2) -> 17.833333 | AH15: =AVERAGEIFS($I$3:$I$503,$C$3:$C$503,$N15,$D$3:$D$503,R$2) -> 18 | AI15: =IFERROR(AA15/(AE15*$L$2),"-") -> 16.749306 | AJ15: =IFERROR(AB15/(AF15*$L$2),"-") -> 5.2986301 | AK15: =IFERROR(AC15/(AG15*$L$2),"-") -> 10.360514 | AL15: =IFERROR(AD15/(AH15*$L$2),"-") -> 1.1125 | AM15: =SUMIFS($G$3:$G$503,$C$3:$C$503,$N15) -> 1948.9 | AN15: =SUMIFS($G$3:$G$503,$C$3:$C$503,$N15,$D$3:$D$503,P$2) -> 632 | AO15: =SUMIFS($G$3:$G$503,$C$3:$C$503,$N15,$D$3:$D$503,Q$2) -> 1191.1 | AP15: =SUMIFS($G$3:$G$503,$C$3:$C$503,$N15,$D$3:$D$503,R$2) -> 125.8 | AQ15: =AVERAGEIFS($J$3:$J$503,$C$3:$C$503,$N15) -> 15.545455 | AR15: =AVERAGEIFS($J$3:$J$503,$C$3:$C$503,$N15,$D$3:$D$503,P$2) -> 15.75 | AS15: =AVERAGEIFS($J$3:$J$503,$C$3:$C$503,$N15,$D$3:$D$503,Q$2) -> 15.833333 | AT15: =AVERAGEIFS($J$3:$J$503,$C$3:$C$503,$N15,$D$3:$D$503,R$2) -> 13 | AU15: =IFERROR(AM15/(AQ15*$L$2),"-") -> 15.67098 | AV15: =IFERROR(AN15/(AR15*$L$2),"-") -> 5.015873 | AW15: =IFERROR(AO15/(AS15*$L$2),"-") -> 9.4034211 | AX15: =IFERROR(AP15/(AT15*$L$2),"-") -> 1.2096154
... A77: 1214099 | B77: =_xlfn.XLOOKUP(A77,monthly_work_hours!A:A,monthly_work_hours!B:B) -> 성열민 | C77: =_xlfn.XLOOKUP(A77,monthly_work_hours!A:A,monthly_work_hours!C:C) -> B/H사업팀 | D77: =_xlfn.XLOOKUP(A77,monthly_work_hours!A:A,monthly_work_hours!D:D) -> 책임 | E77: =SUMIFS(monthly_work_hours!$K:$K,monthly_work_hours!$A:$A,'FTE 계산'!$A77,monthly_work_hours!$F:$F,'FTE 계산'!E$2) -> 194.6 | F77: =SUMIFS(monthly_work_hours!$K:$K,monthly_work_hours!$A:$A,'FTE 계산'!$A77,monthly_work_hours!$F:$F,'FTE 계산'!F$2) -> 190.4 | G77: =SUMIFS(monthly_work_hours!$K:$K,monthly_work_hours!$A:$A,'FTE 계산'!$A77,monthly_work_hours!$F:$F,'FTE 계산'!G$2) -> 156.6 | H77: =(SUMIFS(monthly_work_hours!$G:$G,monthly_work_hours!$A:$A,'FTE 계산'!$A77,monthly_work_hours!$F:$F,'FTE 계산'!H$2)) - (SUMIFS(monthly_work_hours!$J:$J,monthly_work_hours!$A:$A,'FTE 계산'!$A77,monthly_work_hours!$F:$F,'FTE 계산'!H$2)) -> 19 | I77: =(SUMIFS(monthly_work_hours!$G:$G,monthly_work_hours!$A:$A,'FTE 계산'!$A77,monthly_work_hours!$F:$F,'FTE 계산'!I$2)) - (SUMIFS(monthly_work_hours!$J:$J,monthly_work_hours!$A:$A,'FTE 계산'!$A77,monthly_work_hours!$F:$F,'FTE 계산'!I$2)) -> 19 | J77: =(SUMIFS(monthly_work_hours!$G:$G,monthly_work_hours!$A:$A,'FTE 계산'!$A77,monthly_work_hours!$F:$F,'FTE 계산'!J$2)) - (SUMIFS(monthly_work_hours!$J:$J,monthly_work_hours!$A:$A,'FTE 계산'!$A77,monthly_work_hours!$F:$F,'FTE 계산'!J$2)) -> 16 | N77: 기술전략화팀 | O77: =SUMIFS($E$3:$E$503,$C$3:$C$503,$N77) -> 699 | P77: =SUMIFS($E$3:$E$503,$C$3:$C$503,$N77,$D$3:$D$503,P$2) -> 341.9 | Q77: =SUMIFS($E$3:$E$503,$C$3:$C$503,$N77,$D$3:$D$503,Q$2) -> 0 | R77: =SUMIFS($E$3:$E$503,$C$3:$C$503,$N77,$D$3:$D$503,R$2) -> 357.1 | S77: =AVERAGEIFS($H$3:$H$503,$C$3:$C$503,$N77) -> 18.25 | T77: =AVERAGEIFS($H$3:$H$503,$C$3:$C$503,$N77,$D$3:$D$503,P$2) -> 18 | U77: =AVERAGEIFS($H$3:$H$503,$C$3:$C$503,$N77,$D$3:$D$503,Q$2) -> #DIV/0! | V77: =AVERAGEIFS($H$3:$H$503,$C$3:$C$503,$N77,$D$3:$D$503,R$2) -> 18.5 | W77: =IFERROR(O77/(S77*$L$2),"-") -> 4.7876712 | X77: =IFERROR(P77/(T77*$L$2),"-") -> 2.3743056 | Y77: =IFERROR(Q77/(U77*$L$2),"-") -> - | Z77: =IFERROR(R77/(V77*$L$2),"-") -> 2.4128378 | AA77: =SUMIFS($F$3:$F$503,$C$3:$C$503,$N77) -> 658.5 | AB77: =SUMIFS($F$3:$F$503,$C$3:$C$503,$N77,$D$3:$D$503,P$2) -> 331 | AC77: =SUMIFS($F$3:$F$503,$C$3:$C$503,$N77,$D$3:$D$503,Q$2) -> 0 | AD77: =SUMIFS($F$3:$F$503,$C$3:$C$503,$N77,$D$3:$D$503,R$2) -> 327.5 | AE77: =AVERAGEIFS($I$3:$I$503,$C$3:$C$503,$N77) -> 17.5 | AF77: =AVERAGEIFS($I$3:$I$503,$C$3:$C$503,$N77,$D$3:$D$503,P$2) -> 17 | AG77: =AVERAGEIFS($I$3:$I$503,$C$3:$C$503,$N77,$D$3:$D$503,Q$2) -> #DIV/0! | AH77: =AVERAGEIFS($I$3:$I$503,$C$3:$C$503,$N77,$D$3:$D$503,R$2) -> 18 | AI77: =IFERROR(AA77/(AE77*$L$2),"-") -> 4.7035714 | AJ77: =IFERROR(AB77/(AF77*$L$2),"-") -> 2.4338235 | AK77: =IFERROR(AC77/(AG77*$L$2),"-") -> - | AL77: =IFERROR(AD77/(AH77*$L$2),"-") -> 2.2743056 | AM77: =SUMIFS($G$3:$G$503,$C$3:$C$503,$N77) -> 528 | AN77: =SUMIFS($G$3:$G$503,$C$3:$C$503,$N77,$D$3:$D$503,P$2) -> 247.3 | AO77: =SUMIFS($G$3:$G$503,$C$3:$C$503,$N77,$D$3:$D$503,Q$2) -> 0 | AP77: =SUMIFS($G$3:$G$503,$C$3:$C$503,$N77,$D$3:$D$503,R$2) -> 280.7 | AQ77: =AVERAGEIFS($J$3:$J$503,$C$3:$C$503,$N77) -> 14.5 | AR77: =AVERAGEIFS($J$3:$J$503,$C$3:$C$503,$N77,$D$3:$D$503,P$2) -> 13.5 | AS77: =AVERAGEIFS($J$3:$J$503,$C$3:$C$503,$N77,$D$3:$D$503,Q$2) -> #DIV/0! | AT77: =AVERAGEIFS($J$3:$J$503,$C$3:$C$503,$N77,$D$3:$D$503,R$2) -> 15.5 | AU77: =IFERROR(AM77/(AQ77*$L$2),"-") -> 4.5517241 | AV77: =IFERROR(AN77/(AR77*$L$2),"-") -> 2.2898148 | AW77: =IFERROR(AO77/(AS77*$L$2),"-") -> - | AX77: =IFERROR(AP77/(AT77*$L$2),"-") -> 2.2637097
A78: 1214104 | B78: =_xlfn.XLOOKUP(A78,monthly_work_hours!A:A,monthly_work_hours!B:B) -> 권순욱 | C78: =_xlfn.XLOOKUP(A78,monthly_work_hours!A:A,monthly_work_hours!C:C) -> 열관리사업팀 | D78: =_xlfn.XLOOKUP(A78,monthly_work_hours!A:A,monthly_work_hours!D:D) -> 선임 | E78: =SUMIFS(monthly_work_hours!$K:$K,monthly_work_hours!$A:$A,'FTE 계산'!$A78,monthly_work_hours!$F:$F,'FTE 계산'!E$2) -> 150.3 | F78: =SUMIFS(monthly_work_hours!$K:$K,monthly_work_hours!$A:$A,'FTE 계산'!$A78,monthly_work_hours!$F:$F,'FTE 계산'!F$2) -> 176.1 | G78: =SUMIFS(monthly_work_hours!$K:$K,monthly_work_hours!$A:$A,'FTE 계산'!$A78,monthly_work_hours!$F:$F,'FTE 계산'!G$2) -> 139.6 | H78: =(SUMIFS(monthly_work_hours!$G:$G,monthly_work_hours!$A:$A,'FTE 계산'!$A78,monthly_work_hours!$F:$F,'FTE 계산'!H$2)) - (SUMIFS(monthly_work_hours!$J:$J,monthly_work_hours!$A:$A,'FTE 계산'!$A78,monthly_work_hours!$F:$F,'FTE 계산'!H$2)) -> 16 | I78: =(SUMIFS(monthly_work_hours!$G:$G,monthly_work_hours!$A:$A,'FTE 계산'!$A78,monthly_work_hours!$F:$F,'FTE 계산'!I$2)) - (SUMIFS(monthly_work_hours!$J:$J,monthly_work_hours!$A:$A,'FTE 계산'!$A78,monthly_work_hours!$F:$F,'FTE 계산'!I$2)) -> 18 | J78: =(SUMIFS(monthly_work_hours!$G:$G,monthly_work_hours!$A:$A,'FTE 계산'!$A78,monthly_work_hours!$F:$F,'FTE 계산'!J$2)) - (SUMIFS(monthly_work_hours!$J:$J,monthly_work_hours!$A:$A,'FTE 계산'!$A78,monthly_work_hours!$F:$F,'FTE 계산'!J$2)) -> 15
A79: 1214105 | B79: =_xlfn.XLOOKUP(A79,monthly_work_hours!A:A,monthly_work_hours!B:B) -> 이기혁 | C79: =_xlfn.XLOOKUP(A79,monthly_work_hours!A:A,monthly_work_hours!C:C) -> SL구매팀 | D79: =_xlfn.XLOOKUP(A79,monthly_work_hours!A:A,monthly_work_hours!D:D) -> 선임 | E79: =SUMIFS(monthly_work_hours!$K:$K,monthly_work_hours!$A:$A,'FTE 계산'!$A79,monthly_work_hours!$F:$F,'FTE 계산'!E$2) -> 164.6 | F79: =SUMIFS(monthly_work_hours!$K:$K,monthly_work_hours!$A:$A,'FTE 계산'!$A79,monthly_work_hours!$F:$F,'FTE 계산'!F$2) -> 159.2 | G79: =SUMIFS(monthly_work_hours!$K:$K,monthly_work_hours!$A:$A,'FTE 계산'!$A79,monthly_work_hours!$F:$F,'FTE 계산'!G$2) -> 134.6 | H79: =(SUMIFS(monthly_work_hours!$G:$G,monthly_work_hours!$A:$A,'FTE 계산'!$A79,monthly_work_hours!$F:$F,'FTE 계산'!H$2)) - (SUMIFS(monthly_work_hours!$J:$J,monthly_work_hours!$A:$A,'FTE 계산'!$A79,monthly_work_hours!$F:$F,'FTE 계산'!H$2)) -> 18 | I79: =(SUMIFS(monthly_work_hours!$G:$G,monthly_work_hours!$A:$A,'FTE 계산'!$A79,monthly_work_hours!$F:$F,'FTE 계산'!I$2)) - (SUMIFS(monthly_work_hours!$J:$J,monthly_work_hours!$A:$A,'FTE 계산'!$A79,monthly_work_hours!$F:$F,'FTE 계산'!I$2)) -> 17 | J79: =(SUMIFS(monthly_work_hours!$G:$G,monthly_work_hours!$A:$A,'FTE 계산'!$A79,monthly_work_hours!$F:$F,'FTE 계산'!J$2)) - (SUMIFS(monthly_work_hours!$J:$J,monthly_work_hours!$A:$A,'FTE 계산'!$A79,monthly_work_hours!$F:$F,'FTE 계산'!J$2)) -> 14
A80: 1214138 | B80: =_xlfn.XLOOKUP(A80,monthly_work_hours!A:A,monthly_work_hours!B:B) -> 강동영 | C80: =_xlfn.XLOOKUP(A80,monthly_work_hours!A:A,monthly_work_hours!C:C) -> SL생산팀 | D80: =_xlfn.XLOOKUP(A80,monthly_work_hours!A:A,monthly_work_hours!D:D) -> 선임 | E80: =SUMIFS(monthly_work_hours!$K:$K,monthly_work_hours!$A:$A,'FTE 계산'!$A80,monthly_work_hours!$F:$F,'FTE 계산'!E$2) -> 46.8 | F80: =SUMIFS(monthly_work_hours!$K:$K,monthly_work_hours!$A:$A,'FTE 계산'!$A80,monthly_work_hours!$F:$F,'FTE 계산'!F$2) -> 75.2 | G80: =SUMIFS(monthly_work_hours!$K:$K,monthly_work_hours!$A:$A,'FTE 계산'!$A80,monthly_work_hours!$F:$F,'FTE 계산'!G$2) -> 29 | H80: =(SUMIFS(monthly_work_hours!$G:$G,monthly_work_hours!$A:$A,'FTE 계산'!$A80,monthly_work_hours!$F:$F,'FTE 계산'!H$2)) - (SUMIFS(monthly_work_hours!$J:$J,monthly_work_hours!$A:$A,'FTE 계산'!$A80,monthly_work_hours!$F:$F,'FTE 계산'!H$2)) -> 8 | I80: =(SUMIFS(monthly_work_hours!$G:$G,monthly_work_hours!$A:$A,'FTE 계산'!$A80,monthly_work_hours!$F:$F,'FTE 계산'!I$2)) - (SUMIFS(monthly_work_hours!$J:$J,monthly_work_hours!$A:$A,'FTE 계산'!$A80,monthly_work_hours!$F:$F,'FTE 계산'!I$2)) -> 11 | J80: =(SUMIFS(monthly_work_hours!$G:$G,monthly_work_hours!$A:$A,'FTE 계산'!$A80,monthly_work_hours!$F:$F,'FTE 계산'!J$2)) - (SUMIFS(monthly_work_hours!$J:$J,monthly_work_hours!$A:$A,'FTE 계산'!$A80,monthly_work_hours!$F:$F,'FTE 계산'!J$2)) -> 6
A81: 1214159 | B81: =_xlfn.XLOOKUP(A81,monthly_work_hours!A:A,monthly_work_hours!B:B) -> 이재혁 | C81: =_xlfn.XLOOKUP(A81,monthly_work_hours!A:A,monthly_work_hours!C:C) -> SL영업팀 | D81: =_xlfn.XLOOKUP(A81,monthly_work_hours!A:A,monthly_work_hours!D:D) -> 선임 | E81: =SUMIFS(monthly_work_hours!$K:$K,monthly_work_hours!$A:$A,'FTE 계산'!$A81,monthly_work_hours!$F:$F,'FTE 계산'!E$2) -> 164 | F81: =SUMIFS(monthly_work_hours!$K:$K,monthly_work_hours!$A:$A,'FTE 계산'!$A81,monthly_work_hours!$F:$F,'FTE 계산'!F$2) -> 187.5 | G81: =SUMIFS(monthly_work_hours!$K:$K,monthly_work_hours!$A:$A,'FTE 계산'!$A81,monthly_work_hours!$F:$F,'FTE 계산'!G$2) -> 136.1 | H81: =(SUMIFS(monthly_work_hours!$G:$G,monthly_work_hours!$A:$A,'FTE 계산'!$A81,monthly_work_hours!$F:$F,'FTE 계산'!H$2)) - (SUMIFS(monthly_work_hours!$J:$J,monthly_work_hours!$A:$A,'FTE 계산'!$A81,monthly_work_hours!$F:$F,'FTE 계산'!H$2)) -> 18 | I81: =(SUMIFS(monthly_work_hours!$G:$G,monthly_work_hours!$A:$A,'FTE 계산'!$A81,monthly_work_hours!$F:$F,'FTE 계산'!I$2)) - (SUMIFS(monthly_work_hours!$J:$J,monthly_work_hours!$A:$A,'FTE 계산'!$A81,monthly_work_hours!$F:$F,'FTE 계산'!I$2)) -> 20 | J81: =(SUMIFS(monthly_work_hours!$G:$G,monthly_work_hours!$A:$A,'FTE 계산'!$A81,monthly_work_hours!$F:$F,'FTE 계산'!J$2)) - (SUMIFS(monthly_work_hours!$J:$J,monthly_work_hours!$A:$A,'FTE 계산'!$A81,monthly_work_hours!$F:$F,'FTE 계산'!J$2)) -> 16
A82: 1214162 | B82: =_xlfn.XLOOKUP(A82,monthly_work_hours!A:A,monthly_work_hours!B:B) -> 김재만 | C82: =_xlfn.XLOOKUP(A82,monthly_work_hours!A:A,monthly_work_hours!C:C) -> 상생협력팀 | D82: =_xlfn.XLOOKUP(A82,monthly_work_hours!A:A,monthly_work_hours!D:D) -> 선임 | E82: =SUMIFS(monthly_work_hours!$K:$K,monthly_work_hours!$A:$A,'FTE 계산'!$A82,monthly_work_hours!$F:$F,'FTE 계산'!E$2) -> 170.5 | F82: =SUMIFS(monthly_work_hours!$K:$K,monthly_work_hours!$A:$A,'FTE 계산'!$A82,monthly_work_hours!$F:$F,'FTE 계산'!F$2) -> 191.9 | G82: =SUMIFS(monthly_work_hours!$K:$K,monthly_work_hours!$A:$A,'FTE 계산'!$A82,monthly_work_hours!$F:$F,'FTE 계산'!G$2) -> 133 | H82: =(SUMIFS(monthly_work_hours!$G:$G,monthly_work_hours!$A:$A,'FTE 계산'!$A82,monthly_work_hours!$F:$F,'FTE 계산'!H$2)) - (SUMIFS(monthly_work_hours!$J:$J,monthly_work_hours!$A:$A,'FTE 계산'!$A82,monthly_work_hours!$F:$F,'FTE 계산'!H$2)) -> 18 | I82: =(SUMIFS(monthly_work_hours!$G:$G,monthly_work_hours!$A:$A,'FTE 계산'!$A82,monthly_work_hours!$F:$F,'FTE 계산'!I$2)) - (SUMIFS(monthly_work_hours!$J:$J,monthly_work_hours!$A:$A,'FTE 계산'!$A82,monthly_work_hours!$F:$F,'FTE 계산'!I$2)) -> 19 | J82: =(SUMIFS(monthly_work_hours!$G:$G,monthly_work_hours!$A:$A,'FTE 계산'!$A82,monthly_work_hours!$F:$F,'FTE 계산'!J$2)) - (SUMIFS(monthly_work_hours!$J:$J,monthly_work_hours!$A:$A,'FTE 계산'!$A82,monthly_work_hours!$F:$F,'FTE 계산'!J$2)) -> 15
A83: 1214163 | B83: =_xlfn.XLOOKUP(A83,monthly_work_hours!A:A,monthly_work_hours!B:B) -> 정종현 | C83: =_xlfn.XLOOKUP(A83,monthly_work_hours!A:A,monthly_work_hours!C:C) -> 관체사업팀 | D83: =_xlfn.XLOOKUP(A83,monthly_work_hours!A:A,monthly_work_hours!D:D) -> 선임 | E83: =SUMIFS(monthly_work_hours!$K:$K,monthly_work_hours!$A:$A,'FTE 계산'!$A83,monthly_work_hours!$F:$F,'FTE 계산'!E$2) -> 185 | F83: =SUMIFS(monthly_work_hours!$K:$K,monthly_work_hours!$A:$A,'FTE 계산'!$A83,monthly_work_hours!$F:$F,'FTE 계산'!F$2) -> 179.6 | G83: =SUMIFS(monthly_work_hours!$K:$K,monthly_work_hours!$A:$A,'FTE 계산'!$A83,monthly_work_hours!$F:$F,'FTE 계산'!G$2) -> 146.7 | H83: =(SUMIFS(monthly_work_hours!$G:$G,monthly_work_hours!$A:$A,'FTE 계산'!$A83,monthly_work_hours!$F:$F,'FTE 계산'!H$2)) - (SUMIFS(monthly_work_hours!$J:$J,monthly_work_hours!$A:$A,'FTE 계산'!$A83,monthly_work_hours!$F:$F,'FTE 계산'!H$2)) -> 18 | I83: =(SUMIFS(monthly_work_hours!$G:$G,monthly_work_hours!$A:$A,'FTE 계산'!$A83,monthly_work_hours!$F:$F,'FTE 계산'!I$2)) - (SUMIFS(monthly_work_hours!$J:$J,monthly_work_hours!$A:$A,'FTE 계산'!$A83,monthly_work_hours!$F:$F,'FTE 계산'!I$2)) -> 17 | J83: =(SUMIFS(monthly_work_hours!$G:$G,monthly_work_hours!$A:$A,'FTE 계산'!$A83,monthly_work_hours!$F:$F,'FTE 계산'!J$2)) - (SUMIFS(monthly_work_hours!$J:$J,monthly_work_hours!$A:$A,'FTE 계산'!$A83,monthly_work_hours!$F:$F,'FTE 계산'!J$2)) -> 15
A84: 1214164 | B84: =_xlfn.XLOOKUP(A84,monthly_work_hours!A:A,monthly_work_hours!B:B) -> 정성민 | C84: =_xlfn.XLOOKUP(A84,monthly_work_hours!A:A,monthly_work_hours!C:C) -> 관체사업팀 | D84: =_xlfn.XLOOKUP(A84,monthly_work_hours!A:A,monthly_work_hours!D:D) -> 선임 | E84: =SUMIFS(monthly_work_hours!$K:$K,monthly_work_hours!$A:$A,'FTE 계산'!$A84,monthly_work_hours!$F:$F,'FTE 계산'!E$2) -> 223.1 | F84: =SUMIFS(monthly_work_hours!$K:$K,monthly_work_hours!$A:$A,'FTE 계산'!$A84,monthly_work_hours!$F:$F,'FTE 계산'!F$2) -> 571.6 | G84: =SUMIFS(monthly_work_hours!$K:$K,monthly_work_hours!$A:$A,'FTE 계산'!$A84,monthly_work_hours!$F:$F,'FTE 계산'!G$2) -> 433.1 | H84: =(SUMIFS(monthly_work_hours!$G:$G,monthly_work_hours!$A:$A,'FTE 계산'!$A84,monthly_work_hours!$F:$F,'FTE 계산'!H$2)) - (SUMIFS(monthly_work_hours!$J:$J,monthly_work_hours!$A:$A,'FTE 계산'!$A84,monthly_work_hours!$F:$F,'FTE 계산'!H$2)) -> 13 | I84: =(SUMIFS(monthly_work_hours!$G:$G,monthly_work_hours!$A:$A,'FTE 계산'!$A84,monthly_work_hours!$F:$F,'FTE 계산'!I$2)) - (SUMIFS(monthly_work_hours!$J:$J,monthly_work_hours!$A:$A,'FTE 계산'!$A84,monthly_work_hours!$F:$F,'FTE 계산'!I$2)) -> 19 | J84: =(SUMIFS(monthly_work_hours!$G:$G,monthly_work_hours!$A:$A,'FTE 계산'!$A84,monthly_work_hours!$F:$F,'FTE 계산'!J$2)) - (SUMIFS(monthly_work_hours!$J:$J,monthly_work_hours!$A:$A,'FTE 계산'!$A84,monthly_work_hours!$F:$F,'FTE 계산'!J$2)) -> 17
A85: 1214165 | B85: =_xlfn.XLOOKUP(A85,monthly_work_hours!A:A,monthly_work_hours!B:B) -> 서성환 | C85: =_xlfn.XLOOKUP(A85,monthly_work_hours!A:A,monthly_work_hours!C:C) -> B/H사업팀 | D85: =_xlfn.XLOOKUP(A85,monthly_work_hours!A:A,monthly_work_hours!D:D) -> 선임 | E85: =SUMIFS(monthly_work_hours!$K:$K,monthly_work_hours!$A:$A,'FTE 계산'!$A85,monthly_work_hours!$F:$F,'FTE 계산'!E$2) -> 171.1 | F85: =SUMIFS(monthly_work_hours!$K:$K,monthly_work_hours!$A:$A,'FTE 계산'!$A85,monthly_work_hours!$F:$F,'FTE 계산'!F$2) -> 165.3 | G85: =SUMIFS(monthly_work_hours!$K:$K,monthly_work_hours!$A:$A,'FTE 계산'!$A85,monthly_work_hours!$F:$F,'FTE 계산'!G$2) -> 136.6 | H85: =(SUMIFS(monthly_work_hours!$G:$G,monthly_work_hours!$A:$A,'FTE 계산'!$A85,monthly_work_hours!$F:$F,'FTE 계산'!H$2)) - (SUMIFS(monthly_work_hours!$J:$J,monthly_work_hours!$A:$A,'FTE 계산'!$A85,monthly_work_hours!$F:$F,'FTE 계산'!H$2)) -> 19 | I85: =(SUMIFS(monthly_work_hours!$G:$G,monthly_work_hours!$A:$A,'FTE 계산'!$A85,monthly_work_hours!$F:$F,'FTE 계산'!I$2)) - (SUMIFS(monthly_work_hours!$J:$J,monthly_work_hours!$A:$A,'FTE 계산'!$A85,monthly_work_hours!$F:$F,'FTE 계산'!I$2)) -> 18 | J85: =(SUMIFS(monthly_work_hours!$G:$G,monthly_work_hours!$A:$A,'FTE 계산'!$A85,monthly_work_hours!$F:$F,'FTE 계산'!J$2)) - (SUMIFS(monthly_work_hours!$J:$J,monthly_work_hours!$A:$A,'FTE 계산'!$A85,monthly_work_hours!$F:$F,'FTE 계산'!J$2)) -> 16
A86: 1214170 | B86: =_xlfn.XLOOKUP(A86,monthly_work_hours!A:A,monthly_work_hours!B:B) -> 김병주 | C86: =_xlfn.XLOOKUP(A86,monthly_work_hours!A:A,monthly_work_hours!C:C) -> Brake설계팀 | D86: =_xlfn.XLOOKUP(A86,monthly_work_hours!A:A,monthly_work_hours!D:D) -> 선임 | E86: =SUMIFS(monthly_work_hours!$K:$K,monthly_work_hours!$A:$A,'FTE 계산'!$A86,monthly_work_hours!$F:$F,'FTE 계산'!E$2) -> 706.4 | F86: =SUMIFS(monthly_work_hours!$K:$K,monthly_work_hours!$A:$A,'FTE 계산'!$A86,monthly_work_hours!$F:$F,'FTE 계산'!F$2) -> 728.4 | G86: =SUMIFS(monthly_work_hours!$K:$K,monthly_work_hours!$A:$A,'FTE 계산'!$A86,monthly_work_hours!$F:$F,'FTE 계산'!G$2) -> 611.6 | H86: =(SUMIFS(monthly_work_hours!$G:$G,monthly_work_hours!$A:$A,'FTE 계산'!$A86,monthly_work_hours!$F:$F,'FTE 계산'!H$2)) - (SUMIFS(monthly_work_hours!$J:$J,monthly_work_hours!$A:$A,'FTE 계산'!$A86,monthly_work_hours!$F:$F,'FTE 계산'!H$2)) -> 21 | I86: =(SUMIFS(monthly_work_hours!$G:$G,monthly_work_hours!$A:$A,'FTE 계산'!$A86,monthly_work_hours!$F:$F,'FTE 계산'!I$2)) - (SUMIFS(monthly_work_hours!$J:$J,monthly_work_hours!$A:$A,'FTE 계산'!$A86,monthly_work_hours!$F:$F,'FTE 계산'!I$2)) -> 23 | J86: =(SUMIFS(monthly_work_hours!$G:$G,monthly_work_hours!$A:$A,'FTE 계산'!$A86,monthly_work_hours!$F:$F,'FTE 계산'!J$2)) - (SUMIFS(monthly_work_hours!$J:$J,monthly_work_hours!$A:$A,'FTE 계산'!$A86,monthly_work_hours!$F:$F,'FTE 계산'!J$2)) -> 18
A87: 1214178 | B87: =_xlfn.XLOOKUP(A87,monthly_work_hours!A:A,monthly_work_hours!B:B) -> 최문석 | C87: =_xlfn.XLOOKUP(A87,monthly_work_hours!A:A,monthly_work_hours!C:C) -> SL설계팀 | D87: =_xlfn.XLOOKUP(A87,monthly_work_hours!A:A,monthly_work_hours!D:D) -> 선임 | E87: =SUMIFS(monthly_work_hours!$K:$K,monthly_work_hours!$A:$A,'FTE 계산'!$A87,monthly_work_hours!$F:$F,'FTE 계산'!E$2) -> 151.8 | F87: =SUMIFS(monthly_work_hours!$K:$K,monthly_work_hours!$A:$A,'FTE 계산'!$A87,monthly_work_hours!$F:$F,'FTE 계산'!F$2) -> 110 | G87: =SUMIFS(monthly_work_hours!$K:$K,monthly_work_hours!$A:$A,'FTE 계산'!$A87,monthly_work_hours!$F:$F,'FTE 계산'!G$2) -> 92 | H87: =(SUMIFS(monthly_work_hours!$G:$G,monthly_work_hours!$A:$A,'FTE 계산'!$A87,monthly_work_hours!$F:$F,'FTE 계산'!H$2)) - (SUMIFS(monthly_work_hours!$J:$J,monthly_work_hours!$A:$A,'FTE 계산'!$A87,monthly_work_hours!$F:$F,'FTE 계산'!H$2)) -> 16 | I87: =(SUMIFS(monthly_work_hours!$G:$G,monthly_work_hours!$A:$A,'FTE 계산'!$A87,monthly_work_hours!$F:$F,'FTE 계산'!I$2)) - (SUMIFS(monthly_work_hours!$J:$J,monthly_work_hours!$A:$A,'FTE 계산'!$A87,monthly_work_hours!$F:$F,'FTE 계산'!I$2)) -> 13 | J87: =(SUMIFS(monthly_work_hours!$G:$G,monthly_work_hours!$A:$A,'FTE 계산'!$A87,monthly_work_hours!$F:$F,'FTE 계산'!J$2)) - (SUMIFS(monthly_work_hours!$J:$J,monthly_work_hours!$A:$A,'FTE 계산'!$A87,monthly_work_hours!$F:$F,'FTE 계산'!J$2)) -> 11
A88: 1214181 | B88: =_xlfn.XLOOKUP(A88,monthly_work_hours!A:A,monthly_work_hours!B:B) -> 이종성 | C88: =_xlfn.XLOOKUP(A88,monthly_work_hours!A:A,monthly_work_hours!C:C) -> 열관리설계팀 | D88: =_xlfn.XLOOKUP(A88,monthly_work_hours!A:A,monthly_work_hours!D:D) -> 책임 | E88: =SUMIFS(monthly_work_hours!$K:$K,monthly_work_hours!$A:$A,'FTE 계산'!$A88,monthly_work_hours!$F:$F,'FTE 계산'!E$2) -> 705.6 | F88: =SUMIFS(monthly_work_hours!$K:$K,monthly_work_hours!$A:$A,'FTE 계산'!$A88,monthly_work_hours!$F:$F,'FTE 계산'!F$2) -> 563.6 | G88: =SUMIFS(monthly_work_hours!$K:$K,monthly_work_hours!$A:$A,'FTE 계산'!$A88,monthly_work_hours!$F:$F,'FTE 계산'!G$2) -> 451.1 | H88: =(SUMIFS(monthly_work_hours!$G:$G,monthly_work_hours!$A:$A,'FTE 계산'!$A88,monthly_work_hours!$F:$F,'FTE 계산'!H$2)) - (SUMIFS(monthly_work_hours!$J:$J,monthly_work_hours!$A:$A,'FTE 계산'!$A88,monthly_work_hours!$F:$F,'FTE 계산'!H$2)) -> 21 | I88: =(SUMIFS(monthly_work_hours!$G:$G,monthly_work_hours!$A:$A,'FTE 계산'!$A88,monthly_work_hours!$F:$F,'FTE 계산'!I$2)) - (SUMIFS(monthly_work_hours!$J:$J,monthly_work_hours!$A:$A,'FTE 계산'!$A88,monthly_work_hours!$F:$F,'FTE 계산'!I$2)) -> 18 | J88: =(SUMIFS(monthly_work_hours!$G:$G,monthly_work_hours!$A:$A,'FTE 계산'!$A88,monthly_work_hours!$F:$F,'FTE 계산'!J$2)) - (SUMIFS(monthly_work_hours!$J:$J,monthly_work_hours!$A:$A,'FTE 계산'!$A88,monthly_work_hours!$F:$F,'FTE 계산'!J$2)) -> 17
A89: 1214201 | B89: =_xlfn.XLOOKUP(A89,monthly_work_hours!A:A,monthly_work_hours!B:B) -> 박기범 | C89: =_xlfn.XLOOKUP(A89,monthly_work_hours!A:A,monthly_work_hours!C:C) -> SL생산기술팀 | D89: =_xlfn.XLOOKUP(A89,monthly_work_hours!A:A,monthly_work_hours!D:D) -> 책임 | E89: =SUMIFS(monthly_work_hours!$K:$K,monthly_work_hours!$A:$A,'FTE 계산'!$A89,monthly_work_hours!$F:$F,'FTE 계산'!E$2) -> 192.8 | F89: =SUMIFS(monthly_work_hours!$K:$K,monthly_work_hours!$A:$A,'FTE 계산'!$A89,monthly_work_hours!$F:$F,'FTE 계산'!F$2) -> 173 | G89: =SUMIFS(monthly_work_hours!$K:$K,monthly_work_hours!$A:$A,'FTE 계산'!$A89,monthly_work_hours!$F:$F,'FTE 계산'!G$2) -> 113.5 | H89: =(SUMIFS(monthly_work_hours!$G:$G,monthly_work_hours!$A:$A,'FTE 계산'!$A89,monthly_work_hours!$F:$F,'FTE 계산'!H$2)) - (SUMIFS(monthly_work_hours!$J:$J,monthly_work_hours!$A:$A,'FTE 계산'!$A89,monthly_work_hours!$F:$F,'FTE 계산'!H$2)) -> 15 | I89: =(SUMIFS(monthly_work_hours!$G:$G,monthly_work_hours!$A:$A,'FTE 계산'!$A89,monthly_work_hours!$F:$F,'FTE 계산'!I$2)) - (SUMIFS(monthly_work_hours!$J:$J,monthly_work_hours!$A:$A,'FTE 계산'!$A89,monthly_work_hours!$F:$F,'FTE 계산'!I$2)) -> 18 | J89: =(SUMIFS(monthly_work_hours!$G:$G,monthly_work_hours!$A:$A,'FTE 계산'!$A89,monthly_work_hours!$F:$F,'FTE 계산'!J$2)) - (SUMIFS(monthly_work_hours!$J:$J,monthly_work_hours!$A:$A,'FTE 계산'!$A89,monthly_work_hours!$F:$F,'FTE 계산'!J$2)) -> 12
... A253: 1225079 | B253: =_xlfn.XLOOKUP(A253,monthly_work_hours!A:A,monthly_work_hours!B:B) -> 이현민 | C253: =_xlfn.XLOOKUP(A253,monthly_work_hours!A:A,monthly_work_hours!C:C) -> 열관리설계팀 | D253: =_xlfn.XLOOKUP(A253,monthly_work_hours!A:A,monthly_work_hours!D:D) -> 사원 | E253: =SUMIFS(monthly_work_hours!$K:$K,monthly_work_hours!$A:$A,'FTE 계산'!$A253,monthly_work_hours!$F:$F,'FTE 계산'!E$2) -> 0 | F253: =SUMIFS(monthly_work_hours!$K:$K,monthly_work_hours!$A:$A,'FTE 계산'!$A253,monthly_work_hours!$F:$F,'FTE 계산'!F$2) -> 0 | G253: =SUMIFS(monthly_work_hours!$K:$K,monthly_work_hours!$A:$A,'FTE 계산'!$A253,monthly_work_hours!$F:$F,'FTE 계산'!G$2) -> 26.1 | H253: =(SUMIFS(monthly_work_hours!$G:$G,monthly_work_hours!$A:$A,'FTE 계산'!$A253,monthly_work_hours!$F:$F,'FTE 계산'!H$2)) - (SUMIFS(monthly_work_hours!$J:$J,monthly_work_hours!$A:$A,'FTE 계산'!$A253,monthly_work_hours!$F:$F,'FTE 계산'!H$2)) -> 0 | I253: =(SUMIFS(monthly_work_hours!$G:$G,monthly_work_hours!$A:$A,'FTE 계산'!$A253,monthly_work_hours!$F:$F,'FTE 계산'!I$2)) - (SUMIFS(monthly_work_hours!$J:$J,monthly_work_hours!$A:$A,'FTE 계산'!$A253,monthly_work_hours!$F:$F,'FTE 계산'!I$2)) -> 0 | J253: =(SUMIFS(monthly_work_hours!$G:$G,monthly_work_hours!$A:$A,'FTE 계산'!$A253,monthly_work_hours!$F:$F,'FTE 계산'!J$2)) - (SUMIFS(monthly_work_hours!$J:$J,monthly_work_hours!$A:$A,'FTE 계산'!$A253,monthly_work_hours!$F:$F,'FTE 계산'!J$2)) -> 3
A254: G221028 | B254: =_xlfn.XLOOKUP(A254,monthly_work_hours!A:A,monthly_work_hours!B:B) -> 박규안 | C254: =_xlfn.XLOOKUP(A254,monthly_work_hours!A:A,monthly_work_hours!C:C) -> 비서팀 | D254: =_xlfn.XLOOKUP(A254,monthly_work_hours!A:A,monthly_work_hours!D:D) -> 책임 | E254: =SUMIFS(monthly_work_hours!$K:$K,monthly_work_hours!$A:$A,'FTE 계산'!$A254,monthly_work_hours!$F:$F,'FTE 계산'!E$2) -> 182.7 | F254: =SUMIFS(monthly_work_hours!$K:$K,monthly_work_hours!$A:$A,'FTE 계산'!$A254,monthly_work_hours!$F:$F,'FTE 계산'!F$2) -> 181.8 | G254: =SUMIFS(monthly_work_hours!$K:$K,monthly_work_hours!$A:$A,'FTE 계산'!$A254,monthly_work_hours!$F:$F,'FTE 계산'!G$2) -> 150.8 | H254: =(SUMIFS(monthly_work_hours!$G:$G,monthly_work_hours!$A:$A,'FTE 계산'!$A254,monthly_work_hours!$F:$F,'FTE 계산'!H$2)) - (SUMIFS(monthly_work_hours!$J:$J,monthly_work_hours!$A:$A,'FTE 계산'!$A254,monthly_work_hours!$F:$F,'FTE 계산'!H$2)) -> 19 | I254: =(SUMIFS(monthly_work_hours!$G:$G,monthly_work_hours!$A:$A,'FTE 계산'!$A254,monthly_work_hours!$F:$F,'FTE 계산'!I$2)) - (SUMIFS(monthly_work_hours!$J:$J,monthly_work_hours!$A:$A,'FTE 계산'!$A254,monthly_work_hours!$F:$F,'FTE 계산'!I$2)) -> 19 | J254: =(SUMIFS(monthly_work_hours!$G:$G,monthly_work_hours!$A:$A,'FTE 계산'!$A254,monthly_work_hours!$F:$F,'FTE 계산'!J$2)) - (SUMIFS(monthly_work_hours!$J:$J,monthly_work_hours!$A:$A,'FTE 계산'!$A254,monthly_work_hours!$F:$F,'FTE 계산'!J$2)) -> 16
A255: G221035 | B255: =_xlfn.XLOOKUP(A255,monthly_work_hours!A:A,monthly_work_hours!B:B) -> 김현우 | C255: =_xlfn.XLOOKUP(A255,monthly_work_hours!A:A,monthly_work_hours!C:C) -> 내부회계관리팀 | D255: =_xlfn.XLOOKUP(A255,monthly_work_hours!A:A,monthly_work_hours!D:D) -> 책임 | E255: =SUMIFS(monthly_work_hours!$K:$K,monthly_work_hours!$A:$A,'FTE 계산'!$A255,monthly_work_hours!$F:$F,'FTE 계산'!E$2) -> 135.3 | F255: =SUMIFS(monthly_work_hours!$K:$K,monthly_work_hours!$A:$A,'FTE 계산'!$A255,monthly_work_hours!$F:$F,'FTE 계산'!F$2) -> 233.7 | G255: =SUMIFS(monthly_work_hours!$K:$K,monthly_work_hours!$A:$A,'FTE 계산'!$A255,monthly_work_hours!$F:$F,'FTE 계산'!G$2) -> 181.8 | H255: =(SUMIFS(monthly_work_hours!$G:$G,monthly_work_hours!$A:$A,'FTE 계산'!$A255,monthly_work_hours!$F:$F,'FTE 계산'!H$2)) - (SUMIFS(monthly_work_hours!$J:$J,monthly_work_hours!$A:$A,'FTE 계산'!$A255,monthly_work_hours!$F:$F,'FTE 계산'!H$2)) -> 16 | I255: =(SUMIFS(monthly_work_hours!$G:$G,monthly_work_hours!$A:$A,'FTE 계산'!$A255,monthly_work_hours!$F:$F,'FTE 계산'!I$2)) - (SUMIFS(monthly_work_hours!$J:$J,monthly_work_hours!$A:$A,'FTE 계산'!$A255,monthly_work_hours!$F:$F,'FTE 계산'!I$2)) -> 22 | J255: =(SUMIFS(monthly_work_hours!$G:$G,monthly_work_hours!$A:$A,'FTE 계산'!$A255,monthly_work_hours!$F:$F,'FTE 계산'!J$2)) - (SUMIFS(monthly_work_hours!$J:$J,monthly_work_hours!$A:$A,'FTE 계산'!$A255,monthly_work_hours!$F:$F,'FTE 계산'!J$2)) -> 17
A256: G221036 | B256: =_xlfn.XLOOKUP(A256,monthly_work_hours!A:A,monthly_work_hours!B:B) -> 유동진 | C256: =_xlfn.XLOOKUP(A256,monthly_work_hours!A:A,monthly_work_hours!C:C) -> 기획팀 | D256: =_xlfn.XLOOKUP(A256,monthly_work_hours!A:A,monthly_work_hours!D:D) -> 책임 | E256: =SUMIFS(monthly_work_hours!$K:$K,monthly_work_hours!$A:$A,'FTE 계산'!$A256,monthly_work_hours!$F:$F,'FTE 계산'!E$2) -> 205.3 | F256: =SUMIFS(monthly_work_hours!$K:$K,monthly_work_hours!$A:$A,'FTE 계산'!$A256,monthly_work_hours!$F:$F,'FTE 계산'!F$2) -> 222.2 | G256: =SUMIFS(monthly_work_hours!$K:$K,monthly_work_hours!$A:$A,'FTE 계산'!$A256,monthly_work_hours!$F:$F,'FTE 계산'!G$2) -> 173 | H256: =(SUMIFS(monthly_work_hours!$G:$G,monthly_work_hours!$A:$A,'FTE 계산'!$A256,monthly_work_hours!$F:$F,'FTE 계산'!H$2)) - (SUMIFS(monthly_work_hours!$J:$J,monthly_work_hours!$A:$A,'FTE 계산'!$A256,monthly_work_hours!$F:$F,'FTE 계산'!H$2)) -> 19 | I256: =(SUMIFS(monthly_work_hours!$G:$G,monthly_work_hours!$A:$A,'FTE 계산'!$A256,monthly_work_hours!$F:$F,'FTE 계산'!I$2)) - (SUMIFS(monthly_work_hours!$J:$J,monthly_work_hours!$A:$A,'FTE 계산'!$A256,monthly_work_hours!$F:$F,'FTE 계산'!I$2)) -> 19 | J256: =(SUMIFS(monthly_work_hours!$G:$G,monthly_work_hours!$A:$A,'FTE 계산'!$A256,monthly_work_hours!$F:$F,'FTE 계산'!J$2)) - (SUMIFS(monthly_work_hours!$J:$J,monthly_work_hours!$A:$A,'FTE 계산'!$A256,monthly_work_hours!$F:$F,'FTE 계산'!J$2)) -> 16
A257: G221037 | B257: =_xlfn.XLOOKUP(A257,monthly_work_hours!A:A,monthly_work_hours!B:B) -> 강현웅 | C257: =_xlfn.XLOOKUP(A257,monthly_work_hours!A:A,monthly_work_hours!C:C) -> 기획팀 | D257: =_xlfn.XLOOKUP(A257,monthly_work_hours!A:A,monthly_work_hours!D:D) -> 책임 | E257: =SUMIFS(monthly_work_hours!$K:$K,monthly_work_hours!$A:$A,'FTE 계산'!$A257,monthly_work_hours!$F:$F,'FTE 계산'!E$2) -> 227.5 | F257: =SUMIFS(monthly_work_hours!$K:$K,monthly_work_hours!$A:$A,'FTE 계산'!$A257,monthly_work_hours!$F:$F,'FTE 계산'!F$2) -> 200.1 | G257: =SUMIFS(monthly_work_hours!$K:$K,monthly_work_hours!$A:$A,'FTE 계산'!$A257,monthly_work_hours!$F:$F,'FTE 계산'!G$2) -> 115.9 | H257: =(SUMIFS(monthly_work_hours!$G:$G,monthly_work_hours!$A:$A,'FTE 계산'!$A257,monthly_work_hours!$F:$F,'FTE 계산'!H$2)) - (SUMIFS(monthly_work_hours!$J:$J,monthly_work_hours!$A:$A,'FTE 계산'!$A257,monthly_work_hours!$F:$F,'FTE 계산'!H$2)) -> 19 | I257: =(SUMIFS(monthly_work_hours!$G:$G,monthly_work_hours!$A:$A,'FTE 계산'!$A257,monthly_work_hours!$F:$F,'FTE 계산'!I$2)) - (SUMIFS(monthly_work_hours!$J:$J,monthly_work_hours!$A:$A,'FTE 계산'!$A257,monthly_work_hours!$F:$F,'FTE 계산'!I$2)) -> 19 | J257: =(SUMIFS(monthly_work_hours!$G:$G,monthly_work_hours!$A:$A,'FTE 계산'!$A257,monthly_work_hours!$F:$F,'FTE 계산'!J$2)) - (SUMIFS(monthly_work_hours!$J:$J,monthly_work_hours!$A:$A,'FTE 계산'!$A257,monthly_work_hours!$F:$F,'FTE 계산'!J$2)) -> 13
A258: G221038 | B258: =_xlfn.XLOOKUP(A258,monthly_work_hours!A:A,monthly_work_hours!B:B) -> 전재민 | C258: =_xlfn.XLOOKUP(A258,monthly_work_hours!A:A,monthly_work_hours!C:C) -> Marketing팀 | D258: =_xlfn.XLOOKUP(A258,monthly_work_hours!A:A,monthly_work_hours!D:D) -> 책임 | E258: =SUMIFS(monthly_work_hours!$K:$K,monthly_work_hours!$A:$A,'FTE 계산'!$A258,monthly_work_hours!$F:$F,'FTE 계산'!E$2) -> 180.3 | F258: =SUMIFS(monthly_work_hours!$K:$K,monthly_work_hours!$A:$A,'FTE 계산'!$A258,monthly_work_hours!$F:$F,'FTE 계산'!F$2) -> 185.5 | G258: =SUMIFS(monthly_work_hours!$K:$K,monthly_work_hours!$A:$A,'FTE 계산'!$A258,monthly_work_hours!$F:$F,'FTE 계산'!G$2) -> 156 | H258: =(SUMIFS(monthly_work_hours!$G:$G,monthly_work_hours!$A:$A,'FTE 계산'!$A258,monthly_work_hours!$F:$F,'FTE 계산'!H$2)) - (SUMIFS(monthly_work_hours!$J:$J,monthly_work_hours!$A:$A,'FTE 계산'!$A258,monthly_work_hours!$F:$F,'FTE 계산'!H$2)) -> 19 | I258: =(SUMIFS(monthly_work_hours!$G:$G,monthly_work_hours!$A:$A,'FTE 계산'!$A258,monthly_work_hours!$F:$F,'FTE 계산'!I$2)) - (SUMIFS(monthly_work_hours!$J:$J,monthly_work_hours!$A:$A,'FTE 계산'!$A258,monthly_work_hours!$F:$F,'FTE 계산'!I$2)) -> 19 | J258: =(SUMIFS(monthly_work_hours!$G:$G,monthly_work_hours!$A:$A,'FTE 계산'!$A258,monthly_work_hours!$F:$F,'FTE 계산'!J$2)) - (SUMIFS(monthly_work_hours!$J:$J,monthly_work_hours!$A:$A,'FTE 계산'!$A258,monthly_work_hours!$F:$F,'FTE 계산'!J$2)) -> 16
A259: G221039 | B259: =_xlfn.XLOOKUP(A259,monthly_work_hours!A:A,monthly_work_hours!B:B) -> 김병호 | C259: =_xlfn.XLOOKUP(A259,monthly_work_hours!A:A,monthly_work_hours!C:C) -> 그룹홍보실 | D259: =_xlfn.XLOOKUP(A259,monthly_work_hours!A:A,monthly_work_hours!D:D) -> 책임 | E259: =SUMIFS(monthly_work_hours!$K:$K,monthly_work_hours!$A:$A,'FTE 계산'!$A259,monthly_work_hours!$F:$F,'FTE 계산'!E$2) -> 166.2 | F259: =SUMIFS(monthly_work_hours!$K:$K,monthly_work_hours!$A:$A,'FTE 계산'!$A259,monthly_work_hours!$F:$F,'FTE 계산'!F$2) -> 177.6 | G259: =SUMIFS(monthly_work_hours!$K:$K,monthly_work_hours!$A:$A,'FTE 계산'!$A259,monthly_work_hours!$F:$F,'FTE 계산'!G$2) -> 151.8 | H259: =(SUMIFS(monthly_work_hours!$G:$G,monthly_work_hours!$A:$A,'FTE 계산'!$A259,monthly_work_hours!$F:$F,'FTE 계산'!H$2)) - (SUMIFS(monthly_work_hours!$J:$J,monthly_work_hours!$A:$A,'FTE 계산'!$A259,monthly_work_hours!$F:$F,'FTE 계산'!H$2)) -> 19 | I259: =(SUMIFS(monthly_work_hours!$G:$G,monthly_work_hours!$A:$A,'FTE 계산'!$A259,monthly_work_hours!$F:$F,'FTE 계산'!I$2)) - (SUMIFS(monthly_work_hours!$J:$J,monthly_work_hours!$A:$A,'FTE 계산'!$A259,monthly_work_hours!$F:$F,'FTE 계산'!I$2)) -> 18 | J259: =(SUMIFS(monthly_work_hours!$G:$G,monthly_work_hours!$A:$A,'FTE 계산'!$A259,monthly_work_hours!$F:$F,'FTE 계산'!J$2)) - (SUMIFS(monthly_work_hours!$J:$J,monthly_work_hours!$A:$A,'FTE 계산'!$A259,monthly_work_hours!$F:$F,'FTE 계산'!J$2)) -> 16
A260: G221040 | B260: =_xlfn.XLOOKUP(A260,monthly_work_hours!A:A,monthly_work_hours!B:B) -> 심일욱 | C260: =_xlfn.XLOOKUP(A260,monthly_work_hours!A:A,monthly_work_hours!C:C) -> 그룹홍보실 | D260: =_xlfn.XLOOKUP(A260,monthly_work_hours!A:A,monthly_work_hours!D:D) -> 책임 | E260: =SUMIFS(monthly_work_hours!$K:$K,monthly_work_hours!$A:$A,'FTE 계산'!$A260,monthly_work_hours!$F:$F,'FTE 계산'!E$2) -> 157.6 | F260: =SUMIFS(monthly_work_hours!$K:$K,monthly_work_hours!$A:$A,'FTE 계산'!$A260,monthly_work_hours!$F:$F,'FTE 계산'!F$2) -> 177.1 | G260: =SUMIFS(monthly_work_hours!$K:$K,monthly_work_hours!$A:$A,'FTE 계산'!$A260,monthly_work_hours!$F:$F,'FTE 계산'!G$2) -> 145.7 | H260: =(SUMIFS(monthly_work_hours!$G:$G,monthly_work_hours!$A:$A,'FTE 계산'!$A260,monthly_work_hours!$F:$F,'FTE 계산'!H$2)) - (SUMIFS(monthly_work_hours!$J:$J,monthly_work_hours!$A:$A,'FTE 계산'!$A260,monthly_work_hours!$F:$F,'FTE 계산'!H$2)) -> 18 | I260: =(SUMIFS(monthly_work_hours!$G:$G,monthly_work_hours!$A:$A,'FTE 계산'!$A260,monthly_work_hours!$F:$F,'FTE 계산'!I$2)) - (SUMIFS(monthly_work_hours!$J:$J,monthly_work_hours!$A:$A,'FTE 계산'!$A260,monthly_work_hours!$F:$F,'FTE 계산'!I$2)) -> 19 | J260: =(SUMIFS(monthly_work_hours!$G:$G,monthly_work_hours!$A:$A,'FTE 계산'!$A260,monthly_work_hours!$F:$F,'FTE 계산'!J$2)) - (SUMIFS(monthly_work_hours!$J:$J,monthly_work_hours!$A:$A,'FTE 계산'!$A260,monthly_work_hours!$F:$F,'FTE 계산'!J$2)) -> 16
A261: G221041 | B261: =_xlfn.XLOOKUP(A261,monthly_work_hours!A:A,monthly_work_hours!B:B) -> 조현진 | C261: =_xlfn.XLOOKUP(A261,monthly_work_hours!A:A,monthly_work_hours!C:C) -> 회계팀 | D261: =_xlfn.XLOOKUP(A261,monthly_work_hours!A:A,monthly_work_hours!D:D) -> 책임 | E261: =SUMIFS(monthly_work_hours!$K:$K,monthly_work_hours!$A:$A,'FTE 계산'!$A261,monthly_work_hours!$F:$F,'FTE 계산'!E$2) -> 150.5 | F261: =SUMIFS(monthly_work_hours!$K:$K,monthly_work_hours!$A:$A,'FTE 계산'!$A261,monthly_work_hours!$F:$F,'FTE 계산'!F$2) -> 178.7 | G261: =SUMIFS(monthly_work_hours!$K:$K,monthly_work_hours!$A:$A,'FTE 계산'!$A261,monthly_work_hours!$F:$F,'FTE 계산'!G$2) -> 108.6 | H261: =(SUMIFS(monthly_work_hours!$G:$G,monthly_work_hours!$A:$A,'FTE 계산'!$A261,monthly_work_hours!$F:$F,'FTE 계산'!H$2)) - (SUMIFS(monthly_work_hours!$J:$J,monthly_work_hours!$A:$A,'FTE 계산'!$A261,monthly_work_hours!$F:$F,'FTE 계산'!H$2)) -> 19 | I261: =(SUMIFS(monthly_work_hours!$G:$G,monthly_work_hours!$A:$A,'FTE 계산'!$A261,monthly_work_hours!$F:$F,'FTE 계산'!I$2)) - (SUMIFS(monthly_work_hours!$J:$J,monthly_work_hours!$A:$A,'FTE 계산'!$A261,monthly_work_hours!$F:$F,'FTE 계산'!I$2)) -> 22 | J261: =(SUMIFS(monthly_work_hours!$G:$G,monthly_work_hours!$A:$A,'FTE 계산'!$A261,monthly_work_hours!$F:$F,'FTE 계산'!J$2)) - (SUMIFS(monthly_work_hours!$J:$J,monthly_work_hours!$A:$A,'FTE 계산'!$A261,monthly_work_hours!$F:$F,'FTE 계산'!J$2)) -> 15
A262: G221044 | B262: =_xlfn.XLOOKUP(A262,monthly_work_hours!A:A,monthly_work_hours!B:B) -> 최우석 | C262: =_xlfn.XLOOKUP(A262,monthly_work_hours!A:A,monthly_work_hours!C:C) -> 회계팀 | D262: =_xlfn.XLOOKUP(A262,monthly_work_hours!A:A,monthly_work_hours!D:D) -> 선임 | E262: =SUMIFS(monthly_work_hours!$K:$K,monthly_work_hours!$A:$A,'FTE 계산'!$A262,monthly_work_hours!$F:$F,'FTE 계산'!E$2) -> 496.1 | F262: =SUMIFS(monthly_work_hours!$K:$K,monthly_work_hours!$A:$A,'FTE 계산'!$A262,monthly_work_hours!$F:$F,'FTE 계산'!F$2) -> 411.1 | G262: =SUMIFS(monthly_work_hours!$K:$K,monthly_work_hours!$A:$A,'FTE 계산'!$A262,monthly_work_hours!$F:$F,'FTE 계산'!G$2) -> 138.3 | H262: =(SUMIFS(monthly_work_hours!$G:$G,monthly_work_hours!$A:$A,'FTE 계산'!$A262,monthly_work_hours!$F:$F,'FTE 계산'!H$2)) - (SUMIFS(monthly_work_hours!$J:$J,monthly_work_hours!$A:$A,'FTE 계산'!$A262,monthly_work_hours!$F:$F,'FTE 계산'!H$2)) -> 19 | I262: =(SUMIFS(monthly_work_hours!$G:$G,monthly_work_hours!$A:$A,'FTE 계산'!$A262,monthly_work_hours!$F:$F,'FTE 계산'!I$2)) - (SUMIFS(monthly_work_hours!$J:$J,monthly_work_hours!$A:$A,'FTE 계산'!$A262,monthly_work_hours!$F:$F,'FTE 계산'!I$2)) -> 21 | J262: =(SUMIFS(monthly_work_hours!$G:$G,monthly_work_hours!$A:$A,'FTE 계산'!$A262,monthly_work_hours!$F:$F,'FTE 계산'!J$2)) - (SUMIFS(monthly_work_hours!$J:$J,monthly_work_hours!$A:$A,'FTE 계산'!$A262,monthly_work_hours!$F:$F,'FTE 계산'!J$2)) -> 15
A263: G221045 | B263: =_xlfn.XLOOKUP(A263,monthly_work_hours!A:A,monthly_work_hours!B:B) -> 김태우 | C263: =_xlfn.XLOOKUP(A263,monthly_work_hours!A:A,monthly_work_hours!C:C) -> 자금팀 | D263: =_xlfn.XLOOKUP(A263,monthly_work_hours!A:A,monthly_work_hours!D:D) -> 선임 | E263: =SUMIFS(monthly_work_hours!$K:$K,monthly_work_hours!$A:$A,'FTE 계산'!$A263,monthly_work_hours!$F:$F,'FTE 계산'!E$2) -> 204.2 | F263: =SUMIFS(monthly_work_hours!$K:$K,monthly_work_hours!$A:$A,'FTE 계산'!$A263,monthly_work_hours!$F:$F,'FTE 계산'!F$2) -> 220.9 | G263: =SUMIFS(monthly_work_hours!$K:$K,monthly_work_hours!$A:$A,'FTE 계산'!$A263,monthly_work_hours!$F:$F,'FTE 계산'!G$2) -> 182.7 | H263: =(SUMIFS(monthly_work_hours!$G:$G,monthly_work_hours!$A:$A,'FTE 계산'!$A263,monthly_work_hours!$F:$F,'FTE 계산'!H$2)) - (SUMIFS(monthly_work_hours!$J:$J,monthly_work_hours!$A:$A,'FTE 계산'!$A263,monthly_work_hours!$F:$F,'FTE 계산'!H$2)) -> 19 | I263: =(SUMIFS(monthly_work_hours!$G:$G,monthly_work_hours!$A:$A,'FTE 계산'!$A263,monthly_work_hours!$F:$F,'FTE 계산'!I$2)) - (SUMIFS(monthly_work_hours!$J:$J,monthly_work_hours!$A:$A,'FTE 계산'!$A263,monthly_work_hours!$F:$F,'FTE 계산'!I$2)) -> 21 | J263: =(SUMIFS(monthly_work_hours!$G:$G,monthly_work_hours!$A:$A,'FTE 계산'!$A263,monthly_work_hours!$F:$F,'FTE 계산'!J$2)) - (SUMIFS(monthly_work_hours!$J:$J,monthly_work_hours!$A:$A,'FTE 계산'!$A263,monthly_work_hours!$F:$F,'FTE 계산'!J$2)) -> 17
A264: G221046 | B264: =_xlfn.XLOOKUP(A264,monthly_work_hours!A:A,monthly_work_hours!B:B) -> 김민석 | C264: =_xlfn.XLOOKUP(A264,monthly_work_hours!A:A,monthly_work_hours!C:C) -> 자금팀 | D264: =_xlfn.XLOOKUP(A264,monthly_work_hours!A:A,monthly_work_hours!D:D) -> 선임 | E264: =SUMIFS(monthly_work_hours!$K:$K,monthly_work_hours!$A:$A,'FTE 계산'!$A264,monthly_work_hours!$F:$F,'FTE 계산'!E$2) -> 171.9 | F264: =SUMIFS(monthly_work_hours!$K:$K,monthly_work_hours!$A:$A,'FTE 계산'!$A264,monthly_work_hours!$F:$F,'FTE 계산'!F$2) -> 248.9 | G264: =SUMIFS(monthly_work_hours!$K:$K,monthly_work_hours!$A:$A,'FTE 계산'!$A264,monthly_work_hours!$F:$F,'FTE 계산'!G$2) -> 188 | H264: =(SUMIFS(monthly_work_hours!$G:$G,monthly_work_hours!$A:$A,'FTE 계산'!$A264,monthly_work_hours!$F:$F,'FTE 계산'!H$2)) - (SUMIFS(monthly_work_hours!$J:$J,monthly_work_hours!$A:$A,'FTE 계산'!$A264,monthly_work_hours!$F:$F,'FTE 계산'!H$2)) -> 18 | I264: =(SUMIFS(monthly_work_hours!$G:$G,monthly_work_hours!$A:$A,'FTE 계산'!$A264,monthly_work_hours!$F:$F,'FTE 계산'!I$2)) - (SUMIFS(monthly_work_hours!$J:$J,monthly_work_hours!$A:$A,'FTE 계산'!$A264,monthly_work_hours!$F:$F,'FTE 계산'!I$2)) -> 21 | J264: =(SUMIFS(monthly_work_hours!$G:$G,monthly_work_hours!$A:$A,'FTE 계산'!$A264,monthly_work_hours!$F:$F,'FTE 계산'!J$2)) - (SUMIFS(monthly_work_hours!$J:$J,monthly_work_hours!$A:$A,'FTE 계산'!$A264,monthly_work_hours!$F:$F,'FTE 계산'!J$2)) -> 17
A265: G221047 | B265: =_xlfn.XLOOKUP(A265,monthly_work_hours!A:A,monthly_work_hours!B:B) -> 이가은 | C265: =_xlfn.XLOOKUP(A265,monthly_work_hours!A:A,monthly_work_hours!C:C) -> 회계팀 | D265: =_xlfn.XLOOKUP(A265,monthly_work_hours!A:A,monthly_work_hours!D:D) -> 선임 | E265: =SUMIFS(monthly_work_hours!$K:$K,monthly_work_hours!$A:$A,'FTE 계산'!$A265,monthly_work_hours!$F:$F,'FTE 계산'!E$2) -> 147.8 | F265: =SUMIFS(monthly_work_hours!$K:$K,monthly_work_hours!$A:$A,'FTE 계산'!$A265,monthly_work_hours!$F:$F,'FTE 계산'!F$2) -> 225.6 | G265: =SUMIFS(monthly_work_hours!$K:$K,monthly_work_hours!$A:$A,'FTE 계산'!$A265,monthly_work_hours!$F:$F,'FTE 계산'!G$2) -> 134.6 | H265: =(SUMIFS(monthly_work_hours!$G:$G,monthly_work_hours!$A:$A,'FTE 계산'!$A265,monthly_work_hours!$F:$F,'FTE 계산'!H$2)) - (SUMIFS(monthly_work_hours!$J:$J,monthly_work_hours!$A:$A,'FTE 계산'!$A265,monthly_work_hours!$F:$F,'FTE 계산'!H$2)) -> 16 | I265: =(SUMIFS(monthly_work_hours!$G:$G,monthly_work_hours!$A:$A,'FTE 계산'!$A265,monthly_work_hours!$F:$F,'FTE 계산'!I$2)) - (SUMIFS(monthly_work_hours!$J:$J,monthly_work_hours!$A:$A,'FTE 계산'!$A265,monthly_work_hours!$F:$F,'FTE 계산'!I$2)) -> 22 | J265: =(SUMIFS(monthly_work_hours!$G:$G,monthly_work_hours!$A:$A,'FTE 계산'!$A265,monthly_work_hours!$F:$F,'FTE 계산'!J$2)) - (SUMIFS(monthly_work_hours!$J:$J,monthly_work_hours!$A:$A,'FTE 계산'!$A265,monthly_work_hours!$F:$F,'FTE 계산'!J$2)) -> 16
... A503: G225053 | B503: =_xlfn.XLOOKUP(A503,monthly_work_hours!A:A,monthly_work_hours!B:B) -> 김종화 | C503: =_xlfn.XLOOKUP(A503,monthly_work_hours!A:A,monthly_work_hours!C:C) -> 자금팀 | D503: =_xlfn.XLOOKUP(A503,monthly_work_hours!A:A,monthly_work_hours!D:D) -> 사원 | E503: =SUMIFS(monthly_work_hours!$K:$K,monthly_work_hours!$A:$A,'FTE 계산'!$A503,monthly_work_hours!$F:$F,'FTE 계산'!E$2) -> 0 | F503: =SUMIFS(monthly_work_hours!$K:$K,monthly_work_hours!$A:$A,'FTE 계산'!$A503,monthly_work_hours!$F:$F,'FTE 계산'!F$2) -> 0 | G503: =SUMIFS(monthly_work_hours!$K:$K,monthly_work_hours!$A:$A,'FTE 계산'!$A503,monthly_work_hours!$F:$F,'FTE 계산'!G$2) -> 44.4 | H503: =(SUMIFS(monthly_work_hours!$G:$G,monthly_work_hours!$A:$A,'FTE 계산'!$A503,monthly_work_hours!$F:$F,'FTE 계산'!H$2)) - (SUMIFS(monthly_work_hours!$J:$J,monthly_work_hours!$A:$A,'FTE 계산'!$A503,monthly_work_hours!$F:$F,'FTE 계산'!H$2)) -> 0 | I503: =(SUMIFS(monthly_work_hours!$G:$G,monthly_work_hours!$A:$A,'FTE 계산'!$A503,monthly_work_hours!$F:$F,'FTE 계산'!I$2)) - (SUMIFS(monthly_work_hours!$J:$J,monthly_work_hours!$A:$A,'FTE 계산'!$A503,monthly_work_hours!$F:$F,'FTE 계산'!I$2)) -> 0 | J503: =(SUMIFS(monthly_work_hours!$G:$G,monthly_work_hours!$A:$A,'FTE 계산'!$A503,monthly_work_hours!$F:$F,'FTE 계산'!J$2)) - (SUMIFS(monthly_work_hours!$J:$J,monthly_work_hours!$A:$A,'FTE 계산'!$A503,monthly_work_hours!$F:$F,'FTE 계산'!J$2)) -> 6

Sheet Sheet3
B1: Corp. | F1: R&A | K1: 통합
B2: 전체 | C2: 책임 | D2: 선임 | E2: 사원 | F2: 전체 | G2: 책임 | H2: 선임 | I2: 사원 | K2: 전체 | L2: 책임 | M2: 선임 | N2: 사원
A3: 회장 | B3: 1 | C3: 0 | D3: 0 | E3: 0 | F3: 0 | G3: 0 | H3: 0 | I3: 0 | K3: =B3+F3 -> 1 | L3: =C3+G3 -> 0 | M3: =D3+H3 -> 0 | N3: =E3+I3 -> 0
A4: 부회장 | B4: 1 | C4: 0 | D4: 0 | E4: 0 | F4: 0 | G4: 0 | H4: 0 | I4: 0 | K4: =B4+F4 -> 1 | L4: =C4+G4 -> 0 | M4: =D4+H4 -> 0 | N4: =E4+I4 -> 0
A5: 대표이사 | B5: 1 | C5: 0 | D5: 0 | E5: 0 | F5: 0 | G5: 0 | H5: 0 | I5: 0 | K5: =B5+F5 -> 1 | L5: =C5+G5 -> 0 | M5: =D5+H5 -> 0 | N5: =E5+I5 -> 0
A6: CINO | B6: 1 | C6: 0 | D6: 0 | E6: 0 | F6: 0 | G6: 0 | H6: 0 | I6: 0 | K6: =B6+F6 -> 1 | L6: =C6+G6 -> 0 | M6: =D6+H6 -> 0 | N6: =E6+I6 -> 0
A7: HSMI | B7: 3 | C7: 1 | D7: 1 | E7: 0 | F7: 0 | G7: 0 | H7: 0 | I7: 0 | K7: =B7+F7 -> 3 | L7: =C7+G7 -> 1 | M7: =D7+H7 -> 1 | N7: =E7+I7 -> 0
A8: HSR | B8: 2 | C8: 1 | D8: 0 | E8: 0 | F8: 0 | G8: 0 | H8: 0 | I8: 0 | K8: =B8+F8 -> 2 | L8: =C8+G8 -> 1 | M8: =D8+H8 -> 0 | N8: =E8+I8 -> 0
A9: HSAM | B9: 6 | C9: 3 | D9: 1 | E9: 0 | F9: 0 | G9: 0 | H9: 0 | I9: 0 | K9: =B9+F9 -> 6 | L9: =C9+G9 -> 3 | M9: =D9+H9 -> 1 | N9: =E9+I9 -> 0
A10: HSI | B10: 6 | C10: 5 | D10: 0 | E10: 0 | F10: 0 | G10: 0 | H10: 0 | I10: 0 | K10: =B10+F10 -> 6 | L10: =C10+G10 -> 5 | M10: =D10+H10 -> 0 | N10: =E10+I10 -> 0
A11: HSAA | B11: 4 | C11: 2 | D11: 1 | E11: 0 | F11: 0 | G11: 0 | H11: 0 | I11: 0 | K11: =B11+F11 -> 4 | L11: =C11+G11 -> 2 | M11: =D11+H11 -> 1 | N11: =E11+I11 -> 0
A12: HSAU | B12: 2 | C12: 1 | D12: 0 | E12: 0 | F12: 0 | G12: 0 | H12: 0 | I12: 0 | K12: =B12+F12 -> 2 | L12: =C12+G12 -> 1 | M12: =D12+H12 -> 0 | N12: =E12+I12 -> 0
A13: HSID | B13: 1 | C13: 1 | D13: 0 | E13: 0 | F13: 0 | G13: 0 | H13: 0 | I13: 0 | K13: =B13+F13 -> 1 | L13: =C13+G13 -> 1 | M13: =D13+H13 -> 0 | N13: =E13+I13 -> 0
A14: HSEU | B14: 1 | C14: 1 | D14: 0 | E14: 0 | F14: 0 | G14: 0 | H14: 0 | I14: 0 | K14: =B14+F14 -> 1 | L14: =C14+G14 -> 1 | M14: =D14+H14 -> 0 | N14: =E14+I14 -> 0
... A123: SL사업본부 | B123: 0 | C123: 0 | D123: 0 | E123: 0 | F123: 1 | G123: 0 | H123: 0 | I123: 0 | K123: =B123+F123 -> 1 | L123: =C123+G123 -> 0 | M123: =D123+H123 -> 0 | N123: =E123+I123 -> 0
